split,class_name,label_kind,image_path,image_stem,num_felz_variants,chosen_variant,felz_raw_path,felz_boundary_path,felz_colored_path,felz_info_path
train,HLTY,healthy,D:\gemma4\segmentation_lattuce-desease\Roboflow_Dataset\train\HLTY\HLTY_0.jpg,HLTY_0,2,HLTY_0_s80_0_sg0_5_ms20,D:\gemma4\segmentation_lattuce-desease\felzenszwalb_masks_output\train\HLTY\HLTY_0_s80_0_sg0_5_ms20_raw.png,D:\gemma4\segmentation_lattuce-desease\felzenszwalb_masks_output\train\HLTY\HLTY_0_s80_0_sg0_5_ms20_boundary.png,D:\gemma4\segmentation_lattuce-desease\felzenszwalb_masks_output\train\HLTY\HLTY_0_s80_0_sg0_5_ms20_colored.png,D:\gemma4\segmentation_lattuce-desease\felzenszwalb_masks_output\train\HLTY\HLTY_0_s80_0_sg0_5_ms20_info.txt
train,HLTY,healthy,D:\gemma4\segmentation_lattuce-desease\Roboflow_Dataset\train\HLTY\HLTY_1.JPG,HLTY_1,2,HLTY_1_s80_0_sg0_5_ms20,D:\gemma4\segmentation_lattuce-desease\felzenszwalb_masks_output\train\HLTY\HLTY_1_s80_0_sg0_5_ms20_raw.png,D:\gemma4\segmentation_lattuce-desease\felzenszwalb_masks_output\train\HLTY\HLTY_1_s80_0_sg0_5_ms20_boundary.png,D:\gemma4\segmentation_lattuce-desease\felzenszwalb_masks_output\train\HLTY\HLTY_1_s80_0_sg0_5_ms20_colored.png,D:\gemma4\segmentation_lattuce-desease\felzenszwalb_masks_output\train\HLTY\HLTY_1_s80_0_sg0_5_ms20_info.txt
train,HLTY,healthy,D:\gemma4\segmentation_lattuce-desease\Roboflow_Dataset\train\HLTY\HLTY_10.JPG,HLTY_10,2,HLTY_10_s80_0_sg0_5_ms20,D:\gemma4\segmentation_lattuce-desease\felzenszwalb_masks_output\train\HLTY\HLTY_10_s80_0_sg0_5_ms20_raw.png,D:\gemma4\segmentation_lattuce-desease\felzenszwalb_masks_output\train\HLTY\HLTY_10_s80_0_sg0_5_ms20_boundary.png,D:\gemma4\segmentation_lattuce-desease\felzenszwalb_masks_output\train\HLTY\HLTY_10_s80_0_sg0_5_ms20_colored.png,D:\gemma4\segmentation_lattuce-desease\felzenszwalb_masks_output\train\HLTY\HLTY_10_s80_0_sg0_5_ms20_info.txt
train,HLTY,healthy,D:\gemma4\segmentation_lattuce-desease\Roboflow_Dataset\train\HLTY\HLTY_1000.JPG,HLTY_1000,2,HLTY_1000_s80_0_sg0_5_ms20,D:\gemma4\segmentation_lattuce-desease\felzenszwalb_masks_output\train\HLTY\HLTY_1000_s80_0_sg0_5_ms20_raw.png,D:\gemma4\segmentation_lattuce-desease\felzenszwalb_masks_output\train\HLTY\HLTY_1000_s80_0_sg0_5_ms20_boundary.png,D:\gemma4\segmentation_lattuce-desease\felzenszwalb_masks_output\train\HLTY\HLTY_1000_s80_0_sg0_5_ms20_colored.png,D:\gemma4\segmentation_lattuce-desease\felzenszwalb_masks_output\train\HLTY\HLTY_1000_s80_0_sg0_5_ms20_info.txt
train,HLTY,healthy,D:\gemma4\segmentation_lattuce-desease\Roboflow_Dataset\train\HLTY\HLTY_1001.JPG,HLTY_1001,2,HLTY_1001_s80_0_sg0_5_ms20,D:\gemma4\segmentation_lattuce-desease\felzenszwalb_masks_output\train\HLTY\HLTY_1001_s80_0_sg0_5_ms20_raw.png,D:\gemma4\segmentation_lattuce-desease\felzenszwalb_masks_output\train\HLTY\HLTY_1001_s80_0_sg0_5_ms20_boundary.png,D:\gemma4\segmentation_lattuce-desease\felzenszwalb_masks_output\train\HLTY\HLTY_1001_s80_0_sg0_5_ms20_colored.png,D:\gemma4\segmentation_lattuce-desease\felzenszwalb_masks_output\train\HLTY\HLTY_1001_s80_0_sg0_5_ms20_info.txt
train,HLTY,healthy,D:\gemma4\segmentation_lattuce-desease\Roboflow_Dataset\train\HLTY\HLTY_1002.JPG,HLTY_1002,2,HLTY_1002_s80_0_sg0_5_ms20,D:\gemma4\segmentation_lattuce-desease\felzenszwalb_masks_output\train\HLTY\HLTY_1002_s80_0_sg0_5_ms20_raw.png,D:\gemma4\segmentation_lattuce-desease\felzenszwalb_masks_output\train\HLTY\HLTY_1002_s80_0_sg0_5_ms20_boundary.png,D:\gemma4\segmentation_lattuce-desease\felzenszwalb_masks_output\train\HLTY\HLTY_1002_s80_0_sg0_5_ms20_colored.png,D:\gemma4\segmentation_lattuce-desease\felzenszwalb_masks_output\train\HLTY\HLTY_1002_s80_0_sg0_5_ms20_info.txt
train,HLTY,healthy,D:\gemma4\segmentation_lattuce-desease\Roboflow_Dataset\train\HLTY\HLTY_1003.JPG,HLTY_1003,2,HLTY_1003_s80_0_sg0_5_ms20,D:\gemma4\segmentation_lattuce-desease\felzenszwalb_masks_output\train\HLTY\HLTY_1003_s80_0_sg0_5_ms20_raw.png,D:\gemma4\segmentation_lattuce-desease\felzenszwalb_masks_output\train\HLTY\HLTY_1003_s80_0_sg0_5_ms20_boundary.png,D:\gemma4\segmentation_lattuce-desease\felzenszwalb_masks_output\train\HLTY\HLTY_1003_s80_0_sg0_5_ms20_colored.png,D:\gemma4\segmentation_lattuce-desease\felzenszwalb_masks_output\train\HLTY\HLTY_1003_s80_0_sg0_5_ms20_info.txt
train,HLTY,healthy,D:\gemma4\segmentation_lattuce-desease\Roboflow_Dataset\train\HLTY\HLTY_1004.JPG,HLTY_1004,2,HLTY_1004_s80_0_sg0_5_ms20,D:\gemma4\segmentation_lattuce-desease\felzenszwalb_masks_output\train\HLTY\HLTY_1004_s80_0_sg0_5_ms20_raw.png,D:\gemma4\segmentation_lattuce-desease\felzenszwalb_masks_output\train\HLTY\HLTY_1004_s80_0_sg0_5_ms20_boundary.png,D:\gemma4\segmentation_lattuce-desease\felzenszwalb_masks_output\train\HLTY\HLTY_1004_s80_0_sg0_5_ms20_colored.png,D:\gemma4\segmentation_lattuce-desease\felzenszwalb_masks_output\train\HLTY\HLTY_1004_s80_0_sg0_5_ms20_info.txt
train,HLTY,healthy,D:\gemma4\segmentation_lattuce-desease\Roboflow_Dataset\train\HLTY\HLTY_1005.JPG,HLTY_1005,2,HLTY_1005_s80_0_sg0_5_ms20,D:\gemma4\segmentation_lattuce-desease\felzenszwalb_masks_output\train\HLTY\HLTY_1005_s80_0_sg0_5_ms20_raw.png,D:\gemma4\segmentation_lattuce-desease\felzenszwalb_masks_output\train\HLTY\HLTY_1005_s80_0_sg0_5_ms20_boundary.png,D:\gemma4\segmentation_lattuce-desease\felzenszwalb_masks_output\train\HLTY\HLTY_1005_s80_0_sg0_5_ms20_colored.png,D:\gemma4\segmentation_lattuce-desease\felzenszwalb_masks_output\train\HLTY\HLTY_1005_s80_0_sg0_5_ms20_info.txt
train,HLTY,healthy,D:\gemma4\segmentation_lattuce-desease\Roboflow_Dataset\train\HLTY\HLTY_1007.JPG,HLTY_1007,2,HLTY_1007_s80_0_sg0_5_ms20,D:\gemma4\segmentation_lattuce-desease\felzenszwalb_masks_output\train\HLTY\HLTY_1007_s80_0_sg0_5_ms20_raw.png,D:\gemma4\segmentation_lattuce-desease\felzenszwalb_masks_output\train\HLTY\HLTY_1007_s80_0_sg0_5_ms20_boundary.png,D:\gemma4\segmentation_lattuce-desease\felzenszwalb_masks_output\train\HLTY\HLTY_1007_s80_0_sg0_5_ms20_colored.png,D:\gemma4\segmentation_lattuce-desease\felzenszwalb_masks_output\train\HLTY\HLTY_1007_s80_0_sg0_5_ms20_info.txt
train,HLTY,healthy,D:\gemma4\segmentation_lattuce-desease\Roboflow_Dataset\train\HLTY\HLTY_1009.JPG,HLTY_1009,2,HLTY_1009_s80_0_sg0_5_ms20,D:\gemma4\segmentation_lattuce-desease\felzenszwalb_masks_output\train\HLTY\HLTY_1009_s80_0_sg0_5_ms20_raw.png,D:\gemma4\segmentation_lattuce-desease\felzenszwalb_masks_output\train\HLTY\HLTY_1009_s80_0_sg0_5_ms20_boundary.png,D:\gemma4\segmentation_lattuce-desease\felzenszwalb_masks_output\train\HLTY\HLTY_1009_s80_0_sg0_5_ms20_colored.png,D:\gemma4\segmentation_lattuce-desease\felzenszwalb_masks_output\train\HLTY\HLTY_1009_s80_0_sg0_5_ms20_info.txt
train,HLTY,healthy,D:\gemma4\segmentation_lattuce-desease\Roboflow_Dataset\train\HLTY\HLTY_101.JPG,HLTY_101,2,HLTY_101_s80_0_sg0_5_ms20,D:\gemma4\segmentation_lattuce-desease\felzenszwalb_masks_output\train\HLTY\HLTY_101_s80_0_sg0_5_ms20_raw.png,D:\gemma4\segmentation_lattuce-desease\felzenszwalb_masks_output\train\HLTY\HLTY_101_s80_0_sg0_5_ms20_boundary.png,D:\gemma4\segmentation_lattuce-desease\felzenszwalb_masks_output\train\HLTY\HLTY_101_s80_0_sg0_5_ms20_colored.png,D:\gemma4\segmentation_lattuce-desease\felzenszwalb_masks_output\train\HLTY\HLTY_101_s80_0_sg0_5_ms20_info.txt
train,HLTY,healthy,D:\gemma4\segmentation_lattuce-desease\Roboflow_Dataset\train\HLTY\HLTY_1010.JPG,HLTY_1010,2,HLTY_1010_s80_0_sg0_5_ms20,D:\gemma4\segmentation_lattuce-desease\felzenszwalb_masks_output\train\HLTY\HLTY_1010_s80_0_sg0_5_ms20_raw.png,D:\gemma4\segmentation_lattuce-desease\felzenszwalb_masks_output\train\HLTY\HLTY_1010_s80_0_sg0_5_ms20_boundary.png,D:\gemma4\segmentation_lattuce-desease\felzenszwalb_masks_output\train\HLTY\HLTY_1010_s80_0_sg0_5_ms20_colored.png,D:\gemma4\segmentation_lattuce-desease\felzenszwalb_masks_output\train\HLTY\HLTY_1010_s80_0_sg0_5_ms20_info.txt
train,HLTY,healthy,D:\gemma4\segmentation_lattuce-desease\Roboflow_Dataset\train\HLTY\HLTY_1011.JPG,HLTY_1011,2,HLTY_1011_s80_0_sg0_5_ms20,D:\gemma4\segmentation_lattuce-desease\felzenszwalb_masks_output\train\HLTY\HLTY_1011_s80_0_sg0_5_ms20_raw.png,D:\gemma4\segmentation_lattuce-desease\felzenszwalb_masks_output\train\HLTY\HLTY_1011_s80_0_sg0_5_ms20_boundary.png,D:\gemma4\segmentation_lattuce-desease\felzenszwalb_masks_output\train\HLTY\HLTY_1011_s80_0_sg0_5_ms20_colored.png,D:\gemma4\segmentation_lattuce-desease\felzenszwalb_masks_output\train\HLTY\HLTY_1011_s80_0_sg0_5_ms20_info.txt
train,HLTY,healthy,D:\gemma4\segmentation_lattuce-desease\Roboflow_Dataset\train\HLTY\HLTY_1012.JPG,HLTY_1012,2,HLTY_1012_s80_0_sg0_5_ms20,D:\gemma4\segmentation_lattuce-desease\felzenszwalb_masks_output\train\HLTY\HLTY_1012_s80_0_sg0_5_ms20_raw.png,D:\gemma4\segmentation_lattuce-desease\felzenszwalb_masks_output\train\HLTY\HLTY_1012_s80_0_sg0_5_ms20_boundary.png,D:\gemma4\segmentation_lattuce-desease\felzenszwalb_masks_output\train\HLTY\HLTY_1012_s80_0_sg0_5_ms20_colored.png,D:\gemma4\segmentation_lattuce-desease\felzenszwalb_masks_output\train\HLTY\HLTY_1012_s80_0_sg0_5_ms20_info.txt
train,HLTY,healthy,D:\gemma4\segmentation_lattuce-desease\Roboflow_Dataset\train\HLTY\HLTY_1013.JPG,HLTY_1013,2,HLTY_1013_s80_0_sg0_5_ms20,D:\gemma4\segmentation_lattuce-desease\felzenszwalb_masks_output\train\HLTY\HLTY_1013_s80_0_sg0_5_ms20_raw.png,D:\gemma4\segmentation_lattuce-desease\felzenszwalb_masks_output\train\HLTY\HLTY_1013_s80_0_sg0_5_ms20_boundary.png,D:\gemma4\segmentation_lattuce-desease\felzenszwalb_masks_output\train\HLTY\HLTY_1013_s80_0_sg0_5_ms20_colored.png,D:\gemma4\segmentation_lattuce-desease\felzenszwalb_masks_output\train\HLTY\HLTY_1013_s80_0_sg0_5_ms20_info.txt
train,HLTY,healthy,D:\gemma4\segmentation_lattuce-desease\Roboflow_Dataset\train\HLTY\HLTY_1014.JPG,HLTY_1014,2,HLTY_1014_s80_0_sg0_5_ms20,D:\gemma4\segmentation_lattuce-desease\felzenszwalb_masks_output\train\HLTY\HLTY_1014_s80_0_sg0_5_ms20_raw.png,D:\gemma4\segmentation_lattuce-desease\felzenszwalb_masks_output\train\HLTY\HLTY_1014_s80_0_sg0_5_ms20_boundary.png,D:\gemma4\segmentation_lattuce-desease\felzenszwalb_masks_output\train\HLTY\HLTY_1014_s80_0_sg0_5_ms20_colored.png,D:\gemma4\segmentation_lattuce-desease\felzenszwalb_masks_output\train\HLTY\HLTY_1014_s80_0_sg0_5_ms20_info.txt
train,HLTY,healthy,D:\gemma4\segmentation_lattuce-desease\Roboflow_Dataset\train\HLTY\HLTY_1015.JPG,HLTY_1015,2,HLTY_1015_s80_0_sg0_5_ms20,D:\gemma4\segmentation_lattuce-desease\felzenszwalb_masks_output\train\HLTY\HLTY_1015_s80_0_sg0_5_ms20_raw.png,D:\gemma4\segmentation_lattuce-desease\felzenszwalb_masks_output\train\HLTY\HLTY_1015_s80_0_sg0_5_ms20_boundary.png,D:\gemma4\segmentation_lattuce-desease\felzenszwalb_masks_output\train\HLTY\HLTY_1015_s80_0_sg0_5_ms20_colored.png,D:\gemma4\segmentation_lattuce-desease\felzenszwalb_masks_output\train\HLTY\HLTY_1015_s80_0_sg0_5_ms20_info.txt
train,HLTY,healthy,D:\gemma4\segmentation_lattuce-desease\Roboflow_Dataset\train\HLTY\HLTY_1016.JPG,HLTY_1016,2,HLTY_1016_s80_0_sg0_5_ms20,D:\gemma4\segmentation_lattuce-desease\felzenszwalb_masks_output\train\HLTY\HLTY_1016_s80_0_sg0_5_ms20_raw.png,D:\gemma4\segmentation_lattuce-desease\felzenszwalb_masks_output\train\HLTY\HLTY_1016_s80_0_sg0_5_ms20_boundary.png,D:\gemma4\segmentation_lattuce-desease\felzenszwalb_masks_output\train\HLTY\HLTY_1016_s80_0_sg0_5_ms20_colored.png,D:\gemma4\segmentation_lattuce-desease\felzenszwalb_masks_output\train\HLTY\HLTY_1016_s80_0_sg0_5_ms20_info.txt
train,HLTY,healthy,D:\gemma4\segmentation_lattuce-desease\Roboflow_Dataset\train\HLTY\HLTY_1017.JPG,HLTY_1017,2,HLTY_1017_s80_0_sg0_5_ms20,D:\gemma4\segmentation_lattuce-desease\felzenszwalb_masks_output\train\HLTY\HLTY_1017_s80_0_sg0_5_ms20_raw.png,D:\gemma4\segmentation_lattuce-desease\felzenszwalb_masks_output\train\HLTY\HLTY_1017_s80_0_sg0_5_ms20_boundary.png,D:\gemma4\segmentation_lattuce-desease\felzenszwalb_masks_output\train\HLTY\HLTY_1017_s80_0_sg0_5_ms20_colored.png,D:\gemma4\segmentation_lattuce-desease\felzenszwalb_masks_output\train\HLTY\HLTY_1017_s80_0_sg0_5_ms20_info.txt
train,HLTY,healthy,D:\gemma4\segmentation_lattuce-desease\Roboflow_Dataset\train\HLTY\HLTY_1019.JPG,HLTY_1019,2,HLTY_1019_s80_0_sg0_5_ms20,D:\gemma4\segmentation_lattuce-desease\felzenszwalb_masks_output\train\HLTY\HLTY_1019_s80_0_sg0_5_ms20_raw.png,D:\gemma4\segmentation_lattuce-desease\felzenszwalb_masks_output\train\HLTY\HLTY_1019_s80_0_sg0_5_ms20_boundary.png,D:\gemma4\segmentation_lattuce-desease\felzenszwalb_masks_output\train\HLTY\HLTY_1019_s80_0_sg0_5_ms20_colored.png,D:\gemma4\segmentation_lattuce-desease\felzenszwalb_masks_output\train\HLTY\HLTY_1019_s80_0_sg0_5_ms20_info.txt
train,HLTY,healthy,D:\gemma4\segmentation_lattuce-desease\Roboflow_Dataset\train\HLTY\HLTY_102.jpg,HLTY_102,2,HLTY_102_s80_0_sg0_5_ms20,D:\gemma4\segmentation_lattuce-desease\felzenszwalb_masks_output\train\HLTY\HLTY_102_s80_0_sg0_5_ms20_raw.png,D:\gemma4\segmentation_lattuce-desease\felzenszwalb_masks_output\train\HLTY\HLTY_102_s80_0_sg0_5_ms20_boundary.png,D:\gemma4\segmentation_lattuce-desease\felzenszwalb_masks_output\train\HLTY\HLTY_102_s80_0_sg0_5_ms20_colored.png,D:\gemma4\segmentation_lattuce-desease\felzenszwalb_masks_output\train\HLTY\HLTY_102_s80_0_sg0_5_ms20_info.txt
train,HLTY,healthy,D:\gemma4\segmentation_lattuce-desease\Roboflow_Dataset\train\HLTY\HLTY_1020.JPG,HLTY_1020,2,HLTY_1020_s80_0_sg0_5_ms20,D:\gemma4\segmentation_lattuce-desease\felzenszwalb_masks_output\train\HLTY\HLTY_1020_s80_0_sg0_5_ms20_raw.png,D:\gemma4\segmentation_lattuce-desease\felzenszwalb_masks_output\train\HLTY\HLTY_1020_s80_0_sg0_5_ms20_boundary.png,D:\gemma4\segmentation_lattuce-desease\felzenszwalb_masks_output\train\HLTY\HLTY_1020_s80_0_sg0_5_ms20_colored.png,D:\gemma4\segmentation_lattuce-desease\felzenszwalb_masks_output\train\HLTY\HLTY_1020_s80_0_sg0_5_ms20_info.txt
train,HLTY,healthy,D:\gemma4\segmentation_lattuce-desease\Roboflow_Dataset\train\HLTY\HLTY_1021.JPG,HLTY_1021,2,HLTY_1021_s80_0_sg0_5_ms20,D:\gemma4\segmentation_lattuce-desease\felzenszwalb_masks_output\train\HLTY\HLTY_1021_s80_0_sg0_5_ms20_raw.png,D:\gemma4\segmentation_lattuce-desease\felzenszwalb_masks_output\train\HLTY\HLTY_1021_s80_0_sg0_5_ms20_boundary.png,D:\gemma4\segmentation_lattuce-desease\felzenszwalb_masks_output\train\HLTY\HLTY_1021_s80_0_sg0_5_ms20_colored.png,D:\gemma4\segmentation_lattuce-desease\felzenszwalb_masks_output\train\HLTY\HLTY_1021_s80_0_sg0_5_ms20_info.txt
train,HLTY,healthy,D:\gemma4\segmentation_lattuce-desease\Roboflow_Dataset\train\HLTY\HLTY_1022.JPG,HLTY_1022,2,HLTY_1022_s80_0_sg0_5_ms20,D:\gemma4\segmentation_lattuce-desease\felzenszwalb_masks_output\train\HLTY\HLTY_1022_s80_0_sg0_5_ms20_raw.png,D:\gemma4\segmentation_lattuce-desease\felzenszwalb_masks_output\train\HLTY\HLTY_1022_s80_0_sg0_5_ms20_boundary.png,D:\gemma4\segmentation_lattuce-desease\felzenszwalb_masks_output\train\HLTY\HLTY_1022_s80_0_sg0_5_ms20_colored.png,D:\gemma4\segmentation_lattuce-desease\felzenszwalb_masks_output\train\HLTY\HLTY_1022_s80_0_sg0_5_ms20_info.txt
train,HLTY,healthy,D:\gemma4\segmentation_lattuce-desease\Roboflow_Dataset\train\HLTY\HLTY_1023.JPG,HLTY_1023,2,HLTY_1023_s80_0_sg0_5_ms20,D:\gemma4\segmentation_lattuce-desease\felzenszwalb_masks_output\train\HLTY\HLTY_1023_s80_0_sg0_5_ms20_raw.png,D:\gemma4\segmentation_lattuce-desease\felzenszwalb_masks_output\train\HLTY\HLTY_1023_s80_0_sg0_5_ms20_boundary.png,D:\gemma4\segmentation_lattuce-desease\felzenszwalb_masks_output\train\HLTY\HLTY_1023_s80_0_sg0_5_ms20_colored.png,D:\gemma4\segmentation_lattuce-desease\felzenszwalb_masks_output\train\HLTY\HLTY_1023_s80_0_sg0_5_ms20_info.txt
train,HLTY,healthy,D:\gemma4\segmentation_lattuce-desease\Roboflow_Dataset\train\HLTY\HLTY_1026.JPG,HLTY_1026,2,HLTY_1026_s80_0_sg0_5_ms20,D:\gemma4\segmentation_lattuce-desease\felzenszwalb_masks_output\train\HLTY\HLTY_1026_s80_0_sg0_5_ms20_raw.png,D:\gemma4\segmentation_lattuce-desease\felzenszwalb_masks_output\train\HLTY\HLTY_1026_s80_0_sg0_5_ms20_boundary.png,D:\gemma4\segmentation_lattuce-desease\felzenszwalb_masks_output\train\HLTY\HLTY_1026_s80_0_sg0_5_ms20_colored.png,D:\gemma4\segmentation_lattuce-desease\felzenszwalb_masks_output\train\HLTY\HLTY_1026_s80_0_sg0_5_ms20_info.txt
train,HLTY,healthy,D:\gemma4\segmentation_lattuce-desease\Roboflow_Dataset\train\HLTY\HLTY_1027.JPG,HLTY_1027,2,HLTY_1027_s80_0_sg0_5_ms20,D:\gemma4\segmentation_lattuce-desease\felzenszwalb_masks_output\train\HLTY\HLTY_1027_s80_0_sg0_5_ms20_raw.png,D:\gemma4\segmentation_lattuce-desease\felzenszwalb_masks_output\train\HLTY\HLTY_1027_s80_0_sg0_5_ms20_boundary.png,D:\gemma4\segmentation_lattuce-desease\felzenszwalb_masks_output\train\HLTY\HLTY_1027_s80_0_sg0_5_ms20_colored.png,D:\gemma4\segmentation_lattuce-desease\felzenszwalb_masks_output\train\HLTY\HLTY_1027_s80_0_sg0_5_ms20_info.txt
train,HLTY,healthy,D:\gemma4\segmentation_lattuce-desease\Roboflow_Dataset\train\HLTY\HLTY_1028.JPG,HLTY_1028,2,HLTY_1028_s80_0_sg0_5_ms20,D:\gemma4\segmentation_lattuce-desease\felzenszwalb_masks_output\train\HLTY\HLTY_1028_s80_0_sg0_5_ms20_raw.png,D:\gemma4\segmentation_lattuce-desease\felzenszwalb_masks_output\train\HLTY\HLTY_1028_s80_0_sg0_5_ms20_boundary.png,D:\gemma4\segmentation_lattuce-desease\felzenszwalb_masks_output\train\HLTY\HLTY_1028_s80_0_sg0_5_ms20_colored.png,D:\gemma4\segmentation_lattuce-desease\felzenszwalb_masks_output\train\HLTY\HLTY_1028_s80_0_sg0_5_ms20_info.txt
train,HLTY,healthy,D:\gemma4\segmentation_lattuce-desease\Roboflow_Dataset\train\HLTY\HLTY_1029.JPG,HLTY_1029,2,HLTY_1029_s80_0_sg0_5_ms20,D:\gemma4\segmentation_lattuce-desease\felzenszwalb_masks_output\train\HLTY\HLTY_1029_s80_0_sg0_5_ms20_raw.png,D:\gemma4\segmentation_lattuce-desease\felzenszwalb_masks_output\train\HLTY\HLTY_1029_s80_0_sg0_5_ms20_boundary.png,D:\gemma4\segmentation_lattuce-desease\felzenszwalb_masks_output\train\HLTY\HLTY_1029_s80_0_sg0_5_ms20_colored.png,D:\gemma4\segmentation_lattuce-desease\felzenszwalb_masks_output\train\HLTY\HLTY_1029_s80_0_sg0_5_ms20_info.txt
train,HLTY,healthy,D:\gemma4\segmentation_lattuce-desease\Roboflow_Dataset\train\HLTY\HLTY_103.jpg,HLTY_103,2,HLTY_103_s80_0_sg0_5_ms20,D:\gemma4\segmentation_lattuce-desease\felzenszwalb_masks_output\train\HLTY\HLTY_103_s80_0_sg0_5_ms20_raw.png,D:\gemma4\segmentation_lattuce-desease\felzenszwalb_masks_output\train\HLTY\HLTY_103_s80_0_sg0_5_ms20_boundary.png,D:\gemma4\segmentation_lattuce-desease\felzenszwalb_masks_output\train\HLTY\HLTY_103_s80_0_sg0_5_ms20_colored.png,D:\gemma4\segmentation_lattuce-desease\felzenszwalb_masks_output\train\HLTY\HLTY_103_s80_0_sg0_5_ms20_info.txt
train,HLTY,healthy,D:\gemma4\segmentation_lattuce-desease\Roboflow_Dataset\train\HLTY\HLTY_1030.JPG,HLTY_1030,2,HLTY_1030_s80_0_sg0_5_ms20,D:\gemma4\segmentation_lattuce-desease\felzenszwalb_masks_output\train\HLTY\HLTY_1030_s80_0_sg0_5_ms20_raw.png,D:\gemma4\segmentation_lattuce-desease\felzenszwalb_masks_output\train\HLTY\HLTY_1030_s80_0_sg0_5_ms20_boundary.png,D:\gemma4\segmentation_lattuce-desease\felzenszwalb_masks_output\train\HLTY\HLTY_1030_s80_0_sg0_5_ms20_colored.png,D:\gemma4\segmentation_lattuce-desease\felzenszwalb_masks_output\train\HLTY\HLTY_1030_s80_0_sg0_5_ms20_info.txt
train,HLTY,healthy,D:\gemma4\segmentation_lattuce-desease\Roboflow_Dataset\train\HLTY\HLTY_1031.JPG,HLTY_1031,2,HLTY_1031_s80_0_sg0_5_ms20,D:\gemma4\segmentation_lattuce-desease\felzenszwalb_masks_output\train\HLTY\HLTY_1031_s80_0_sg0_5_ms20_raw.png,D:\gemma4\segmentation_lattuce-desease\felzenszwalb_masks_output\train\HLTY\HLTY_1031_s80_0_sg0_5_ms20_boundary.png,D:\gemma4\segmentation_lattuce-desease\felzenszwalb_masks_output\train\HLTY\HLTY_1031_s80_0_sg0_5_ms20_colored.png,D:\gemma4\segmentation_lattuce-desease\felzenszwalb_masks_output\train\HLTY\HLTY_1031_s80_0_sg0_5_ms20_info.txt
train,HLTY,healthy,D:\gemma4\segmentation_lattuce-desease\Roboflow_Dataset\train\HLTY\HLTY_1033.JPG,HLTY_1033,2,HLTY_1033_s80_0_sg0_5_ms20,D:\gemma4\segmentation_lattuce-desease\felzenszwalb_masks_output\train\HLTY\HLTY_1033_s80_0_sg0_5_ms20_raw.png,D:\gemma4\segmentation_lattuce-desease\felzenszwalb_masks_output\train\HLTY\HLTY_1033_s80_0_sg0_5_ms20_boundary.png,D:\gemma4\segmentation_lattuce-desease\felzenszwalb_masks_output\train\HLTY\HLTY_1033_s80_0_sg0_5_ms20_colored.png,D:\gemma4\segmentation_lattuce-desease\felzenszwalb_masks_output\train\HLTY\HLTY_1033_s80_0_sg0_5_ms20_info.txt
train,HLTY,healthy,D:\gemma4\segmentation_lattuce-desease\Roboflow_Dataset\train\HLTY\HLTY_1034.JPG,HLTY_1034,2,HLTY_1034_s80_0_sg0_5_ms20,D:\gemma4\segmentation_lattuce-desease\felzenszwalb_masks_output\train\HLTY\HLTY_1034_s80_0_sg0_5_ms20_raw.png,D:\gemma4\segmentation_lattuce-desease\felzenszwalb_masks_output\train\HLTY\HLTY_1034_s80_0_sg0_5_ms20_boundary.png,D:\gemma4\segmentation_lattuce-desease\felzenszwalb_masks_output\train\HLTY\HLTY_1034_s80_0_sg0_5_ms20_colored.png,D:\gemma4\segmentation_lattuce-desease\felzenszwalb_masks_output\train\HLTY\HLTY_1034_s80_0_sg0_5_ms20_info.txt
train,HLTY,healthy,D:\gemma4\segmentation_lattuce-desease\Roboflow_Dataset\train\HLTY\HLTY_1035.JPG,HLTY_1035,2,HLTY_1035_s80_0_sg0_5_ms20,D:\gemma4\segmentation_lattuce-desease\felzenszwalb_masks_output\train\HLTY\HLTY_1035_s80_0_sg0_5_ms20_raw.png,D:\gemma4\segmentation_lattuce-desease\felzenszwalb_masks_output\train\HLTY\HLTY_1035_s80_0_sg0_5_ms20_boundary.png,D:\gemma4\segmentation_lattuce-desease\felzenszwalb_masks_output\train\HLTY\HLTY_1035_s80_0_sg0_5_ms20_colored.png,D:\gemma4\segmentation_lattuce-desease\felzenszwalb_masks_output\train\HLTY\HLTY_1035_s80_0_sg0_5_ms20_info.txt
train,HLTY,healthy,D:\gemma4\segmentation_lattuce-desease\Roboflow_Dataset\train\HLTY\HLTY_1036.JPG,HLTY_1036,2,HLTY_1036_s80_0_sg0_5_ms20,D:\gemma4\segmentation_lattuce-desease\felzenszwalb_masks_output\train\HLTY\HLTY_1036_s80_0_sg0_5_ms20_raw.png,D:\gemma4\segmentation_lattuce-desease\felzenszwalb_masks_output\train\HLTY\HLTY_1036_s80_0_sg0_5_ms20_boundary.png,D:\gemma4\segmentation_lattuce-desease\felzenszwalb_masks_output\train\HLTY\HLTY_1036_s80_0_sg0_5_ms20_colored.png,D:\gemma4\segmentation_lattuce-desease\felzenszwalb_masks_output\train\HLTY\HLTY_1036_s80_0_sg0_5_ms20_info.txt
train,HLTY,healthy,D:\gemma4\segmentation_lattuce-desease\Roboflow_Dataset\train\HLTY\HLTY_1038.JPG,HLTY_1038,2,HLTY_1038_s80_0_sg0_5_ms20,D:\gemma4\segmentation_lattuce-desease\felzenszwalb_masks_output\train\HLTY\HLTY_1038_s80_0_sg0_5_ms20_raw.png,D:\gemma4\segmentation_lattuce-desease\felzenszwalb_masks_output\train\HLTY\HLTY_1038_s80_0_sg0_5_ms20_boundary.png,D:\gemma4\segmentation_lattuce-desease\felzenszwalb_masks_output\train\HLTY\HLTY_1038_s80_0_sg0_5_ms20_colored.png,D:\gemma4\segmentation_lattuce-desease\felzenszwalb_masks_output\train\HLTY\HLTY_1038_s80_0_sg0_5_ms20_info.txt
train,HLTY,healthy,D:\gemma4\segmentation_lattuce-desease\Roboflow_Dataset\train\HLTY\HLTY_1039.JPG,HLTY_1039,2,HLTY_1039_s80_0_sg0_5_ms20,D:\gemma4\segmentation_lattuce-desease\felzenszwalb_masks_output\train\HLTY\HLTY_1039_s80_0_sg0_5_ms20_raw.png,D:\gemma4\segmentation_lattuce-desease\felzenszwalb_masks_output\train\HLTY\HLTY_1039_s80_0_sg0_5_ms20_boundary.png,D:\gemma4\segmentation_lattuce-desease\felzenszwalb_masks_output\train\HLTY\HLTY_1039_s80_0_sg0_5_ms20_colored.png,D:\gemma4\segmentation_lattuce-desease\felzenszwalb_masks_output\train\HLTY\HLTY_1039_s80_0_sg0_5_ms20_info.txt
train,HLTY,healthy,D:\gemma4\segmentation_lattuce-desease\Roboflow_Dataset\train\HLTY\HLTY_104.jpg,HLTY_104,2,HLTY_104_s80_0_sg0_5_ms20,D:\gemma4\segmentation_lattuce-desease\felzenszwalb_masks_output\train\HLTY\HLTY_104_s80_0_sg0_5_ms20_raw.png,D:\gemma4\segmentation_lattuce-desease\felzenszwalb_masks_output\train\HLTY\HLTY_104_s80_0_sg0_5_ms20_boundary.png,D:\gemma4\segmentation_lattuce-desease\felzenszwalb_masks_output\train\HLTY\HLTY_104_s80_0_sg0_5_ms20_colored.png,D:\gemma4\segmentation_lattuce-desease\felzenszwalb_masks_output\train\HLTY\HLTY_104_s80_0_sg0_5_ms20_info.txt
train,HLTY,healthy,D:\gemma4\segmentation_lattuce-desease\Roboflow_Dataset\train\HLTY\HLTY_1040.JPG,HLTY_1040,2,HLTY_1040_s80_0_sg0_5_ms20,D:\gemma4\segmentation_lattuce-desease\felzenszwalb_masks_output\train\HLTY\HLTY_1040_s80_0_sg0_5_ms20_raw.png,D:\gemma4\segmentation_lattuce-desease\felzenszwalb_masks_output\train\HLTY\HLTY_1040_s80_0_sg0_5_ms20_boundary.png,D:\gemma4\segmentation_lattuce-desease\felzenszwalb_masks_output\train\HLTY\HLTY_1040_s80_0_sg0_5_ms20_colored.png,D:\gemma4\segmentation_lattuce-desease\felzenszwalb_masks_output\train\HLTY\HLTY_1040_s80_0_sg0_5_ms20_info.txt
train,HLTY,healthy,D:\gemma4\segmentation_lattuce-desease\Roboflow_Dataset\train\HLTY\HLTY_1042.JPG,HLTY_1042,2,HLTY_1042_s80_0_sg0_5_ms20,D:\gemma4\segmentation_lattuce-desease\felzenszwalb_masks_output\train\HLTY\HLTY_1042_s80_0_sg0_5_ms20_raw.png,D:\gemma4\segmentation_lattuce-desease\felzenszwalb_masks_output\train\HLTY\HLTY_1042_s80_0_sg0_5_ms20_boundary.png,D:\gemma4\segmentation_lattuce-desease\felzenszwalb_masks_output\train\HLTY\HLTY_1042_s80_0_sg0_5_ms20_colored.png,D:\gemma4\segmentation_lattuce-desease\felzenszwalb_masks_output\train\HLTY\HLTY_1042_s80_0_sg0_5_ms20_info.txt
train,HLTY,healthy,D:\gemma4\segmentation_lattuce-desease\Roboflow_Dataset\train\HLTY\HLTY_1044.JPG,HLTY_1044,2,HLTY_1044_s80_0_sg0_5_ms20,D:\gemma4\segmentation_lattuce-desease\felzenszwalb_masks_output\train\HLTY\HLTY_1044_s80_0_sg0_5_ms20_raw.png,D:\gemma4\segmentation_lattuce-desease\felzenszwalb_masks_output\train\HLTY\HLTY_1044_s80_0_sg0_5_ms20_boundary.png,D:\gemma4\segmentation_lattuce-desease\felzenszwalb_masks_output\train\HLTY\HLTY_1044_s80_0_sg0_5_ms20_colored.png,D:\gemma4\segmentation_lattuce-desease\felzenszwalb_masks_output\train\HLTY\HLTY_1044_s80_0_sg0_5_ms20_info.txt
train,HLTY,healthy,D:\gemma4\segmentation_lattuce-desease\Roboflow_Dataset\train\HLTY\HLTY_1045.JPG,HLTY_1045,2,HLTY_1045_s80_0_sg0_5_ms20,D:\gemma4\segmentation_lattuce-desease\felzenszwalb_masks_output\train\HLTY\HLTY_1045_s80_0_sg0_5_ms20_raw.png,D:\gemma4\segmentation_lattuce-desease\felzenszwalb_masks_output\train\HLTY\HLTY_1045_s80_0_sg0_5_ms20_boundary.png,D:\gemma4\segmentation_lattuce-desease\felzenszwalb_masks_output\train\HLTY\HLTY_1045_s80_0_sg0_5_ms20_colored.png,D:\gemma4\segmentation_lattuce-desease\felzenszwalb_masks_output\train\HLTY\HLTY_1045_s80_0_sg0_5_ms20_info.txt
train,HLTY,healthy,D:\gemma4\segmentation_lattuce-desease\Roboflow_Dataset\train\HLTY\HLTY_1047.JPG,HLTY_1047,2,HLTY_1047_s80_0_sg0_5_ms20,D:\gemma4\segmentation_lattuce-desease\felzenszwalb_masks_output\train\HLTY\HLTY_1047_s80_0_sg0_5_ms20_raw.png,D:\gemma4\segmentation_lattuce-desease\felzenszwalb_masks_output\train\HLTY\HLTY_1047_s80_0_sg0_5_ms20_boundary.png,D:\gemma4\segmentation_lattuce-desease\felzenszwalb_masks_output\train\HLTY\HLTY_1047_s80_0_sg0_5_ms20_colored.png,D:\gemma4\segmentation_lattuce-desease\felzenszwalb_masks_output\train\HLTY\HLTY_1047_s80_0_sg0_5_ms20_info.txt
train,HLTY,healthy,D:\gemma4\segmentation_lattuce-desease\Roboflow_Dataset\train\HLTY\HLTY_1049.JPG,HLTY_1049,2,HLTY_1049_s80_0_sg0_5_ms20,D:\gemma4\segmentation_lattuce-desease\felzenszwalb_masks_output\train\HLTY\HLTY_1049_s80_0_sg0_5_ms20_raw.png,D:\gemma4\segmentation_lattuce-desease\felzenszwalb_masks_output\train\HLTY\HLTY_1049_s80_0_sg0_5_ms20_boundary.png,D:\gemma4\segmentation_lattuce-desease\felzenszwalb_masks_output\train\HLTY\HLTY_1049_s80_0_sg0_5_ms20_colored.png,D:\gemma4\segmentation_lattuce-desease\felzenszwalb_masks_output\train\HLTY\HLTY_1049_s80_0_sg0_5_ms20_info.txt
train,HLTY,healthy,D:\gemma4\segmentation_lattuce-desease\Roboflow_Dataset\train\HLTY\HLTY_1051.JPG,HLTY_1051,2,HLTY_1051_s80_0_sg0_5_ms20,D:\gemma4\segmentation_lattuce-desease\felzenszwalb_masks_output\train\HLTY\HLTY_1051_s80_0_sg0_5_ms20_raw.png,D:\gemma4\segmentation_lattuce-desease\felzenszwalb_masks_output\train\HLTY\HLTY_1051_s80_0_sg0_5_ms20_boundary.png,D:\gemma4\segmentation_lattuce-desease\felzenszwalb_masks_output\train\HLTY\HLTY_1051_s80_0_sg0_5_ms20_colored.png,D:\gemma4\segmentation_lattuce-desease\felzenszwalb_masks_output\train\HLTY\HLTY_1051_s80_0_sg0_5_ms20_info.txt
train,HLTY,healthy,D:\gemma4\segmentation_lattuce-desease\Roboflow_Dataset\train\HLTY\HLTY_1052.JPG,HLTY_1052,2,HLTY_1052_s80_0_sg0_5_ms20,D:\gemma4\segmentation_lattuce-desease\felzenszwalb_masks_output\train\HLTY\HLTY_1052_s80_0_sg0_5_ms20_raw.png,D:\gemma4\segmentation_lattuce-desease\felzenszwalb_masks_output\train\HLTY\HLTY_1052_s80_0_sg0_5_ms20_boundary.png,D:\gemma4\segmentation_lattuce-desease\felzenszwalb_masks_output\train\HLTY\HLTY_1052_s80_0_sg0_5_ms20_colored.png,D:\gemma4\segmentation_lattuce-desease\felzenszwalb_masks_output\train\HLTY\HLTY_1052_s80_0_sg0_5_ms20_info.txt
train,HLTY,healthy,D:\gemma4\segmentation_lattuce-desease\Roboflow_Dataset\train\HLTY\HLTY_1053.JPG,HLTY_1053,2,HLTY_1053_s80_0_sg0_5_ms20,D:\gemma4\segmentation_lattuce-desease\felzenszwalb_masks_output\train\HLTY\HLTY_1053_s80_0_sg0_5_ms20_raw.png,D:\gemma4\segmentation_lattuce-desease\felzenszwalb_masks_output\train\HLTY\HLTY_1053_s80_0_sg0_5_ms20_boundary.png,D:\gemma4\segmentation_lattuce-desease\felzenszwalb_masks_output\train\HLTY\HLTY_1053_s80_0_sg0_5_ms20_colored.png,D:\gemma4\segmentation_lattuce-desease\felzenszwalb_masks_output\train\HLTY\HLTY_1053_s80_0_sg0_5_ms20_info.txt
train,HLTY,healthy,D:\gemma4\segmentation_lattuce-desease\Roboflow_Dataset\train\HLTY\HLTY_1055.JPG,HLTY_1055,2,HLTY_1055_s80_0_sg0_5_ms20,D:\gemma4\segmentation_lattuce-desease\felzenszwalb_masks_output\train\HLTY\HLTY_1055_s80_0_sg0_5_ms20_raw.png,D:\gemma4\segmentation_lattuce-desease\felzenszwalb_masks_output\train\HLTY\HLTY_1055_s80_0_sg0_5_ms20_boundary.png,D:\gemma4\segmentation_lattuce-desease\felzenszwalb_masks_output\train\HLTY\HLTY_1055_s80_0_sg0_5_ms20_colored.png,D:\gemma4\segmentation_lattuce-desease\felzenszwalb_masks_output\train\HLTY\HLTY_1055_s80_0_sg0_5_ms20_info.txt
train,HLTY,healthy,D:\gemma4\segmentation_lattuce-desease\Roboflow_Dataset\train\HLTY\HLTY_1056.JPG,HLTY_1056,2,HLTY_1056_s80_0_sg0_5_ms20,D:\gemma4\segmentation_lattuce-desease\felzenszwalb_masks_output\train\HLTY\HLTY_1056_s80_0_sg0_5_ms20_raw.png,D:\gemma4\segmentation_lattuce-desease\felzenszwalb_masks_output\train\HLTY\HLTY_1056_s80_0_sg0_5_ms20_boundary.png,D:\gemma4\segmentation_lattuce-desease\felzenszwalb_masks_output\train\HLTY\HLTY_1056_s80_0_sg0_5_ms20_colored.png,D:\gemma4\segmentation_lattuce-desease\felzenszwalb_masks_output\train\HLTY\HLTY_1056_s80_0_sg0_5_ms20_info.txt
train,HLTY,healthy,D:\gemma4\segmentation_lattuce-desease\Roboflow_Dataset\train\HLTY\HLTY_1059.JPG,HLTY_1059,2,HLTY_1059_s80_0_sg0_5_ms20,D:\gemma4\segmentation_lattuce-desease\felzenszwalb_masks_output\train\HLTY\HLTY_1059_s80_0_sg0_5_ms20_raw.png,D:\gemma4\segmentation_lattuce-desease\felzenszwalb_masks_output\train\HLTY\HLTY_1059_s80_0_sg0_5_ms20_boundary.png,D:\gemma4\segmentation_lattuce-desease\felzenszwalb_masks_output\train\HLTY\HLTY_1059_s80_0_sg0_5_ms20_colored.png,D:\gemma4\segmentation_lattuce-desease\felzenszwalb_masks_output\train\HLTY\HLTY_1059_s80_0_sg0_5_ms20_info.txt
train,HLTY,healthy,D:\gemma4\segmentation_lattuce-desease\Roboflow_Dataset\train\HLTY\HLTY_106.jpg,HLTY_106,2,HLTY_106_s80_0_sg0_5_ms20,D:\gemma4\segmentation_lattuce-desease\felzenszwalb_masks_output\train\HLTY\HLTY_106_s80_0_sg0_5_ms20_raw.png,D:\gemma4\segmentation_lattuce-desease\felzenszwalb_masks_output\train\HLTY\HLTY_106_s80_0_sg0_5_ms20_boundary.png,D:\gemma4\segmentation_lattuce-desease\felzenszwalb_masks_output\train\HLTY\HLTY_106_s80_0_sg0_5_ms20_colored.png,D:\gemma4\segmentation_lattuce-desease\felzenszwalb_masks_output\train\HLTY\HLTY_106_s80_0_sg0_5_ms20_info.txt
train,HLTY,healthy,D:\gemma4\segmentation_lattuce-desease\Roboflow_Dataset\train\HLTY\HLTY_1061.JPG,HLTY_1061,2,HLTY_1061_s80_0_sg0_5_ms20,D:\gemma4\segmentation_lattuce-desease\felzenszwalb_masks_output\train\HLTY\HLTY_1061_s80_0_sg0_5_ms20_raw.png,D:\gemma4\segmentation_lattuce-desease\felzenszwalb_masks_output\train\HLTY\HLTY_1061_s80_0_sg0_5_ms20_boundary.png,D:\gemma4\segmentation_lattuce-desease\felzenszwalb_masks_output\train\HLTY\HLTY_1061_s80_0_sg0_5_ms20_colored.png,D:\gemma4\segmentation_lattuce-desease\felzenszwalb_masks_output\train\HLTY\HLTY_1061_s80_0_sg0_5_ms20_info.txt
train,HLTY,healthy,D:\gemma4\segmentation_lattuce-desease\Roboflow_Dataset\train\HLTY\HLTY_1062.JPG,HLTY_1062,2,HLTY_1062_s80_0_sg0_5_ms20,D:\gemma4\segmentation_lattuce-desease\felzenszwalb_masks_output\train\HLTY\HLTY_1062_s80_0_sg0_5_ms20_raw.png,D:\gemma4\segmentation_lattuce-desease\felzenszwalb_masks_output\train\HLTY\HLTY_1062_s80_0_sg0_5_ms20_boundary.png,D:\gemma4\segmentation_lattuce-desease\felzenszwalb_masks_output\train\HLTY\HLTY_1062_s80_0_sg0_5_ms20_colored.png,D:\gemma4\segmentation_lattuce-desease\felzenszwalb_masks_output\train\HLTY\HLTY_1062_s80_0_sg0_5_ms20_info.txt
train,HLTY,healthy,D:\gemma4\segmentation_lattuce-desease\Roboflow_Dataset\train\HLTY\HLTY_1063.JPG,HLTY_1063,2,HLTY_1063_s80_0_sg0_5_ms20,D:\gemma4\segmentation_lattuce-desease\felzenszwalb_masks_output\train\HLTY\HLTY_1063_s80_0_sg0_5_ms20_raw.png,D:\gemma4\segmentation_lattuce-desease\felzenszwalb_masks_output\train\HLTY\HLTY_1063_s80_0_sg0_5_ms20_boundary.png,D:\gemma4\segmentation_lattuce-desease\felzenszwalb_masks_output\train\HLTY\HLTY_1063_s80_0_sg0_5_ms20_colored.png,D:\gemma4\segmentation_lattuce-desease\felzenszwalb_masks_output\train\HLTY\HLTY_1063_s80_0_sg0_5_ms20_info.txt
train,HLTY,healthy,D:\gemma4\segmentation_lattuce-desease\Roboflow_Dataset\train\HLTY\HLTY_1064.JPG,HLTY_1064,2,HLTY_1064_s80_0_sg0_5_ms20,D:\gemma4\segmentation_lattuce-desease\felzenszwalb_masks_output\train\HLTY\HLTY_1064_s80_0_sg0_5_ms20_raw.png,D:\gemma4\segmentation_lattuce-desease\felzenszwalb_masks_output\train\HLTY\HLTY_1064_s80_0_sg0_5_ms20_boundary.png,D:\gemma4\segmentation_lattuce-desease\felzenszwalb_masks_output\train\HLTY\HLTY_1064_s80_0_sg0_5_ms20_colored.png,D:\gemma4\segmentation_lattuce-desease\felzenszwalb_masks_output\train\HLTY\HLTY_1064_s80_0_sg0_5_ms20_info.txt
train,HLTY,healthy,D:\gemma4\segmentation_lattuce-desease\Roboflow_Dataset\train\HLTY\HLTY_1065.JPG,HLTY_1065,1,HLTY_1065_s120_0_sg0_6_ms12,D:\gemma4\segmentation_lattuce-desease\felzenszwalb_masks_output\train\HLTY\HLTY_1065_s120_0_sg0_6_ms12_raw.png,D:\gemma4\segmentation_lattuce-desease\felzenszwalb_masks_output\train\HLTY\HLTY_1065_s120_0_sg0_6_ms12_boundary.png,D:\gemma4\segmentation_lattuce-desease\felzenszwalb_masks_output\train\HLTY\HLTY_1065_s120_0_sg0_6_ms12_colored.png,D:\gemma4\segmentation_lattuce-desease\felzenszwalb_masks_output\train\HLTY\HLTY_1065_s120_0_sg0_6_ms12_info.txt
train,HLTY,healthy,D:\gemma4\segmentation_lattuce-desease\Roboflow_Dataset\train\HLTY\HLTY_1067.JPG,HLTY_1067,2,HLTY_1067_s80_0_sg0_5_ms20,D:\gemma4\segmentation_lattuce-desease\felzenszwalb_masks_output\train\HLTY\HLTY_1067_s80_0_sg0_5_ms20_raw.png,D:\gemma4\segmentation_lattuce-desease\felzenszwalb_masks_output\train\HLTY\HLTY_1067_s80_0_sg0_5_ms20_boundary.png,D:\gemma4\segmentation_lattuce-desease\felzenszwalb_masks_output\train\HLTY\HLTY_1067_s80_0_sg0_5_ms20_colored.png,D:\gemma4\segmentation_lattuce-desease\felzenszwalb_masks_output\train\HLTY\HLTY_1067_s80_0_sg0_5_ms20_info.txt
train,HLTY,healthy,D:\gemma4\segmentation_lattuce-desease\Roboflow_Dataset\train\HLTY\HLTY_1069.JPG,HLTY_1069,2,HLTY_1069_s80_0_sg0_5_ms20,D:\gemma4\segmentation_lattuce-desease\felzenszwalb_masks_output\train\HLTY\HLTY_1069_s80_0_sg0_5_ms20_raw.png,D:\gemma4\segmentation_lattuce-desease\felzenszwalb_masks_output\train\HLTY\HLTY_1069_s80_0_sg0_5_ms20_boundary.png,D:\gemma4\segmentation_lattuce-desease\felzenszwalb_masks_output\train\HLTY\HLTY_1069_s80_0_sg0_5_ms20_colored.png,D:\gemma4\segmentation_lattuce-desease\felzenszwalb_masks_output\train\HLTY\HLTY_1069_s80_0_sg0_5_ms20_info.txt
train,HLTY,healthy,D:\gemma4\segmentation_lattuce-desease\Roboflow_Dataset\train\HLTY\HLTY_107.jpg,HLTY_107,2,HLTY_107_s80_0_sg0_5_ms20,D:\gemma4\segmentation_lattuce-desease\felzenszwalb_masks_output\train\HLTY\HLTY_107_s80_0_sg0_5_ms20_raw.png,D:\gemma4\segmentation_lattuce-desease\felzenszwalb_masks_output\train\HLTY\HLTY_107_s80_0_sg0_5_ms20_boundary.png,D:\gemma4\segmentation_lattuce-desease\felzenszwalb_masks_output\train\HLTY\HLTY_107_s80_0_sg0_5_ms20_colored.png,D:\gemma4\segmentation_lattuce-desease\felzenszwalb_masks_output\train\HLTY\HLTY_107_s80_0_sg0_5_ms20_info.txt
train,HLTY,healthy,D:\gemma4\segmentation_lattuce-desease\Roboflow_Dataset\train\HLTY\HLTY_1070.JPG,HLTY_1070,2,HLTY_1070_s80_0_sg0_5_ms20,D:\gemma4\segmentation_lattuce-desease\felzenszwalb_masks_output\train\HLTY\HLTY_1070_s80_0_sg0_5_ms20_raw.png,D:\gemma4\segmentation_lattuce-desease\felzenszwalb_masks_output\train\HLTY\HLTY_1070_s80_0_sg0_5_ms20_boundary.png,D:\gemma4\segmentation_lattuce-desease\felzenszwalb_masks_output\train\HLTY\HLTY_1070_s80_0_sg0_5_ms20_colored.png,D:\gemma4\segmentation_lattuce-desease\felzenszwalb_masks_output\train\HLTY\HLTY_1070_s80_0_sg0_5_ms20_info.txt
train,HLTY,healthy,D:\gemma4\segmentation_lattuce-desease\Roboflow_Dataset\train\HLTY\HLTY_1071.JPG,HLTY_1071,2,HLTY_1071_s80_0_sg0_5_ms20,D:\gemma4\segmentation_lattuce-desease\felzenszwalb_masks_output\train\HLTY\HLTY_1071_s80_0_sg0_5_ms20_raw.png,D:\gemma4\segmentation_lattuce-desease\felzenszwalb_masks_output\train\HLTY\HLTY_1071_s80_0_sg0_5_ms20_boundary.png,D:\gemma4\segmentation_lattuce-desease\felzenszwalb_masks_output\train\HLTY\HLTY_1071_s80_0_sg0_5_ms20_colored.png,D:\gemma4\segmentation_lattuce-desease\felzenszwalb_masks_output\train\HLTY\HLTY_1071_s80_0_sg0_5_ms20_info.txt
train,HLTY,healthy,D:\gemma4\segmentation_lattuce-desease\Roboflow_Dataset\train\HLTY\HLTY_1073.JPG,HLTY_1073,2,HLTY_1073_s80_0_sg0_5_ms20,D:\gemma4\segmentation_lattuce-desease\felzenszwalb_masks_output\train\HLTY\HLTY_1073_s80_0_sg0_5_ms20_raw.png,D:\gemma4\segmentation_lattuce-desease\felzenszwalb_masks_output\train\HLTY\HLTY_1073_s80_0_sg0_5_ms20_boundary.png,D:\gemma4\segmentation_lattuce-desease\felzenszwalb_masks_output\train\HLTY\HLTY_1073_s80_0_sg0_5_ms20_colored.png,D:\gemma4\segmentation_lattuce-desease\felzenszwalb_masks_output\train\HLTY\HLTY_1073_s80_0_sg0_5_ms20_info.txt
train,HLTY,healthy,D:\gemma4\segmentation_lattuce-desease\Roboflow_Dataset\train\HLTY\HLTY_1074.JPG,HLTY_1074,2,HLTY_1074_s80_0_sg0_5_ms20,D:\gemma4\segmentation_lattuce-desease\felzenszwalb_masks_output\train\HLTY\HLTY_1074_s80_0_sg0_5_ms20_raw.png,D:\gemma4\segmentation_lattuce-desease\felzenszwalb_masks_output\train\HLTY\HLTY_1074_s80_0_sg0_5_ms20_boundary.png,D:\gemma4\segmentation_lattuce-desease\felzenszwalb_masks_output\train\HLTY\HLTY_1074_s80_0_sg0_5_ms20_colored.png,D:\gemma4\segmentation_lattuce-desease\felzenszwalb_masks_output\train\HLTY\HLTY_1074_s80_0_sg0_5_ms20_info.txt
train,HLTY,healthy,D:\gemma4\segmentation_lattuce-desease\Roboflow_Dataset\train\HLTY\HLTY_1076.JPG,HLTY_1076,2,HLTY_1076_s80_0_sg0_5_ms20,D:\gemma4\segmentation_lattuce-desease\felzenszwalb_masks_output\train\HLTY\HLTY_1076_s80_0_sg0_5_ms20_raw.png,D:\gemma4\segmentation_lattuce-desease\felzenszwalb_masks_output\train\HLTY\HLTY_1076_s80_0_sg0_5_ms20_boundary.png,D:\gemma4\segmentation_lattuce-desease\felzenszwalb_masks_output\train\HLTY\HLTY_1076_s80_0_sg0_5_ms20_colored.png,D:\gemma4\segmentation_lattuce-desease\felzenszwalb_masks_output\train\HLTY\HLTY_1076_s80_0_sg0_5_ms20_info.txt
train,HLTY,healthy,D:\gemma4\segmentation_lattuce-desease\Roboflow_Dataset\train\HLTY\HLTY_1078.JPG,HLTY_1078,2,HLTY_1078_s80_0_sg0_5_ms20,D:\gemma4\segmentation_lattuce-desease\felzenszwalb_masks_output\train\HLTY\HLTY_1078_s80_0_sg0_5_ms20_raw.png,D:\gemma4\segmentation_lattuce-desease\felzenszwalb_masks_output\train\HLTY\HLTY_1078_s80_0_sg0_5_ms20_boundary.png,D:\gemma4\segmentation_lattuce-desease\felzenszwalb_masks_output\train\HLTY\HLTY_1078_s80_0_sg0_5_ms20_colored.png,D:\gemma4\segmentation_lattuce-desease\felzenszwalb_masks_output\train\HLTY\HLTY_1078_s80_0_sg0_5_ms20_info.txt
train,HLTY,healthy,D:\gemma4\segmentation_lattuce-desease\Roboflow_Dataset\train\HLTY\HLTY_1079.JPG,HLTY_1079,2,HLTY_1079_s80_0_sg0_5_ms20,D:\gemma4\segmentation_lattuce-desease\felzenszwalb_masks_output\train\HLTY\HLTY_1079_s80_0_sg0_5_ms20_raw.png,D:\gemma4\segmentation_lattuce-desease\felzenszwalb_masks_output\train\HLTY\HLTY_1079_s80_0_sg0_5_ms20_boundary.png,D:\gemma4\segmentation_lattuce-desease\felzenszwalb_masks_output\train\HLTY\HLTY_1079_s80_0_sg0_5_ms20_colored.png,D:\gemma4\segmentation_lattuce-desease\felzenszwalb_masks_output\train\HLTY\HLTY_1079_s80_0_sg0_5_ms20_info.txt
train,HLTY,healthy,D:\gemma4\segmentation_lattuce-desease\Roboflow_Dataset\train\HLTY\HLTY_108.jpg,HLTY_108,2,HLTY_108_s80_0_sg0_5_ms20,D:\gemma4\segmentation_lattuce-desease\felzenszwalb_masks_output\train\HLTY\HLTY_108_s80_0_sg0_5_ms20_raw.png,D:\gemma4\segmentation_lattuce-desease\felzenszwalb_masks_output\train\HLTY\HLTY_108_s80_0_sg0_5_ms20_boundary.png,D:\gemma4\segmentation_lattuce-desease\felzenszwalb_masks_output\train\HLTY\HLTY_108_s80_0_sg0_5_ms20_colored.png,D:\gemma4\segmentation_lattuce-desease\felzenszwalb_masks_output\train\HLTY\HLTY_108_s80_0_sg0_5_ms20_info.txt
train,HLTY,healthy,D:\gemma4\segmentation_lattuce-desease\Roboflow_Dataset\train\HLTY\HLTY_1080.JPG,HLTY_1080,2,HLTY_1080_s80_0_sg0_5_ms20,D:\gemma4\segmentation_lattuce-desease\felzenszwalb_masks_output\train\HLTY\HLTY_1080_s80_0_sg0_5_ms20_raw.png,D:\gemma4\segmentation_lattuce-desease\felzenszwalb_masks_output\train\HLTY\HLTY_1080_s80_0_sg0_5_ms20_boundary.png,D:\gemma4\segmentation_lattuce-desease\felzenszwalb_masks_output\train\HLTY\HLTY_1080_s80_0_sg0_5_ms20_colored.png,D:\gemma4\segmentation_lattuce-desease\felzenszwalb_masks_output\train\HLTY\HLTY_1080_s80_0_sg0_5_ms20_info.txt
train,HLTY,healthy,D:\gemma4\segmentation_lattuce-desease\Roboflow_Dataset\train\HLTY\HLTY_1081.JPG,HLTY_1081,2,HLTY_1081_s80_0_sg0_5_ms20,D:\gemma4\segmentation_lattuce-desease\felzenszwalb_masks_output\train\HLTY\HLTY_1081_s80_0_sg0_5_ms20_raw.png,D:\gemma4\segmentation_lattuce-desease\felzenszwalb_masks_output\train\HLTY\HLTY_1081_s80_0_sg0_5_ms20_boundary.png,D:\gemma4\segmentation_lattuce-desease\felzenszwalb_masks_output\train\HLTY\HLTY_1081_s80_0_sg0_5_ms20_colored.png,D:\gemma4\segmentation_lattuce-desease\felzenszwalb_masks_output\train\HLTY\HLTY_1081_s80_0_sg0_5_ms20_info.txt
train,HLTY,healthy,D:\gemma4\segmentation_lattuce-desease\Roboflow_Dataset\train\HLTY\HLTY_1082.JPG,HLTY_1082,2,HLTY_1082_s80_0_sg0_5_ms20,D:\gemma4\segmentation_lattuce-desease\felzenszwalb_masks_output\train\HLTY\HLTY_1082_s80_0_sg0_5_ms20_raw.png,D:\gemma4\segmentation_lattuce-desease\felzenszwalb_masks_output\train\HLTY\HLTY_1082_s80_0_sg0_5_ms20_boundary.png,D:\gemma4\segmentation_lattuce-desease\felzenszwalb_masks_output\train\HLTY\HLTY_1082_s80_0_sg0_5_ms20_colored.png,D:\gemma4\segmentation_lattuce-desease\felzenszwalb_masks_output\train\HLTY\HLTY_1082_s80_0_sg0_5_ms20_info.txt
train,HLTY,healthy,D:\gemma4\segmentation_lattuce-desease\Roboflow_Dataset\train\HLTY\HLTY_1083.JPG,HLTY_1083,2,HLTY_1083_s80_0_sg0_5_ms20,D:\gemma4\segmentation_lattuce-desease\felzenszwalb_masks_output\train\HLTY\HLTY_1083_s80_0_sg0_5_ms20_raw.png,D:\gemma4\segmentation_lattuce-desease\felzenszwalb_masks_output\train\HLTY\HLTY_1083_s80_0_sg0_5_ms20_boundary.png,D:\gemma4\segmentation_lattuce-desease\felzenszwalb_masks_output\train\HLTY\HLTY_1083_s80_0_sg0_5_ms20_colored.png,D:\gemma4\segmentation_lattuce-desease\felzenszwalb_masks_output\train\HLTY\HLTY_1083_s80_0_sg0_5_ms20_info.txt
train,HLTY,healthy,D:\gemma4\segmentation_lattuce-desease\Roboflow_Dataset\train\HLTY\HLTY_1085.JPG,HLTY_1085,2,HLTY_1085_s80_0_sg0_5_ms20,D:\gemma4\segmentation_lattuce-desease\felzenszwalb_masks_output\train\HLTY\HLTY_1085_s80_0_sg0_5_ms20_raw.png,D:\gemma4\segmentation_lattuce-desease\felzenszwalb_masks_output\train\HLTY\HLTY_1085_s80_0_sg0_5_ms20_boundary.png,D:\gemma4\segmentation_lattuce-desease\felzenszwalb_masks_output\train\HLTY\HLTY_1085_s80_0_sg0_5_ms20_colored.png,D:\gemma4\segmentation_lattuce-desease\felzenszwalb_masks_output\train\HLTY\HLTY_1085_s80_0_sg0_5_ms20_info.txt
train,HLTY,healthy,D:\gemma4\segmentation_lattuce-desease\Roboflow_Dataset\train\HLTY\HLTY_1086.JPG,HLTY_1086,2,HLTY_1086_s80_0_sg0_5_ms20,D:\gemma4\segmentation_lattuce-desease\felzenszwalb_masks_output\train\HLTY\HLTY_1086_s80_0_sg0_5_ms20_raw.png,D:\gemma4\segmentation_lattuce-desease\felzenszwalb_masks_output\train\HLTY\HLTY_1086_s80_0_sg0_5_ms20_boundary.png,D:\gemma4\segmentation_lattuce-desease\felzenszwalb_masks_output\train\HLTY\HLTY_1086_s80_0_sg0_5_ms20_colored.png,D:\gemma4\segmentation_lattuce-desease\felzenszwalb_masks_output\train\HLTY\HLTY_1086_s80_0_sg0_5_ms20_info.txt
train,HLTY,healthy,D:\gemma4\segmentation_lattuce-desease\Roboflow_Dataset\train\HLTY\HLTY_1087.JPG,HLTY_1087,2,HLTY_1087_s80_0_sg0_5_ms20,D:\gemma4\segmentation_lattuce-desease\felzenszwalb_masks_output\train\HLTY\HLTY_1087_s80_0_sg0_5_ms20_raw.png,D:\gemma4\segmentation_lattuce-desease\felzenszwalb_masks_output\train\HLTY\HLTY_1087_s80_0_sg0_5_ms20_boundary.png,D:\gemma4\segmentation_lattuce-desease\felzenszwalb_masks_output\train\HLTY\HLTY_1087_s80_0_sg0_5_ms20_colored.png,D:\gemma4\segmentation_lattuce-desease\felzenszwalb_masks_output\train\HLTY\HLTY_1087_s80_0_sg0_5_ms20_info.txt
train,HLTY,healthy,D:\gemma4\segmentation_lattuce-desease\Roboflow_Dataset\train\HLTY\HLTY_109.jpg,HLTY_109,2,HLTY_109_s80_0_sg0_5_ms20,D:\gemma4\segmentation_lattuce-desease\felzenszwalb_masks_output\train\HLTY\HLTY_109_s80_0_sg0_5_ms20_raw.png,D:\gemma4\segmentation_lattuce-desease\felzenszwalb_masks_output\train\HLTY\HLTY_109_s80_0_sg0_5_ms20_boundary.png,D:\gemma4\segmentation_lattuce-desease\felzenszwalb_masks_output\train\HLTY\HLTY_109_s80_0_sg0_5_ms20_colored.png,D:\gemma4\segmentation_lattuce-desease\felzenszwalb_masks_output\train\HLTY\HLTY_109_s80_0_sg0_5_ms20_info.txt
train,HLTY,healthy,D:\gemma4\segmentation_lattuce-desease\Roboflow_Dataset\train\HLTY\HLTY_1090.JPG,HLTY_1090,2,HLTY_1090_s80_0_sg0_5_ms20,D:\gemma4\segmentation_lattuce-desease\felzenszwalb_masks_output\train\HLTY\HLTY_1090_s80_0_sg0_5_ms20_raw.png,D:\gemma4\segmentation_lattuce-desease\felzenszwalb_masks_output\train\HLTY\HLTY_1090_s80_0_sg0_5_ms20_boundary.png,D:\gemma4\segmentation_lattuce-desease\felzenszwalb_masks_output\train\HLTY\HLTY_1090_s80_0_sg0_5_ms20_colored.png,D:\gemma4\segmentation_lattuce-desease\felzenszwalb_masks_output\train\HLTY\HLTY_1090_s80_0_sg0_5_ms20_info.txt
train,HLTY,healthy,D:\gemma4\segmentation_lattuce-desease\Roboflow_Dataset\train\HLTY\HLTY_1091.JPG,HLTY_1091,1,HLTY_1091_s80_0_sg0_5_ms20,D:\gemma4\segmentation_lattuce-desease\felzenszwalb_masks_output\train\HLTY\HLTY_1091_s80_0_sg0_5_ms20_raw.png,D:\gemma4\segmentation_lattuce-desease\felzenszwalb_masks_output\train\HLTY\HLTY_1091_s80_0_sg0_5_ms20_boundary.png,D:\gemma4\segmentation_lattuce-desease\felzenszwalb_masks_output\train\HLTY\HLTY_1091_s80_0_sg0_5_ms20_colored.png,D:\gemma4\segmentation_lattuce-desease\felzenszwalb_masks_output\train\HLTY\HLTY_1091_s80_0_sg0_5_ms20_info.txt
train,HLTY,healthy,D:\gemma4\segmentation_lattuce-desease\Roboflow_Dataset\train\HLTY\HLTY_1092.JPG,HLTY_1092,1,HLTY_1092_s80_0_sg0_5_ms20,D:\gemma4\segmentation_lattuce-desease\felzenszwalb_masks_output\train\HLTY\HLTY_1092_s80_0_sg0_5_ms20_raw.png,D:\gemma4\segmentation_lattuce-desease\felzenszwalb_masks_output\train\HLTY\HLTY_1092_s80_0_sg0_5_ms20_boundary.png,D:\gemma4\segmentation_lattuce-desease\felzenszwalb_masks_output\train\HLTY\HLTY_1092_s80_0_sg0_5_ms20_colored.png,D:\gemma4\segmentation_lattuce-desease\felzenszwalb_masks_output\train\HLTY\HLTY_1092_s80_0_sg0_5_ms20_info.txt
train,HLTY,healthy,D:\gemma4\segmentation_lattuce-desease\Roboflow_Dataset\train\HLTY\HLTY_1093.JPG,HLTY_1093,1,HLTY_1093_s80_0_sg0_5_ms20,D:\gemma4\segmentation_lattuce-desease\felzenszwalb_masks_output\train\HLTY\HLTY_1093_s80_0_sg0_5_ms20_raw.png,D:\gemma4\segmentation_lattuce-desease\felzenszwalb_masks_output\train\HLTY\HLTY_1093_s80_0_sg0_5_ms20_boundary.png,D:\gemma4\segmentation_lattuce-desease\felzenszwalb_masks_output\train\HLTY\HLTY_1093_s80_0_sg0_5_ms20_colored.png,D:\gemma4\segmentation_lattuce-desease\felzenszwalb_masks_output\train\HLTY\HLTY_1093_s80_0_sg0_5_ms20_info.txt
train,HLTY,healthy,D:\gemma4\segmentation_lattuce-desease\Roboflow_Dataset\train\HLTY\HLTY_1095.JPG,HLTY_1095,1,HLTY_1095_s80_0_sg0_5_ms20,D:\gemma4\segmentation_lattuce-desease\felzenszwalb_masks_output\train\HLTY\HLTY_1095_s80_0_sg0_5_ms20_raw.png,D:\gemma4\segmentation_lattuce-desease\felzenszwalb_masks_output\train\HLTY\HLTY_1095_s80_0_sg0_5_ms20_boundary.png,D:\gemma4\segmentation_lattuce-desease\felzenszwalb_masks_output\train\HLTY\HLTY_1095_s80_0_sg0_5_ms20_colored.png,D:\gemma4\segmentation_lattuce-desease\felzenszwalb_masks_output\train\HLTY\HLTY_1095_s80_0_sg0_5_ms20_info.txt
train,HLTY,healthy,D:\gemma4\segmentation_lattuce-desease\Roboflow_Dataset\train\HLTY\HLTY_1097.JPG,HLTY_1097,1,HLTY_1097_s80_0_sg0_5_ms20,D:\gemma4\segmentation_lattuce-desease\felzenszwalb_masks_output\train\HLTY\HLTY_1097_s80_0_sg0_5_ms20_raw.png,D:\gemma4\segmentation_lattuce-desease\felzenszwalb_masks_output\train\HLTY\HLTY_1097_s80_0_sg0_5_ms20_boundary.png,D:\gemma4\segmentation_lattuce-desease\felzenszwalb_masks_output\train\HLTY\HLTY_1097_s80_0_sg0_5_ms20_colored.png,D:\gemma4\segmentation_lattuce-desease\felzenszwalb_masks_output\train\HLTY\HLTY_1097_s80_0_sg0_5_ms20_info.txt
train,HLTY,healthy,D:\gemma4\segmentation_lattuce-desease\Roboflow_Dataset\train\HLTY\HLTY_1098.JPG,HLTY_1098,1,HLTY_1098_s80_0_sg0_5_ms20,D:\gemma4\segmentation_lattuce-desease\felzenszwalb_masks_output\train\HLTY\HLTY_1098_s80_0_sg0_5_ms20_raw.png,D:\gemma4\segmentation_lattuce-desease\felzenszwalb_masks_output\train\HLTY\HLTY_1098_s80_0_sg0_5_ms20_boundary.png,D:\gemma4\segmentation_lattuce-desease\felzenszwalb_masks_output\train\HLTY\HLTY_1098_s80_0_sg0_5_ms20_colored.png,D:\gemma4\segmentation_lattuce-desease\felzenszwalb_masks_output\train\HLTY\HLTY_1098_s80_0_sg0_5_ms20_info.txt
train,HLTY,healthy,D:\gemma4\segmentation_lattuce-desease\Roboflow_Dataset\train\HLTY\HLTY_1099.JPG,HLTY_1099,1,HLTY_1099_s80_0_sg0_5_ms20,D:\gemma4\segmentation_lattuce-desease\felzenszwalb_masks_output\train\HLTY\HLTY_1099_s80_0_sg0_5_ms20_raw.png,D:\gemma4\segmentation_lattuce-desease\felzenszwalb_masks_output\train\HLTY\HLTY_1099_s80_0_sg0_5_ms20_boundary.png,D:\gemma4\segmentation_lattuce-desease\felzenszwalb_masks_output\train\HLTY\HLTY_1099_s80_0_sg0_5_ms20_colored.png,D:\gemma4\segmentation_lattuce-desease\felzenszwalb_masks_output\train\HLTY\HLTY_1099_s80_0_sg0_5_ms20_info.txt
train,HLTY,healthy,D:\gemma4\segmentation_lattuce-desease\Roboflow_Dataset\train\HLTY\HLTY_110.JPG,HLTY_110,1,HLTY_110_s80_0_sg0_5_ms20,D:\gemma4\segmentation_lattuce-desease\felzenszwalb_masks_output\train\HLTY\HLTY_110_s80_0_sg0_5_ms20_raw.png,D:\gemma4\segmentation_lattuce-desease\felzenszwalb_masks_output\train\HLTY\HLTY_110_s80_0_sg0_5_ms20_boundary.png,D:\gemma4\segmentation_lattuce-desease\felzenszwalb_masks_output\train\HLTY\HLTY_110_s80_0_sg0_5_ms20_colored.png,D:\gemma4\segmentation_lattuce-desease\felzenszwalb_masks_output\train\HLTY\HLTY_110_s80_0_sg0_5_ms20_info.txt
train,HLTY,healthy,D:\gemma4\segmentation_lattuce-desease\Roboflow_Dataset\train\HLTY\HLTY_1100.JPG,HLTY_1100,1,HLTY_1100_s80_0_sg0_5_ms20,D:\gemma4\segmentation_lattuce-desease\felzenszwalb_masks_output\train\HLTY\HLTY_1100_s80_0_sg0_5_ms20_raw.png,D:\gemma4\segmentation_lattuce-desease\felzenszwalb_masks_output\train\HLTY\HLTY_1100_s80_0_sg0_5_ms20_boundary.png,D:\gemma4\segmentation_lattuce-desease\felzenszwalb_masks_output\train\HLTY\HLTY_1100_s80_0_sg0_5_ms20_colored.png,D:\gemma4\segmentation_lattuce-desease\felzenszwalb_masks_output\train\HLTY\HLTY_1100_s80_0_sg0_5_ms20_info.txt
train,HLTY,healthy,D:\gemma4\segmentation_lattuce-desease\Roboflow_Dataset\train\HLTY\HLTY_1101.JPG,HLTY_1101,1,HLTY_1101_s80_0_sg0_5_ms20,D:\gemma4\segmentation_lattuce-desease\felzenszwalb_masks_output\train\HLTY\HLTY_1101_s80_0_sg0_5_ms20_raw.png,D:\gemma4\segmentation_lattuce-desease\felzenszwalb_masks_output\train\HLTY\HLTY_1101_s80_0_sg0_5_ms20_boundary.png,D:\gemma4\segmentation_lattuce-desease\felzenszwalb_masks_output\train\HLTY\HLTY_1101_s80_0_sg0_5_ms20_colored.png,D:\gemma4\segmentation_lattuce-desease\felzenszwalb_masks_output\train\HLTY\HLTY_1101_s80_0_sg0_5_ms20_info.txt
train,HLTY,healthy,D:\gemma4\segmentation_lattuce-desease\Roboflow_Dataset\train\HLTY\HLTY_1102.JPG,HLTY_1102,1,HLTY_1102_s80_0_sg0_5_ms20,D:\gemma4\segmentation_lattuce-desease\felzenszwalb_masks_output\train\HLTY\HLTY_1102_s80_0_sg0_5_ms20_raw.png,D:\gemma4\segmentation_lattuce-desease\felzenszwalb_masks_output\train\HLTY\HLTY_1102_s80_0_sg0_5_ms20_boundary.png,D:\gemma4\segmentation_lattuce-desease\felzenszwalb_masks_output\train\HLTY\HLTY_1102_s80_0_sg0_5_ms20_colored.png,D:\gemma4\segmentation_lattuce-desease\felzenszwalb_masks_output\train\HLTY\HLTY_1102_s80_0_sg0_5_ms20_info.txt
train,HLTY,healthy,D:\gemma4\segmentation_lattuce-desease\Roboflow_Dataset\train\HLTY\HLTY_1103.JPG,HLTY_1103,1,HLTY_1103_s80_0_sg0_5_ms20,D:\gemma4\segmentation_lattuce-desease\felzenszwalb_masks_output\train\HLTY\HLTY_1103_s80_0_sg0_5_ms20_raw.png,D:\gemma4\segmentation_lattuce-desease\felzenszwalb_masks_output\train\HLTY\HLTY_1103_s80_0_sg0_5_ms20_boundary.png,D:\gemma4\segmentation_lattuce-desease\felzenszwalb_masks_output\train\HLTY\HLTY_1103_s80_0_sg0_5_ms20_colored.png,D:\gemma4\segmentation_lattuce-desease\felzenszwalb_masks_output\train\HLTY\HLTY_1103_s80_0_sg0_5_ms20_info.txt
train,HLTY,healthy,D:\gemma4\segmentation_lattuce-desease\Roboflow_Dataset\train\HLTY\HLTY_1104.JPG,HLTY_1104,1,HLTY_1104_s80_0_sg0_5_ms20,D:\gemma4\segmentation_lattuce-desease\felzenszwalb_masks_output\train\HLTY\HLTY_1104_s80_0_sg0_5_ms20_raw.png,D:\gemma4\segmentation_lattuce-desease\felzenszwalb_masks_output\train\HLTY\HLTY_1104_s80_0_sg0_5_ms20_boundary.png,D:\gemma4\segmentation_lattuce-desease\felzenszwalb_masks_output\train\HLTY\HLTY_1104_s80_0_sg0_5_ms20_colored.png,D:\gemma4\segmentation_lattuce-desease\felzenszwalb_masks_output\train\HLTY\HLTY_1104_s80_0_sg0_5_ms20_info.txt
train,HLTY,healthy,D:\gemma4\segmentation_lattuce-desease\Roboflow_Dataset\train\HLTY\HLTY_1105.JPG,HLTY_1105,1,HLTY_1105_s80_0_sg0_5_ms20,D:\gemma4\segmentation_lattuce-desease\felzenszwalb_masks_output\train\HLTY\HLTY_1105_s80_0_sg0_5_ms20_raw.png,D:\gemma4\segmentation_lattuce-desease\felzenszwalb_masks_output\train\HLTY\HLTY_1105_s80_0_sg0_5_ms20_boundary.png,D:\gemma4\segmentation_lattuce-desease\felzenszwalb_masks_output\train\HLTY\HLTY_1105_s80_0_sg0_5_ms20_colored.png,D:\gemma4\segmentation_lattuce-desease\felzenszwalb_masks_output\train\HLTY\HLTY_1105_s80_0_sg0_5_ms20_info.txt
train,HLTY,healthy,D:\gemma4\segmentation_lattuce-desease\Roboflow_Dataset\train\HLTY\HLTY_1106.JPG,HLTY_1106,1,HLTY_1106_s80_0_sg0_5_ms20,D:\gemma4\segmentation_lattuce-desease\felzenszwalb_masks_output\train\HLTY\HLTY_1106_s80_0_sg0_5_ms20_raw.png,D:\gemma4\segmentation_lattuce-desease\felzenszwalb_masks_output\train\HLTY\HLTY_1106_s80_0_sg0_5_ms20_boundary.png,D:\gemma4\segmentation_lattuce-desease\felzenszwalb_masks_output\train\HLTY\HLTY_1106_s80_0_sg0_5_ms20_colored.png,D:\gemma4\segmentation_lattuce-desease\felzenszwalb_masks_output\train\HLTY\HLTY_1106_s80_0_sg0_5_ms20_info.txt
train,HLTY,healthy,D:\gemma4\segmentation_lattuce-desease\Roboflow_Dataset\train\HLTY\HLTY_1107.JPG,HLTY_1107,1,HLTY_1107_s80_0_sg0_5_ms20,D:\gemma4\segmentation_lattuce-desease\felzenszwalb_masks_output\train\HLTY\HLTY_1107_s80_0_sg0_5_ms20_raw.png,D:\gemma4\segmentation_lattuce-desease\felzenszwalb_masks_output\train\HLTY\HLTY_1107_s80_0_sg0_5_ms20_boundary.png,D:\gemma4\segmentation_lattuce-desease\felzenszwalb_masks_output\train\HLTY\HLTY_1107_s80_0_sg0_5_ms20_colored.png,D:\gemma4\segmentation_lattuce-desease\felzenszwalb_masks_output\train\HLTY\HLTY_1107_s80_0_sg0_5_ms20_info.txt
train,HLTY,healthy,D:\gemma4\segmentation_lattuce-desease\Roboflow_Dataset\train\HLTY\HLTY_1108.JPG,HLTY_1108,1,HLTY_1108_s80_0_sg0_5_ms20,D:\gemma4\segmentation_lattuce-desease\felzenszwalb_masks_output\train\HLTY\HLTY_1108_s80_0_sg0_5_ms20_raw.png,D:\gemma4\segmentation_lattuce-desease\felzenszwalb_masks_output\train\HLTY\HLTY_1108_s80_0_sg0_5_ms20_boundary.png,D:\gemma4\segmentation_lattuce-desease\felzenszwalb_masks_output\train\HLTY\HLTY_1108_s80_0_sg0_5_ms20_colored.png,D:\gemma4\segmentation_lattuce-desease\felzenszwalb_masks_output\train\HLTY\HLTY_1108_s80_0_sg0_5_ms20_info.txt
train,HLTY,healthy,D:\gemma4\segmentation_lattuce-desease\Roboflow_Dataset\train\HLTY\HLTY_1109.JPG,HLTY_1109,1,HLTY_1109_s80_0_sg0_5_ms20,D:\gemma4\segmentation_lattuce-desease\felzenszwalb_masks_output\train\HLTY\HLTY_1109_s80_0_sg0_5_ms20_raw.png,D:\gemma4\segmentation_lattuce-desease\felzenszwalb_masks_output\train\HLTY\HLTY_1109_s80_0_sg0_5_ms20_boundary.png,D:\gemma4\segmentation_lattuce-desease\felzenszwalb_masks_output\train\HLTY\HLTY_1109_s80_0_sg0_5_ms20_colored.png,D:\gemma4\segmentation_lattuce-desease\felzenszwalb_masks_output\train\HLTY\HLTY_1109_s80_0_sg0_5_ms20_info.txt
train,HLTY,healthy,D:\gemma4\segmentation_lattuce-desease\Roboflow_Dataset\train\HLTY\HLTY_111.jpg,HLTY_111,1,HLTY_111_s80_0_sg0_5_ms20,D:\gemma4\segmentation_lattuce-desease\felzenszwalb_masks_output\train\HLTY\HLTY_111_s80_0_sg0_5_ms20_raw.png,D:\gemma4\segmentation_lattuce-desease\felzenszwalb_masks_output\train\HLTY\HLTY_111_s80_0_sg0_5_ms20_boundary.png,D:\gemma4\segmentation_lattuce-desease\felzenszwalb_masks_output\train\HLTY\HLTY_111_s80_0_sg0_5_ms20_colored.png,D:\gemma4\segmentation_lattuce-desease\felzenszwalb_masks_output\train\HLTY\HLTY_111_s80_0_sg0_5_ms20_info.txt
train,HLTY,healthy,D:\gemma4\segmentation_lattuce-desease\Roboflow_Dataset\train\HLTY\HLTY_1110.JPG,HLTY_1110,1,HLTY_1110_s80_0_sg0_5_ms20,D:\gemma4\segmentation_lattuce-desease\felzenszwalb_masks_output\train\HLTY\HLTY_1110_s80_0_sg0_5_ms20_raw.png,D:\gemma4\segmentation_lattuce-desease\felzenszwalb_masks_output\train\HLTY\HLTY_1110_s80_0_sg0_5_ms20_boundary.png,D:\gemma4\segmentation_lattuce-desease\felzenszwalb_masks_output\train\HLTY\HLTY_1110_s80_0_sg0_5_ms20_colored.png,D:\gemma4\segmentation_lattuce-desease\felzenszwalb_masks_output\train\HLTY\HLTY_1110_s80_0_sg0_5_ms20_info.txt
train,HLTY,healthy,D:\gemma4\segmentation_lattuce-desease\Roboflow_Dataset\train\HLTY\HLTY_1111.JPG,HLTY_1111,1,HLTY_1111_s80_0_sg0_5_ms20,D:\gemma4\segmentation_lattuce-desease\felzenszwalb_masks_output\train\HLTY\HLTY_1111_s80_0_sg0_5_ms20_raw.png,D:\gemma4\segmentation_lattuce-desease\felzenszwalb_masks_output\train\HLTY\HLTY_1111_s80_0_sg0_5_ms20_boundary.png,D:\gemma4\segmentation_lattuce-desease\felzenszwalb_masks_output\train\HLTY\HLTY_1111_s80_0_sg0_5_ms20_colored.png,D:\gemma4\segmentation_lattuce-desease\felzenszwalb_masks_output\train\HLTY\HLTY_1111_s80_0_sg0_5_ms20_info.txt
train,HLTY,healthy,D:\gemma4\segmentation_lattuce-desease\Roboflow_Dataset\train\HLTY\HLTY_1113.JPG,HLTY_1113,1,HLTY_1113_s80_0_sg0_5_ms20,D:\gemma4\segmentation_lattuce-desease\felzenszwalb_masks_output\train\HLTY\HLTY_1113_s80_0_sg0_5_ms20_raw.png,D:\gemma4\segmentation_lattuce-desease\felzenszwalb_masks_output\train\HLTY\HLTY_1113_s80_0_sg0_5_ms20_boundary.png,D:\gemma4\segmentation_lattuce-desease\felzenszwalb_masks_output\train\HLTY\HLTY_1113_s80_0_sg0_5_ms20_colored.png,D:\gemma4\segmentation_lattuce-desease\felzenszwalb_masks_output\train\HLTY\HLTY_1113_s80_0_sg0_5_ms20_info.txt
train,HLTY,healthy,D:\gemma4\segmentation_lattuce-desease\Roboflow_Dataset\train\HLTY\HLTY_1114.JPG,HLTY_1114,1,HLTY_1114_s80_0_sg0_5_ms20,D:\gemma4\segmentation_lattuce-desease\felzenszwalb_masks_output\train\HLTY\HLTY_1114_s80_0_sg0_5_ms20_raw.png,D:\gemma4\segmentation_lattuce-desease\felzenszwalb_masks_output\train\HLTY\HLTY_1114_s80_0_sg0_5_ms20_boundary.png,D:\gemma4\segmentation_lattuce-desease\felzenszwalb_masks_output\train\HLTY\HLTY_1114_s80_0_sg0_5_ms20_colored.png,D:\gemma4\segmentation_lattuce-desease\felzenszwalb_masks_output\train\HLTY\HLTY_1114_s80_0_sg0_5_ms20_info.txt
train,HLTY,healthy,D:\gemma4\segmentation_lattuce-desease\Roboflow_Dataset\train\HLTY\HLTY_1115.JPG,HLTY_1115,1,HLTY_1115_s80_0_sg0_5_ms20,D:\gemma4\segmentation_lattuce-desease\felzenszwalb_masks_output\train\HLTY\HLTY_1115_s80_0_sg0_5_ms20_raw.png,D:\gemma4\segmentation_lattuce-desease\felzenszwalb_masks_output\train\HLTY\HLTY_1115_s80_0_sg0_5_ms20_boundary.png,D:\gemma4\segmentation_lattuce-desease\felzenszwalb_masks_output\train\HLTY\HLTY_1115_s80_0_sg0_5_ms20_colored.png,D:\gemma4\segmentation_lattuce-desease\felzenszwalb_masks_output\train\HLTY\HLTY_1115_s80_0_sg0_5_ms20_info.txt
train,HLTY,healthy,D:\gemma4\segmentation_lattuce-desease\Roboflow_Dataset\train\HLTY\HLTY_1116.JPG,HLTY_1116,1,HLTY_1116_s80_0_sg0_5_ms20,D:\gemma4\segmentation_lattuce-desease\felzenszwalb_masks_output\train\HLTY\HLTY_1116_s80_0_sg0_5_ms20_raw.png,D:\gemma4\segmentation_lattuce-desease\felzenszwalb_masks_output\train\HLTY\HLTY_1116_s80_0_sg0_5_ms20_boundary.png,D:\gemma4\segmentation_lattuce-desease\felzenszwalb_masks_output\train\HLTY\HLTY_1116_s80_0_sg0_5_ms20_colored.png,D:\gemma4\segmentation_lattuce-desease\felzenszwalb_masks_output\train\HLTY\HLTY_1116_s80_0_sg0_5_ms20_info.txt
train,HLTY,healthy,D:\gemma4\segmentation_lattuce-desease\Roboflow_Dataset\train\HLTY\HLTY_1117.JPG,HLTY_1117,1,HLTY_1117_s80_0_sg0_5_ms20,D:\gemma4\segmentation_lattuce-desease\felzenszwalb_masks_output\train\HLTY\HLTY_1117_s80_0_sg0_5_ms20_raw.png,D:\gemma4\segmentation_lattuce-desease\felzenszwalb_masks_output\train\HLTY\HLTY_1117_s80_0_sg0_5_ms20_boundary.png,D:\gemma4\segmentation_lattuce-desease\felzenszwalb_masks_output\train\HLTY\HLTY_1117_s80_0_sg0_5_ms20_colored.png,D:\gemma4\segmentation_lattuce-desease\felzenszwalb_masks_output\train\HLTY\HLTY_1117_s80_0_sg0_5_ms20_info.txt
train,HLTY,healthy,D:\gemma4\segmentation_lattuce-desease\Roboflow_Dataset\train\HLTY\HLTY_1118.JPG,HLTY_1118,1,HLTY_1118_s80_0_sg0_5_ms20,D:\gemma4\segmentation_lattuce-desease\felzenszwalb_masks_output\train\HLTY\HLTY_1118_s80_0_sg0_5_ms20_raw.png,D:\gemma4\segmentation_lattuce-desease\felzenszwalb_masks_output\train\HLTY\HLTY_1118_s80_0_sg0_5_ms20_boundary.png,D:\gemma4\segmentation_lattuce-desease\felzenszwalb_masks_output\train\HLTY\HLTY_1118_s80_0_sg0_5_ms20_colored.png,D:\gemma4\segmentation_lattuce-desease\felzenszwalb_masks_output\train\HLTY\HLTY_1118_s80_0_sg0_5_ms20_info.txt
train,HLTY,healthy,D:\gemma4\segmentation_lattuce-desease\Roboflow_Dataset\train\HLTY\HLTY_1119.JPG,HLTY_1119,1,HLTY_1119_s80_0_sg0_5_ms20,D:\gemma4\segmentation_lattuce-desease\felzenszwalb_masks_output\train\HLTY\HLTY_1119_s80_0_sg0_5_ms20_raw.png,D:\gemma4\segmentation_lattuce-desease\felzenszwalb_masks_output\train\HLTY\HLTY_1119_s80_0_sg0_5_ms20_boundary.png,D:\gemma4\segmentation_lattuce-desease\felzenszwalb_masks_output\train\HLTY\HLTY_1119_s80_0_sg0_5_ms20_colored.png,D:\gemma4\segmentation_lattuce-desease\felzenszwalb_masks_output\train\HLTY\HLTY_1119_s80_0_sg0_5_ms20_info.txt
train,HLTY,healthy,D:\gemma4\segmentation_lattuce-desease\Roboflow_Dataset\train\HLTY\HLTY_1120.JPG,HLTY_1120,1,HLTY_1120_s80_0_sg0_5_ms20,D:\gemma4\segmentation_lattuce-desease\felzenszwalb_masks_output\train\HLTY\HLTY_1120_s80_0_sg0_5_ms20_raw.png,D:\gemma4\segmentation_lattuce-desease\felzenszwalb_masks_output\train\HLTY\HLTY_1120_s80_0_sg0_5_ms20_boundary.png,D:\gemma4\segmentation_lattuce-desease\felzenszwalb_masks_output\train\HLTY\HLTY_1120_s80_0_sg0_5_ms20_colored.png,D:\gemma4\segmentation_lattuce-desease\felzenszwalb_masks_output\train\HLTY\HLTY_1120_s80_0_sg0_5_ms20_info.txt
train,HLTY,healthy,D:\gemma4\segmentation_lattuce-desease\Roboflow_Dataset\train\HLTY\HLTY_113.JPG,HLTY_113,1,HLTY_113_s80_0_sg0_5_ms20,D:\gemma4\segmentation_lattuce-desease\felzenszwalb_masks_output\train\HLTY\HLTY_113_s80_0_sg0_5_ms20_raw.png,D:\gemma4\segmentation_lattuce-desease\felzenszwalb_masks_output\train\HLTY\HLTY_113_s80_0_sg0_5_ms20_boundary.png,D:\gemma4\segmentation_lattuce-desease\felzenszwalb_masks_output\train\HLTY\HLTY_113_s80_0_sg0_5_ms20_colored.png,D:\gemma4\segmentation_lattuce-desease\felzenszwalb_masks_output\train\HLTY\HLTY_113_s80_0_sg0_5_ms20_info.txt
train,HLTY,healthy,D:\gemma4\segmentation_lattuce-desease\Roboflow_Dataset\train\HLTY\HLTY_115.jpg,HLTY_115,1,HLTY_115_s80_0_sg0_5_ms20,D:\gemma4\segmentation_lattuce-desease\felzenszwalb_masks_output\train\HLTY\HLTY_115_s80_0_sg0_5_ms20_raw.png,D:\gemma4\segmentation_lattuce-desease\felzenszwalb_masks_output\train\HLTY\HLTY_115_s80_0_sg0_5_ms20_boundary.png,D:\gemma4\segmentation_lattuce-desease\felzenszwalb_masks_output\train\HLTY\HLTY_115_s80_0_sg0_5_ms20_colored.png,D:\gemma4\segmentation_lattuce-desease\felzenszwalb_masks_output\train\HLTY\HLTY_115_s80_0_sg0_5_ms20_info.txt
train,HLTY,healthy,D:\gemma4\segmentation_lattuce-desease\Roboflow_Dataset\train\HLTY\HLTY_116.jpg,HLTY_116,1,HLTY_116_s80_0_sg0_5_ms20,D:\gemma4\segmentation_lattuce-desease\felzenszwalb_masks_output\train\HLTY\HLTY_116_s80_0_sg0_5_ms20_raw.png,D:\gemma4\segmentation_lattuce-desease\felzenszwalb_masks_output\train\HLTY\HLTY_116_s80_0_sg0_5_ms20_boundary.png,D:\gemma4\segmentation_lattuce-desease\felzenszwalb_masks_output\train\HLTY\HLTY_116_s80_0_sg0_5_ms20_colored.png,D:\gemma4\segmentation_lattuce-desease\felzenszwalb_masks_output\train\HLTY\HLTY_116_s80_0_sg0_5_ms20_info.txt
train,HLTY,healthy,D:\gemma4\segmentation_lattuce-desease\Roboflow_Dataset\train\HLTY\HLTY_117.jpg,HLTY_117,1,HLTY_117_s80_0_sg0_5_ms20,D:\gemma4\segmentation_lattuce-desease\felzenszwalb_masks_output\train\HLTY\HLTY_117_s80_0_sg0_5_ms20_raw.png,D:\gemma4\segmentation_lattuce-desease\felzenszwalb_masks_output\train\HLTY\HLTY_117_s80_0_sg0_5_ms20_boundary.png,D:\gemma4\segmentation_lattuce-desease\felzenszwalb_masks_output\train\HLTY\HLTY_117_s80_0_sg0_5_ms20_colored.png,D:\gemma4\segmentation_lattuce-desease\felzenszwalb_masks_output\train\HLTY\HLTY_117_s80_0_sg0_5_ms20_info.txt
train,HLTY,healthy,D:\gemma4\segmentation_lattuce-desease\Roboflow_Dataset\train\HLTY\HLTY_118.jpg,HLTY_118,1,HLTY_118_s80_0_sg0_5_ms20,D:\gemma4\segmentation_lattuce-desease\felzenszwalb_masks_output\train\HLTY\HLTY_118_s80_0_sg0_5_ms20_raw.png,D:\gemma4\segmentation_lattuce-desease\felzenszwalb_masks_output\train\HLTY\HLTY_118_s80_0_sg0_5_ms20_boundary.png,D:\gemma4\segmentation_lattuce-desease\felzenszwalb_masks_output\train\HLTY\HLTY_118_s80_0_sg0_5_ms20_colored.png,D:\gemma4\segmentation_lattuce-desease\felzenszwalb_masks_output\train\HLTY\HLTY_118_s80_0_sg0_5_ms20_info.txt
train,HLTY,healthy,D:\gemma4\segmentation_lattuce-desease\Roboflow_Dataset\train\HLTY\HLTY_119.jpg,HLTY_119,1,HLTY_119_s80_0_sg0_5_ms20,D:\gemma4\segmentation_lattuce-desease\felzenszwalb_masks_output\train\HLTY\HLTY_119_s80_0_sg0_5_ms20_raw.png,D:\gemma4\segmentation_lattuce-desease\felzenszwalb_masks_output\train\HLTY\HLTY_119_s80_0_sg0_5_ms20_boundary.png,D:\gemma4\segmentation_lattuce-desease\felzenszwalb_masks_output\train\HLTY\HLTY_119_s80_0_sg0_5_ms20_colored.png,D:\gemma4\segmentation_lattuce-desease\felzenszwalb_masks_output\train\HLTY\HLTY_119_s80_0_sg0_5_ms20_info.txt
train,HLTY,healthy,D:\gemma4\segmentation_lattuce-desease\Roboflow_Dataset\train\HLTY\HLTY_12.JPG,HLTY_12,1,HLTY_12_s80_0_sg0_5_ms20,D:\gemma4\segmentation_lattuce-desease\felzenszwalb_masks_output\train\HLTY\HLTY_12_s80_0_sg0_5_ms20_raw.png,D:\gemma4\segmentation_lattuce-desease\felzenszwalb_masks_output\train\HLTY\HLTY_12_s80_0_sg0_5_ms20_boundary.png,D:\gemma4\segmentation_lattuce-desease\felzenszwalb_masks_output\train\HLTY\HLTY_12_s80_0_sg0_5_ms20_colored.png,D:\gemma4\segmentation_lattuce-desease\felzenszwalb_masks_output\train\HLTY\HLTY_12_s80_0_sg0_5_ms20_info.txt
train,HLTY,healthy,D:\gemma4\segmentation_lattuce-desease\Roboflow_Dataset\train\HLTY\HLTY_120.jpg,HLTY_120,1,HLTY_120_s80_0_sg0_5_ms20,D:\gemma4\segmentation_lattuce-desease\felzenszwalb_masks_output\train\HLTY\HLTY_120_s80_0_sg0_5_ms20_raw.png,D:\gemma4\segmentation_lattuce-desease\felzenszwalb_masks_output\train\HLTY\HLTY_120_s80_0_sg0_5_ms20_boundary.png,D:\gemma4\segmentation_lattuce-desease\felzenszwalb_masks_output\train\HLTY\HLTY_120_s80_0_sg0_5_ms20_colored.png,D:\gemma4\segmentation_lattuce-desease\felzenszwalb_masks_output\train\HLTY\HLTY_120_s80_0_sg0_5_ms20_info.txt
train,HLTY,healthy,D:\gemma4\segmentation_lattuce-desease\Roboflow_Dataset\train\HLTY\HLTY_121.jpg,HLTY_121,1,HLTY_121_s80_0_sg0_5_ms20,D:\gemma4\segmentation_lattuce-desease\felzenszwalb_masks_output\train\HLTY\HLTY_121_s80_0_sg0_5_ms20_raw.png,D:\gemma4\segmentation_lattuce-desease\felzenszwalb_masks_output\train\HLTY\HLTY_121_s80_0_sg0_5_ms20_boundary.png,D:\gemma4\segmentation_lattuce-desease\felzenszwalb_masks_output\train\HLTY\HLTY_121_s80_0_sg0_5_ms20_colored.png,D:\gemma4\segmentation_lattuce-desease\felzenszwalb_masks_output\train\HLTY\HLTY_121_s80_0_sg0_5_ms20_info.txt
train,HLTY,healthy,D:\gemma4\segmentation_lattuce-desease\Roboflow_Dataset\train\HLTY\HLTY_122.jpg,HLTY_122,1,HLTY_122_s80_0_sg0_5_ms20,D:\gemma4\segmentation_lattuce-desease\felzenszwalb_masks_output\train\HLTY\HLTY_122_s80_0_sg0_5_ms20_raw.png,D:\gemma4\segmentation_lattuce-desease\felzenszwalb_masks_output\train\HLTY\HLTY_122_s80_0_sg0_5_ms20_boundary.png,D:\gemma4\segmentation_lattuce-desease\felzenszwalb_masks_output\train\HLTY\HLTY_122_s80_0_sg0_5_ms20_colored.png,D:\gemma4\segmentation_lattuce-desease\felzenszwalb_masks_output\train\HLTY\HLTY_122_s80_0_sg0_5_ms20_info.txt
train,HLTY,healthy,D:\gemma4\segmentation_lattuce-desease\Roboflow_Dataset\train\HLTY\HLTY_123.jpg,HLTY_123,1,HLTY_123_s80_0_sg0_5_ms20,D:\gemma4\segmentation_lattuce-desease\felzenszwalb_masks_output\train\HLTY\HLTY_123_s80_0_sg0_5_ms20_raw.png,D:\gemma4\segmentation_lattuce-desease\felzenszwalb_masks_output\train\HLTY\HLTY_123_s80_0_sg0_5_ms20_boundary.png,D:\gemma4\segmentation_lattuce-desease\felzenszwalb_masks_output\train\HLTY\HLTY_123_s80_0_sg0_5_ms20_colored.png,D:\gemma4\segmentation_lattuce-desease\felzenszwalb_masks_output\train\HLTY\HLTY_123_s80_0_sg0_5_ms20_info.txt
train,HLTY,healthy,D:\gemma4\segmentation_lattuce-desease\Roboflow_Dataset\train\HLTY\HLTY_124.JPG,HLTY_124,1,HLTY_124_s80_0_sg0_5_ms20,D:\gemma4\segmentation_lattuce-desease\felzenszwalb_masks_output\train\HLTY\HLTY_124_s80_0_sg0_5_ms20_raw.png,D:\gemma4\segmentation_lattuce-desease\felzenszwalb_masks_output\train\HLTY\HLTY_124_s80_0_sg0_5_ms20_boundary.png,D:\gemma4\segmentation_lattuce-desease\felzenszwalb_masks_output\train\HLTY\HLTY_124_s80_0_sg0_5_ms20_colored.png,D:\gemma4\segmentation_lattuce-desease\felzenszwalb_masks_output\train\HLTY\HLTY_124_s80_0_sg0_5_ms20_info.txt
train,HLTY,healthy,D:\gemma4\segmentation_lattuce-desease\Roboflow_Dataset\train\HLTY\HLTY_125.jpg,HLTY_125,1,HLTY_125_s80_0_sg0_5_ms20,D:\gemma4\segmentation_lattuce-desease\felzenszwalb_masks_output\train\HLTY\HLTY_125_s80_0_sg0_5_ms20_raw.png,D:\gemma4\segmentation_lattuce-desease\felzenszwalb_masks_output\train\HLTY\HLTY_125_s80_0_sg0_5_ms20_boundary.png,D:\gemma4\segmentation_lattuce-desease\felzenszwalb_masks_output\train\HLTY\HLTY_125_s80_0_sg0_5_ms20_colored.png,D:\gemma4\segmentation_lattuce-desease\felzenszwalb_masks_output\train\HLTY\HLTY_125_s80_0_sg0_5_ms20_info.txt
train,HLTY,healthy,D:\gemma4\segmentation_lattuce-desease\Roboflow_Dataset\train\HLTY\HLTY_126.jpg,HLTY_126,1,HLTY_126_s80_0_sg0_5_ms20,D:\gemma4\segmentation_lattuce-desease\felzenszwalb_masks_output\train\HLTY\HLTY_126_s80_0_sg0_5_ms20_raw.png,D:\gemma4\segmentation_lattuce-desease\felzenszwalb_masks_output\train\HLTY\HLTY_126_s80_0_sg0_5_ms20_boundary.png,D:\gemma4\segmentation_lattuce-desease\felzenszwalb_masks_output\train\HLTY\HLTY_126_s80_0_sg0_5_ms20_colored.png,D:\gemma4\segmentation_lattuce-desease\felzenszwalb_masks_output\train\HLTY\HLTY_126_s80_0_sg0_5_ms20_info.txt
train,HLTY,healthy,D:\gemma4\segmentation_lattuce-desease\Roboflow_Dataset\train\HLTY\HLTY_127.jpg,HLTY_127,1,HLTY_127_s80_0_sg0_5_ms20,D:\gemma4\segmentation_lattuce-desease\felzenszwalb_masks_output\train\HLTY\HLTY_127_s80_0_sg0_5_ms20_raw.png,D:\gemma4\segmentation_lattuce-desease\felzenszwalb_masks_output\train\HLTY\HLTY_127_s80_0_sg0_5_ms20_boundary.png,D:\gemma4\segmentation_lattuce-desease\felzenszwalb_masks_output\train\HLTY\HLTY_127_s80_0_sg0_5_ms20_colored.png,D:\gemma4\segmentation_lattuce-desease\felzenszwalb_masks_output\train\HLTY\HLTY_127_s80_0_sg0_5_ms20_info.txt
train,HLTY,healthy,D:\gemma4\segmentation_lattuce-desease\Roboflow_Dataset\train\HLTY\HLTY_129.jpg,HLTY_129,1,HLTY_129_s80_0_sg0_5_ms20,D:\gemma4\segmentation_lattuce-desease\felzenszwalb_masks_output\train\HLTY\HLTY_129_s80_0_sg0_5_ms20_raw.png,D:\gemma4\segmentation_lattuce-desease\felzenszwalb_masks_output\train\HLTY\HLTY_129_s80_0_sg0_5_ms20_boundary.png,D:\gemma4\segmentation_lattuce-desease\felzenszwalb_masks_output\train\HLTY\HLTY_129_s80_0_sg0_5_ms20_colored.png,D:\gemma4\segmentation_lattuce-desease\felzenszwalb_masks_output\train\HLTY\HLTY_129_s80_0_sg0_5_ms20_info.txt
train,HLTY,healthy,D:\gemma4\segmentation_lattuce-desease\Roboflow_Dataset\train\HLTY\HLTY_130.jpg,HLTY_130,1,HLTY_130_s80_0_sg0_5_ms20,D:\gemma4\segmentation_lattuce-desease\felzenszwalb_masks_output\train\HLTY\HLTY_130_s80_0_sg0_5_ms20_raw.png,D:\gemma4\segmentation_lattuce-desease\felzenszwalb_masks_output\train\HLTY\HLTY_130_s80_0_sg0_5_ms20_boundary.png,D:\gemma4\segmentation_lattuce-desease\felzenszwalb_masks_output\train\HLTY\HLTY_130_s80_0_sg0_5_ms20_colored.png,D:\gemma4\segmentation_lattuce-desease\felzenszwalb_masks_output\train\HLTY\HLTY_130_s80_0_sg0_5_ms20_info.txt
train,HLTY,healthy,D:\gemma4\segmentation_lattuce-desease\Roboflow_Dataset\train\HLTY\HLTY_131.jpg,HLTY_131,1,HLTY_131_s80_0_sg0_5_ms20,D:\gemma4\segmentation_lattuce-desease\felzenszwalb_masks_output\train\HLTY\HLTY_131_s80_0_sg0_5_ms20_raw.png,D:\gemma4\segmentation_lattuce-desease\felzenszwalb_masks_output\train\HLTY\HLTY_131_s80_0_sg0_5_ms20_boundary.png,D:\gemma4\segmentation_lattuce-desease\felzenszwalb_masks_output\train\HLTY\HLTY_131_s80_0_sg0_5_ms20_colored.png,D:\gemma4\segmentation_lattuce-desease\felzenszwalb_masks_output\train\HLTY\HLTY_131_s80_0_sg0_5_ms20_info.txt
train,HLTY,healthy,D:\gemma4\segmentation_lattuce-desease\Roboflow_Dataset\train\HLTY\HLTY_132.jpg,HLTY_132,1,HLTY_132_s80_0_sg0_5_ms20,D:\gemma4\segmentation_lattuce-desease\felzenszwalb_masks_output\train\HLTY\HLTY_132_s80_0_sg0_5_ms20_raw.png,D:\gemma4\segmentation_lattuce-desease\felzenszwalb_masks_output\train\HLTY\HLTY_132_s80_0_sg0_5_ms20_boundary.png,D:\gemma4\segmentation_lattuce-desease\felzenszwalb_masks_output\train\HLTY\HLTY_132_s80_0_sg0_5_ms20_colored.png,D:\gemma4\segmentation_lattuce-desease\felzenszwalb_masks_output\train\HLTY\HLTY_132_s80_0_sg0_5_ms20_info.txt
train,HLTY,healthy,D:\gemma4\segmentation_lattuce-desease\Roboflow_Dataset\train\HLTY\HLTY_133.jpg,HLTY_133,1,HLTY_133_s80_0_sg0_5_ms20,D:\gemma4\segmentation_lattuce-desease\felzenszwalb_masks_output\train\HLTY\HLTY_133_s80_0_sg0_5_ms20_raw.png,D:\gemma4\segmentation_lattuce-desease\felzenszwalb_masks_output\train\HLTY\HLTY_133_s80_0_sg0_5_ms20_boundary.png,D:\gemma4\segmentation_lattuce-desease\felzenszwalb_masks_output\train\HLTY\HLTY_133_s80_0_sg0_5_ms20_colored.png,D:\gemma4\segmentation_lattuce-desease\felzenszwalb_masks_output\train\HLTY\HLTY_133_s80_0_sg0_5_ms20_info.txt
train,HLTY,healthy,D:\gemma4\segmentation_lattuce-desease\Roboflow_Dataset\train\HLTY\HLTY_134.jpg,HLTY_134,1,HLTY_134_s80_0_sg0_5_ms20,D:\gemma4\segmentation_lattuce-desease\felzenszwalb_masks_output\train\HLTY\HLTY_134_s80_0_sg0_5_ms20_raw.png,D:\gemma4\segmentation_lattuce-desease\felzenszwalb_masks_output\train\HLTY\HLTY_134_s80_0_sg0_5_ms20_boundary.png,D:\gemma4\segmentation_lattuce-desease\felzenszwalb_masks_output\train\HLTY\HLTY_134_s80_0_sg0_5_ms20_colored.png,D:\gemma4\segmentation_lattuce-desease\felzenszwalb_masks_output\train\HLTY\HLTY_134_s80_0_sg0_5_ms20_info.txt
train,HLTY,healthy,D:\gemma4\segmentation_lattuce-desease\Roboflow_Dataset\train\HLTY\HLTY_135.JPG,HLTY_135,1,HLTY_135_s80_0_sg0_5_ms20,D:\gemma4\segmentation_lattuce-desease\felzenszwalb_masks_output\train\HLTY\HLTY_135_s80_0_sg0_5_ms20_raw.png,D:\gemma4\segmentation_lattuce-desease\felzenszwalb_masks_output\train\HLTY\HLTY_135_s80_0_sg0_5_ms20_boundary.png,D:\gemma4\segmentation_lattuce-desease\felzenszwalb_masks_output\train\HLTY\HLTY_135_s80_0_sg0_5_ms20_colored.png,D:\gemma4\segmentation_lattuce-desease\felzenszwalb_masks_output\train\HLTY\HLTY_135_s80_0_sg0_5_ms20_info.txt
train,HLTY,healthy,D:\gemma4\segmentation_lattuce-desease\Roboflow_Dataset\train\HLTY\HLTY_136.jpg,HLTY_136,1,HLTY_136_s80_0_sg0_5_ms20,D:\gemma4\segmentation_lattuce-desease\felzenszwalb_masks_output\train\HLTY\HLTY_136_s80_0_sg0_5_ms20_raw.png,D:\gemma4\segmentation_lattuce-desease\felzenszwalb_masks_output\train\HLTY\HLTY_136_s80_0_sg0_5_ms20_boundary.png,D:\gemma4\segmentation_lattuce-desease\felzenszwalb_masks_output\train\HLTY\HLTY_136_s80_0_sg0_5_ms20_colored.png,D:\gemma4\segmentation_lattuce-desease\felzenszwalb_masks_output\train\HLTY\HLTY_136_s80_0_sg0_5_ms20_info.txt
train,HLTY,healthy,D:\gemma4\segmentation_lattuce-desease\Roboflow_Dataset\train\HLTY\HLTY_137.jpg,HLTY_137,1,HLTY_137_s80_0_sg0_5_ms20,D:\gemma4\segmentation_lattuce-desease\felzenszwalb_masks_output\train\HLTY\HLTY_137_s80_0_sg0_5_ms20_raw.png,D:\gemma4\segmentation_lattuce-desease\felzenszwalb_masks_output\train\HLTY\HLTY_137_s80_0_sg0_5_ms20_boundary.png,D:\gemma4\segmentation_lattuce-desease\felzenszwalb_masks_output\train\HLTY\HLTY_137_s80_0_sg0_5_ms20_colored.png,D:\gemma4\segmentation_lattuce-desease\felzenszwalb_masks_output\train\HLTY\HLTY_137_s80_0_sg0_5_ms20_info.txt
train,HLTY,healthy,D:\gemma4\segmentation_lattuce-desease\Roboflow_Dataset\train\HLTY\HLTY_138.jpg,HLTY_138,1,HLTY_138_s80_0_sg0_5_ms20,D:\gemma4\segmentation_lattuce-desease\felzenszwalb_masks_output\train\HLTY\HLTY_138_s80_0_sg0_5_ms20_raw.png,D:\gemma4\segmentation_lattuce-desease\felzenszwalb_masks_output\train\HLTY\HLTY_138_s80_0_sg0_5_ms20_boundary.png,D:\gemma4\segmentation_lattuce-desease\felzenszwalb_masks_output\train\HLTY\HLTY_138_s80_0_sg0_5_ms20_colored.png,D:\gemma4\segmentation_lattuce-desease\felzenszwalb_masks_output\train\HLTY\HLTY_138_s80_0_sg0_5_ms20_info.txt
train,HLTY,healthy,D:\gemma4\segmentation_lattuce-desease\Roboflow_Dataset\train\HLTY\HLTY_14.JPG,HLTY_14,1,HLTY_14_s80_0_sg0_5_ms20,D:\gemma4\segmentation_lattuce-desease\felzenszwalb_masks_output\train\HLTY\HLTY_14_s80_0_sg0_5_ms20_raw.png,D:\gemma4\segmentation_lattuce-desease\felzenszwalb_masks_output\train\HLTY\HLTY_14_s80_0_sg0_5_ms20_boundary.png,D:\gemma4\segmentation_lattuce-desease\felzenszwalb_masks_output\train\HLTY\HLTY_14_s80_0_sg0_5_ms20_colored.png,D:\gemma4\segmentation_lattuce-desease\felzenszwalb_masks_output\train\HLTY\HLTY_14_s80_0_sg0_5_ms20_info.txt
train,HLTY,healthy,D:\gemma4\segmentation_lattuce-desease\Roboflow_Dataset\train\HLTY\HLTY_140.JPG,HLTY_140,1,HLTY_140_s80_0_sg0_5_ms20,D:\gemma4\segmentation_lattuce-desease\felzenszwalb_masks_output\train\HLTY\HLTY_140_s80_0_sg0_5_ms20_raw.png,D:\gemma4\segmentation_lattuce-desease\felzenszwalb_masks_output\train\HLTY\HLTY_140_s80_0_sg0_5_ms20_boundary.png,D:\gemma4\segmentation_lattuce-desease\felzenszwalb_masks_output\train\HLTY\HLTY_140_s80_0_sg0_5_ms20_colored.png,D:\gemma4\segmentation_lattuce-desease\felzenszwalb_masks_output\train\HLTY\HLTY_140_s80_0_sg0_5_ms20_info.txt
train,HLTY,healthy,D:\gemma4\segmentation_lattuce-desease\Roboflow_Dataset\train\HLTY\HLTY_141.JPG,HLTY_141,1,HLTY_141_s80_0_sg0_5_ms20,D:\gemma4\segmentation_lattuce-desease\felzenszwalb_masks_output\train\HLTY\HLTY_141_s80_0_sg0_5_ms20_raw.png,D:\gemma4\segmentation_lattuce-desease\felzenszwalb_masks_output\train\HLTY\HLTY_141_s80_0_sg0_5_ms20_boundary.png,D:\gemma4\segmentation_lattuce-desease\felzenszwalb_masks_output\train\HLTY\HLTY_141_s80_0_sg0_5_ms20_colored.png,D:\gemma4\segmentation_lattuce-desease\felzenszwalb_masks_output\train\HLTY\HLTY_141_s80_0_sg0_5_ms20_info.txt
train,HLTY,healthy,D:\gemma4\segmentation_lattuce-desease\Roboflow_Dataset\train\HLTY\HLTY_142.JPG,HLTY_142,1,HLTY_142_s80_0_sg0_5_ms20,D:\gemma4\segmentation_lattuce-desease\felzenszwalb_masks_output\train\HLTY\HLTY_142_s80_0_sg0_5_ms20_raw.png,D:\gemma4\segmentation_lattuce-desease\felzenszwalb_masks_output\train\HLTY\HLTY_142_s80_0_sg0_5_ms20_boundary.png,D:\gemma4\segmentation_lattuce-desease\felzenszwalb_masks_output\train\HLTY\HLTY_142_s80_0_sg0_5_ms20_colored.png,D:\gemma4\segmentation_lattuce-desease\felzenszwalb_masks_output\train\HLTY\HLTY_142_s80_0_sg0_5_ms20_info.txt
train,HLTY,healthy,D:\gemma4\segmentation_lattuce-desease\Roboflow_Dataset\train\HLTY\HLTY_143.JPG,HLTY_143,1,HLTY_143_s80_0_sg0_5_ms20,D:\gemma4\segmentation_lattuce-desease\felzenszwalb_masks_output\train\HLTY\HLTY_143_s80_0_sg0_5_ms20_raw.png,D:\gemma4\segmentation_lattuce-desease\felzenszwalb_masks_output\train\HLTY\HLTY_143_s80_0_sg0_5_ms20_boundary.png,D:\gemma4\segmentation_lattuce-desease\felzenszwalb_masks_output\train\HLTY\HLTY_143_s80_0_sg0_5_ms20_colored.png,D:\gemma4\segmentation_lattuce-desease\felzenszwalb_masks_output\train\HLTY\HLTY_143_s80_0_sg0_5_ms20_info.txt
train,HLTY,healthy,D:\gemma4\segmentation_lattuce-desease\Roboflow_Dataset\train\HLTY\HLTY_145.JPG,HLTY_145,1,HLTY_145_s80_0_sg0_5_ms20,D:\gemma4\segmentation_lattuce-desease\felzenszwalb_masks_output\train\HLTY\HLTY_145_s80_0_sg0_5_ms20_raw.png,D:\gemma4\segmentation_lattuce-desease\felzenszwalb_masks_output\train\HLTY\HLTY_145_s80_0_sg0_5_ms20_boundary.png,D:\gemma4\segmentation_lattuce-desease\felzenszwalb_masks_output\train\HLTY\HLTY_145_s80_0_sg0_5_ms20_colored.png,D:\gemma4\segmentation_lattuce-desease\felzenszwalb_masks_output\train\HLTY\HLTY_145_s80_0_sg0_5_ms20_info.txt
train,HLTY,healthy,D:\gemma4\segmentation_lattuce-desease\Roboflow_Dataset\train\HLTY\HLTY_146.JPG,HLTY_146,1,HLTY_146_s80_0_sg0_5_ms20,D:\gemma4\segmentation_lattuce-desease\felzenszwalb_masks_output\train\HLTY\HLTY_146_s80_0_sg0_5_ms20_raw.png,D:\gemma4\segmentation_lattuce-desease\felzenszwalb_masks_output\train\HLTY\HLTY_146_s80_0_sg0_5_ms20_boundary.png,D:\gemma4\segmentation_lattuce-desease\felzenszwalb_masks_output\train\HLTY\HLTY_146_s80_0_sg0_5_ms20_colored.png,D:\gemma4\segmentation_lattuce-desease\felzenszwalb_masks_output\train\HLTY\HLTY_146_s80_0_sg0_5_ms20_info.txt
train,HLTY,healthy,D:\gemma4\segmentation_lattuce-desease\Roboflow_Dataset\train\HLTY\HLTY_147.JPG,HLTY_147,1,HLTY_147_s80_0_sg0_5_ms20,D:\gemma4\segmentation_lattuce-desease\felzenszwalb_masks_output\train\HLTY\HLTY_147_s80_0_sg0_5_ms20_raw.png,D:\gemma4\segmentation_lattuce-desease\felzenszwalb_masks_output\train\HLTY\HLTY_147_s80_0_sg0_5_ms20_boundary.png,D:\gemma4\segmentation_lattuce-desease\felzenszwalb_masks_output\train\HLTY\HLTY_147_s80_0_sg0_5_ms20_colored.png,D:\gemma4\segmentation_lattuce-desease\felzenszwalb_masks_output\train\HLTY\HLTY_147_s80_0_sg0_5_ms20_info.txt
train,HLTY,healthy,D:\gemma4\segmentation_lattuce-desease\Roboflow_Dataset\train\HLTY\HLTY_149.JPG,HLTY_149,1,HLTY_149_s80_0_sg0_5_ms20,D:\gemma4\segmentation_lattuce-desease\felzenszwalb_masks_output\train\HLTY\HLTY_149_s80_0_sg0_5_ms20_raw.png,D:\gemma4\segmentation_lattuce-desease\felzenszwalb_masks_output\train\HLTY\HLTY_149_s80_0_sg0_5_ms20_boundary.png,D:\gemma4\segmentation_lattuce-desease\felzenszwalb_masks_output\train\HLTY\HLTY_149_s80_0_sg0_5_ms20_colored.png,D:\gemma4\segmentation_lattuce-desease\felzenszwalb_masks_output\train\HLTY\HLTY_149_s80_0_sg0_5_ms20_info.txt
train,HLTY,healthy,D:\gemma4\segmentation_lattuce-desease\Roboflow_Dataset\train\HLTY\HLTY_15.JPG,HLTY_15,1,HLTY_15_s80_0_sg0_5_ms20,D:\gemma4\segmentation_lattuce-desease\felzenszwalb_masks_output\train\HLTY\HLTY_15_s80_0_sg0_5_ms20_raw.png,D:\gemma4\segmentation_lattuce-desease\felzenszwalb_masks_output\train\HLTY\HLTY_15_s80_0_sg0_5_ms20_boundary.png,D:\gemma4\segmentation_lattuce-desease\felzenszwalb_masks_output\train\HLTY\HLTY_15_s80_0_sg0_5_ms20_colored.png,D:\gemma4\segmentation_lattuce-desease\felzenszwalb_masks_output\train\HLTY\HLTY_15_s80_0_sg0_5_ms20_info.txt
train,HLTY,healthy,D:\gemma4\segmentation_lattuce-desease\Roboflow_Dataset\train\HLTY\HLTY_150.JPG,HLTY_150,1,HLTY_150_s80_0_sg0_5_ms20,D:\gemma4\segmentation_lattuce-desease\felzenszwalb_masks_output\train\HLTY\HLTY_150_s80_0_sg0_5_ms20_raw.png,D:\gemma4\segmentation_lattuce-desease\felzenszwalb_masks_output\train\HLTY\HLTY_150_s80_0_sg0_5_ms20_boundary.png,D:\gemma4\segmentation_lattuce-desease\felzenszwalb_masks_output\train\HLTY\HLTY_150_s80_0_sg0_5_ms20_colored.png,D:\gemma4\segmentation_lattuce-desease\felzenszwalb_masks_output\train\HLTY\HLTY_150_s80_0_sg0_5_ms20_info.txt
train,HLTY,healthy,D:\gemma4\segmentation_lattuce-desease\Roboflow_Dataset\train\HLTY\HLTY_151.JPG,HLTY_151,1,HLTY_151_s80_0_sg0_5_ms20,D:\gemma4\segmentation_lattuce-desease\felzenszwalb_masks_output\train\HLTY\HLTY_151_s80_0_sg0_5_ms20_raw.png,D:\gemma4\segmentation_lattuce-desease\felzenszwalb_masks_output\train\HLTY\HLTY_151_s80_0_sg0_5_ms20_boundary.png,D:\gemma4\segmentation_lattuce-desease\felzenszwalb_masks_output\train\HLTY\HLTY_151_s80_0_sg0_5_ms20_colored.png,D:\gemma4\segmentation_lattuce-desease\felzenszwalb_masks_output\train\HLTY\HLTY_151_s80_0_sg0_5_ms20_info.txt
train,HLTY,healthy,D:\gemma4\segmentation_lattuce-desease\Roboflow_Dataset\train\HLTY\HLTY_152.JPG,HLTY_152,1,HLTY_152_s80_0_sg0_5_ms20,D:\gemma4\segmentation_lattuce-desease\felzenszwalb_masks_output\train\HLTY\HLTY_152_s80_0_sg0_5_ms20_raw.png,D:\gemma4\segmentation_lattuce-desease\felzenszwalb_masks_output\train\HLTY\HLTY_152_s80_0_sg0_5_ms20_boundary.png,D:\gemma4\segmentation_lattuce-desease\felzenszwalb_masks_output\train\HLTY\HLTY_152_s80_0_sg0_5_ms20_colored.png,D:\gemma4\segmentation_lattuce-desease\felzenszwalb_masks_output\train\HLTY\HLTY_152_s80_0_sg0_5_ms20_info.txt
train,HLTY,healthy,D:\gemma4\segmentation_lattuce-desease\Roboflow_Dataset\train\HLTY\HLTY_153.JPG,HLTY_153,1,HLTY_153_s80_0_sg0_5_ms20,D:\gemma4\segmentation_lattuce-desease\felzenszwalb_masks_output\train\HLTY\HLTY_153_s80_0_sg0_5_ms20_raw.png,D:\gemma4\segmentation_lattuce-desease\felzenszwalb_masks_output\train\HLTY\HLTY_153_s80_0_sg0_5_ms20_boundary.png,D:\gemma4\segmentation_lattuce-desease\felzenszwalb_masks_output\train\HLTY\HLTY_153_s80_0_sg0_5_ms20_colored.png,D:\gemma4\segmentation_lattuce-desease\felzenszwalb_masks_output\train\HLTY\HLTY_153_s80_0_sg0_5_ms20_info.txt
train,HLTY,healthy,D:\gemma4\segmentation_lattuce-desease\Roboflow_Dataset\train\HLTY\HLTY_154.JPG,HLTY_154,1,HLTY_154_s80_0_sg0_5_ms20,D:\gemma4\segmentation_lattuce-desease\felzenszwalb_masks_output\train\HLTY\HLTY_154_s80_0_sg0_5_ms20_raw.png,D:\gemma4\segmentation_lattuce-desease\felzenszwalb_masks_output\train\HLTY\HLTY_154_s80_0_sg0_5_ms20_boundary.png,D:\gemma4\segmentation_lattuce-desease\felzenszwalb_masks_output\train\HLTY\HLTY_154_s80_0_sg0_5_ms20_colored.png,D:\gemma4\segmentation_lattuce-desease\felzenszwalb_masks_output\train\HLTY\HLTY_154_s80_0_sg0_5_ms20_info.txt
train,HLTY,healthy,D:\gemma4\segmentation_lattuce-desease\Roboflow_Dataset\train\HLTY\HLTY_155.JPG,HLTY_155,1,HLTY_155_s80_0_sg0_5_ms20,D:\gemma4\segmentation_lattuce-desease\felzenszwalb_masks_output\train\HLTY\HLTY_155_s80_0_sg0_5_ms20_raw.png,D:\gemma4\segmentation_lattuce-desease\felzenszwalb_masks_output\train\HLTY\HLTY_155_s80_0_sg0_5_ms20_boundary.png,D:\gemma4\segmentation_lattuce-desease\felzenszwalb_masks_output\train\HLTY\HLTY_155_s80_0_sg0_5_ms20_colored.png,D:\gemma4\segmentation_lattuce-desease\felzenszwalb_masks_output\train\HLTY\HLTY_155_s80_0_sg0_5_ms20_info.txt
train,HLTY,healthy,D:\gemma4\segmentation_lattuce-desease\Roboflow_Dataset\train\HLTY\HLTY_156.JPG,HLTY_156,1,HLTY_156_s80_0_sg0_5_ms20,D:\gemma4\segmentation_lattuce-desease\felzenszwalb_masks_output\train\HLTY\HLTY_156_s80_0_sg0_5_ms20_raw.png,D:\gemma4\segmentation_lattuce-desease\felzenszwalb_masks_output\train\HLTY\HLTY_156_s80_0_sg0_5_ms20_boundary.png,D:\gemma4\segmentation_lattuce-desease\felzenszwalb_masks_output\train\HLTY\HLTY_156_s80_0_sg0_5_ms20_colored.png,D:\gemma4\segmentation_lattuce-desease\felzenszwalb_masks_output\train\HLTY\HLTY_156_s80_0_sg0_5_ms20_info.txt
train,HLTY,healthy,D:\gemma4\segmentation_lattuce-desease\Roboflow_Dataset\train\HLTY\HLTY_157.JPG,HLTY_157,1,HLTY_157_s80_0_sg0_5_ms20,D:\gemma4\segmentation_lattuce-desease\felzenszwalb_masks_output\train\HLTY\HLTY_157_s80_0_sg0_5_ms20_raw.png,D:\gemma4\segmentation_lattuce-desease\felzenszwalb_masks_output\train\HLTY\HLTY_157_s80_0_sg0_5_ms20_boundary.png,D:\gemma4\segmentation_lattuce-desease\felzenszwalb_masks_output\train\HLTY\HLTY_157_s80_0_sg0_5_ms20_colored.png,D:\gemma4\segmentation_lattuce-desease\felzenszwalb_masks_output\train\HLTY\HLTY_157_s80_0_sg0_5_ms20_info.txt
train,HLTY,healthy,D:\gemma4\segmentation_lattuce-desease\Roboflow_Dataset\train\HLTY\HLTY_158.JPG,HLTY_158,1,HLTY_158_s80_0_sg0_5_ms20,D:\gemma4\segmentation_lattuce-desease\felzenszwalb_masks_output\train\HLTY\HLTY_158_s80_0_sg0_5_ms20_raw.png,D:\gemma4\segmentation_lattuce-desease\felzenszwalb_masks_output\train\HLTY\HLTY_158_s80_0_sg0_5_ms20_boundary.png,D:\gemma4\segmentation_lattuce-desease\felzenszwalb_masks_output\train\HLTY\HLTY_158_s80_0_sg0_5_ms20_colored.png,D:\gemma4\segmentation_lattuce-desease\felzenszwalb_masks_output\train\HLTY\HLTY_158_s80_0_sg0_5_ms20_info.txt
train,HLTY,healthy,D:\gemma4\segmentation_lattuce-desease\Roboflow_Dataset\train\HLTY\HLTY_159.JPG,HLTY_159,1,HLTY_159_s80_0_sg0_5_ms20,D:\gemma4\segmentation_lattuce-desease\felzenszwalb_masks_output\train\HLTY\HLTY_159_s80_0_sg0_5_ms20_raw.png,D:\gemma4\segmentation_lattuce-desease\felzenszwalb_masks_output\train\HLTY\HLTY_159_s80_0_sg0_5_ms20_boundary.png,D:\gemma4\segmentation_lattuce-desease\felzenszwalb_masks_output\train\HLTY\HLTY_159_s80_0_sg0_5_ms20_colored.png,D:\gemma4\segmentation_lattuce-desease\felzenszwalb_masks_output\train\HLTY\HLTY_159_s80_0_sg0_5_ms20_info.txt
train,HLTY,healthy,D:\gemma4\segmentation_lattuce-desease\Roboflow_Dataset\train\HLTY\HLTY_16.JPG,HLTY_16,1,HLTY_16_s80_0_sg0_5_ms20,D:\gemma4\segmentation_lattuce-desease\felzenszwalb_masks_output\train\HLTY\HLTY_16_s80_0_sg0_5_ms20_raw.png,D:\gemma4\segmentation_lattuce-desease\felzenszwalb_masks_output\train\HLTY\HLTY_16_s80_0_sg0_5_ms20_boundary.png,D:\gemma4\segmentation_lattuce-desease\felzenszwalb_masks_output\train\HLTY\HLTY_16_s80_0_sg0_5_ms20_colored.png,D:\gemma4\segmentation_lattuce-desease\felzenszwalb_masks_output\train\HLTY\HLTY_16_s80_0_sg0_5_ms20_info.txt
train,HLTY,healthy,D:\gemma4\segmentation_lattuce-desease\Roboflow_Dataset\train\HLTY\HLTY_161.JPG,HLTY_161,1,HLTY_161_s80_0_sg0_5_ms20,D:\gemma4\segmentation_lattuce-desease\felzenszwalb_masks_output\train\HLTY\HLTY_161_s80_0_sg0_5_ms20_raw.png,D:\gemma4\segmentation_lattuce-desease\felzenszwalb_masks_output\train\HLTY\HLTY_161_s80_0_sg0_5_ms20_boundary.png,D:\gemma4\segmentation_lattuce-desease\felzenszwalb_masks_output\train\HLTY\HLTY_161_s80_0_sg0_5_ms20_colored.png,D:\gemma4\segmentation_lattuce-desease\felzenszwalb_masks_output\train\HLTY\HLTY_161_s80_0_sg0_5_ms20_info.txt
train,HLTY,healthy,D:\gemma4\segmentation_lattuce-desease\Roboflow_Dataset\train\HLTY\HLTY_162.JPG,HLTY_162,1,HLTY_162_s80_0_sg0_5_ms20,D:\gemma4\segmentation_lattuce-desease\felzenszwalb_masks_output\train\HLTY\HLTY_162_s80_0_sg0_5_ms20_raw.png,D:\gemma4\segmentation_lattuce-desease\felzenszwalb_masks_output\train\HLTY\HLTY_162_s80_0_sg0_5_ms20_boundary.png,D:\gemma4\segmentation_lattuce-desease\felzenszwalb_masks_output\train\HLTY\HLTY_162_s80_0_sg0_5_ms20_colored.png,D:\gemma4\segmentation_lattuce-desease\felzenszwalb_masks_output\train\HLTY\HLTY_162_s80_0_sg0_5_ms20_info.txt
train,HLTY,healthy,D:\gemma4\segmentation_lattuce-desease\Roboflow_Dataset\train\HLTY\HLTY_163.JPG,HLTY_163,1,HLTY_163_s80_0_sg0_5_ms20,D:\gemma4\segmentation_lattuce-desease\felzenszwalb_masks_output\train\HLTY\HLTY_163_s80_0_sg0_5_ms20_raw.png,D:\gemma4\segmentation_lattuce-desease\felzenszwalb_masks_output\train\HLTY\HLTY_163_s80_0_sg0_5_ms20_boundary.png,D:\gemma4\segmentation_lattuce-desease\felzenszwalb_masks_output\train\HLTY\HLTY_163_s80_0_sg0_5_ms20_colored.png,D:\gemma4\segmentation_lattuce-desease\felzenszwalb_masks_output\train\HLTY\HLTY_163_s80_0_sg0_5_ms20_info.txt
train,HLTY,healthy,D:\gemma4\segmentation_lattuce-desease\Roboflow_Dataset\train\HLTY\HLTY_164.JPG,HLTY_164,1,HLTY_164_s80_0_sg0_5_ms20,D:\gemma4\segmentation_lattuce-desease\felzenszwalb_masks_output\train\HLTY\HLTY_164_s80_0_sg0_5_ms20_raw.png,D:\gemma4\segmentation_lattuce-desease\felzenszwalb_masks_output\train\HLTY\HLTY_164_s80_0_sg0_5_ms20_boundary.png,D:\gemma4\segmentation_lattuce-desease\felzenszwalb_masks_output\train\HLTY\HLTY_164_s80_0_sg0_5_ms20_colored.png,D:\gemma4\segmentation_lattuce-desease\felzenszwalb_masks_output\train\HLTY\HLTY_164_s80_0_sg0_5_ms20_info.txt
train,HLTY,healthy,D:\gemma4\segmentation_lattuce-desease\Roboflow_Dataset\train\HLTY\HLTY_165.JPG,HLTY_165,1,HLTY_165_s80_0_sg0_5_ms20,D:\gemma4\segmentation_lattuce-desease\felzenszwalb_masks_output\train\HLTY\HLTY_165_s80_0_sg0_5_ms20_raw.png,D:\gemma4\segmentation_lattuce-desease\felzenszwalb_masks_output\train\HLTY\HLTY_165_s80_0_sg0_5_ms20_boundary.png,D:\gemma4\segmentation_lattuce-desease\felzenszwalb_masks_output\train\HLTY\HLTY_165_s80_0_sg0_5_ms20_colored.png,D:\gemma4\segmentation_lattuce-desease\felzenszwalb_masks_output\train\HLTY\HLTY_165_s80_0_sg0_5_ms20_info.txt
train,HLTY,healthy,D:\gemma4\segmentation_lattuce-desease\Roboflow_Dataset\train\HLTY\HLTY_168.JPG,HLTY_168,1,HLTY_168_s80_0_sg0_5_ms20,D:\gemma4\segmentation_lattuce-desease\felzenszwalb_masks_output\train\HLTY\HLTY_168_s80_0_sg0_5_ms20_raw.png,D:\gemma4\segmentation_lattuce-desease\felzenszwalb_masks_output\train\HLTY\HLTY_168_s80_0_sg0_5_ms20_boundary.png,D:\gemma4\segmentation_lattuce-desease\felzenszwalb_masks_output\train\HLTY\HLTY_168_s80_0_sg0_5_ms20_colored.png,D:\gemma4\segmentation_lattuce-desease\felzenszwalb_masks_output\train\HLTY\HLTY_168_s80_0_sg0_5_ms20_info.txt
train,HLTY,healthy,D:\gemma4\segmentation_lattuce-desease\Roboflow_Dataset\train\HLTY\HLTY_169.JPG,HLTY_169,1,HLTY_169_s80_0_sg0_5_ms20,D:\gemma4\segmentation_lattuce-desease\felzenszwalb_masks_output\train\HLTY\HLTY_169_s80_0_sg0_5_ms20_raw.png,D:\gemma4\segmentation_lattuce-desease\felzenszwalb_masks_output\train\HLTY\HLTY_169_s80_0_sg0_5_ms20_boundary.png,D:\gemma4\segmentation_lattuce-desease\felzenszwalb_masks_output\train\HLTY\HLTY_169_s80_0_sg0_5_ms20_colored.png,D:\gemma4\segmentation_lattuce-desease\felzenszwalb_masks_output\train\HLTY\HLTY_169_s80_0_sg0_5_ms20_info.txt
train,HLTY,healthy,D:\gemma4\segmentation_lattuce-desease\Roboflow_Dataset\train\HLTY\HLTY_17.JPG,HLTY_17,1,HLTY_17_s80_0_sg0_5_ms20,D:\gemma4\segmentation_lattuce-desease\felzenszwalb_masks_output\train\HLTY\HLTY_17_s80_0_sg0_5_ms20_raw.png,D:\gemma4\segmentation_lattuce-desease\felzenszwalb_masks_output\train\HLTY\HLTY_17_s80_0_sg0_5_ms20_boundary.png,D:\gemma4\segmentation_lattuce-desease\felzenszwalb_masks_output\train\HLTY\HLTY_17_s80_0_sg0_5_ms20_colored.png,D:\gemma4\segmentation_lattuce-desease\felzenszwalb_masks_output\train\HLTY\HLTY_17_s80_0_sg0_5_ms20_info.txt
train,HLTY,healthy,D:\gemma4\segmentation_lattuce-desease\Roboflow_Dataset\train\HLTY\HLTY_170.JPG,HLTY_170,1,HLTY_170_s80_0_sg0_5_ms20,D:\gemma4\segmentation_lattuce-desease\felzenszwalb_masks_output\train\HLTY\HLTY_170_s80_0_sg0_5_ms20_raw.png,D:\gemma4\segmentation_lattuce-desease\felzenszwalb_masks_output\train\HLTY\HLTY_170_s80_0_sg0_5_ms20_boundary.png,D:\gemma4\segmentation_lattuce-desease\felzenszwalb_masks_output\train\HLTY\HLTY_170_s80_0_sg0_5_ms20_colored.png,D:\gemma4\segmentation_lattuce-desease\felzenszwalb_masks_output\train\HLTY\HLTY_170_s80_0_sg0_5_ms20_info.txt
train,HLTY,healthy,D:\gemma4\segmentation_lattuce-desease\Roboflow_Dataset\train\HLTY\HLTY_171.JPG,HLTY_171,1,HLTY_171_s80_0_sg0_5_ms20,D:\gemma4\segmentation_lattuce-desease\felzenszwalb_masks_output\train\HLTY\HLTY_171_s80_0_sg0_5_ms20_raw.png,D:\gemma4\segmentation_lattuce-desease\felzenszwalb_masks_output\train\HLTY\HLTY_171_s80_0_sg0_5_ms20_boundary.png,D:\gemma4\segmentation_lattuce-desease\felzenszwalb_masks_output\train\HLTY\HLTY_171_s80_0_sg0_5_ms20_colored.png,D:\gemma4\segmentation_lattuce-desease\felzenszwalb_masks_output\train\HLTY\HLTY_171_s80_0_sg0_5_ms20_info.txt
train,HLTY,healthy,D:\gemma4\segmentation_lattuce-desease\Roboflow_Dataset\train\HLTY\HLTY_172.JPG,HLTY_172,1,HLTY_172_s80_0_sg0_5_ms20,D:\gemma4\segmentation_lattuce-desease\felzenszwalb_masks_output\train\HLTY\HLTY_172_s80_0_sg0_5_ms20_raw.png,D:\gemma4\segmentation_lattuce-desease\felzenszwalb_masks_output\train\HLTY\HLTY_172_s80_0_sg0_5_ms20_boundary.png,D:\gemma4\segmentation_lattuce-desease\felzenszwalb_masks_output\train\HLTY\HLTY_172_s80_0_sg0_5_ms20_colored.png,D:\gemma4\segmentation_lattuce-desease\felzenszwalb_masks_output\train\HLTY\HLTY_172_s80_0_sg0_5_ms20_info.txt
train,HLTY,healthy,D:\gemma4\segmentation_lattuce-desease\Roboflow_Dataset\train\HLTY\HLTY_173.JPG,HLTY_173,1,HLTY_173_s80_0_sg0_5_ms20,D:\gemma4\segmentation_lattuce-desease\felzenszwalb_masks_output\train\HLTY\HLTY_173_s80_0_sg0_5_ms20_raw.png,D:\gemma4\segmentation_lattuce-desease\felzenszwalb_masks_output\train\HLTY\HLTY_173_s80_0_sg0_5_ms20_boundary.png,D:\gemma4\segmentation_lattuce-desease\felzenszwalb_masks_output\train\HLTY\HLTY_173_s80_0_sg0_5_ms20_colored.png,D:\gemma4\segmentation_lattuce-desease\felzenszwalb_masks_output\train\HLTY\HLTY_173_s80_0_sg0_5_ms20_info.txt
train,HLTY,healthy,D:\gemma4\segmentation_lattuce-desease\Roboflow_Dataset\train\HLTY\HLTY_174.JPG,HLTY_174,1,HLTY_174_s80_0_sg0_5_ms20,D:\gemma4\segmentation_lattuce-desease\felzenszwalb_masks_output\train\HLTY\HLTY_174_s80_0_sg0_5_ms20_raw.png,D:\gemma4\segmentation_lattuce-desease\felzenszwalb_masks_output\train\HLTY\HLTY_174_s80_0_sg0_5_ms20_boundary.png,D:\gemma4\segmentation_lattuce-desease\felzenszwalb_masks_output\train\HLTY\HLTY_174_s80_0_sg0_5_ms20_colored.png,D:\gemma4\segmentation_lattuce-desease\felzenszwalb_masks_output\train\HLTY\HLTY_174_s80_0_sg0_5_ms20_info.txt
train,HLTY,healthy,D:\gemma4\segmentation_lattuce-desease\Roboflow_Dataset\train\HLTY\HLTY_178.JPG,HLTY_178,1,HLTY_178_s80_0_sg0_5_ms20,D:\gemma4\segmentation_lattuce-desease\felzenszwalb_masks_output\train\HLTY\HLTY_178_s80_0_sg0_5_ms20_raw.png,D:\gemma4\segmentation_lattuce-desease\felzenszwalb_masks_output\train\HLTY\HLTY_178_s80_0_sg0_5_ms20_boundary.png,D:\gemma4\segmentation_lattuce-desease\felzenszwalb_masks_output\train\HLTY\HLTY_178_s80_0_sg0_5_ms20_colored.png,D:\gemma4\segmentation_lattuce-desease\felzenszwalb_masks_output\train\HLTY\HLTY_178_s80_0_sg0_5_ms20_info.txt
train,HLTY,healthy,D:\gemma4\segmentation_lattuce-desease\Roboflow_Dataset\train\HLTY\HLTY_179.JPG,HLTY_179,1,HLTY_179_s80_0_sg0_5_ms20,D:\gemma4\segmentation_lattuce-desease\felzenszwalb_masks_output\train\HLTY\HLTY_179_s80_0_sg0_5_ms20_raw.png,D:\gemma4\segmentation_lattuce-desease\felzenszwalb_masks_output\train\HLTY\HLTY_179_s80_0_sg0_5_ms20_boundary.png,D:\gemma4\segmentation_lattuce-desease\felzenszwalb_masks_output\train\HLTY\HLTY_179_s80_0_sg0_5_ms20_colored.png,D:\gemma4\segmentation_lattuce-desease\felzenszwalb_masks_output\train\HLTY\HLTY_179_s80_0_sg0_5_ms20_info.txt
train,HLTY,healthy,D:\gemma4\segmentation_lattuce-desease\Roboflow_Dataset\train\HLTY\HLTY_18.JPG,HLTY_18,1,HLTY_18_s80_0_sg0_5_ms20,D:\gemma4\segmentation_lattuce-desease\felzenszwalb_masks_output\train\HLTY\HLTY_18_s80_0_sg0_5_ms20_raw.png,D:\gemma4\segmentation_lattuce-desease\felzenszwalb_masks_output\train\HLTY\HLTY_18_s80_0_sg0_5_ms20_boundary.png,D:\gemma4\segmentation_lattuce-desease\felzenszwalb_masks_output\train\HLTY\HLTY_18_s80_0_sg0_5_ms20_colored.png,D:\gemma4\segmentation_lattuce-desease\felzenszwalb_masks_output\train\HLTY\HLTY_18_s80_0_sg0_5_ms20_info.txt
train,HLTY,healthy,D:\gemma4\segmentation_lattuce-desease\Roboflow_Dataset\train\HLTY\HLTY_180.JPG,HLTY_180,1,HLTY_180_s80_0_sg0_5_ms20,D:\gemma4\segmentation_lattuce-desease\felzenszwalb_masks_output\train\HLTY\HLTY_180_s80_0_sg0_5_ms20_raw.png,D:\gemma4\segmentation_lattuce-desease\felzenszwalb_masks_output\train\HLTY\HLTY_180_s80_0_sg0_5_ms20_boundary.png,D:\gemma4\segmentation_lattuce-desease\felzenszwalb_masks_output\train\HLTY\HLTY_180_s80_0_sg0_5_ms20_colored.png,D:\gemma4\segmentation_lattuce-desease\felzenszwalb_masks_output\train\HLTY\HLTY_180_s80_0_sg0_5_ms20_info.txt
train,HLTY,healthy,D:\gemma4\segmentation_lattuce-desease\Roboflow_Dataset\train\HLTY\HLTY_181.JPG,HLTY_181,1,HLTY_181_s80_0_sg0_5_ms20,D:\gemma4\segmentation_lattuce-desease\felzenszwalb_masks_output\train\HLTY\HLTY_181_s80_0_sg0_5_ms20_raw.png,D:\gemma4\segmentation_lattuce-desease\felzenszwalb_masks_output\train\HLTY\HLTY_181_s80_0_sg0_5_ms20_boundary.png,D:\gemma4\segmentation_lattuce-desease\felzenszwalb_masks_output\train\HLTY\HLTY_181_s80_0_sg0_5_ms20_colored.png,D:\gemma4\segmentation_lattuce-desease\felzenszwalb_masks_output\train\HLTY\HLTY_181_s80_0_sg0_5_ms20_info.txt
train,HLTY,healthy,D:\gemma4\segmentation_lattuce-desease\Roboflow_Dataset\train\HLTY\HLTY_182.JPG,HLTY_182,1,HLTY_182_s80_0_sg0_5_ms20,D:\gemma4\segmentation_lattuce-desease\felzenszwalb_masks_output\train\HLTY\HLTY_182_s80_0_sg0_5_ms20_raw.png,D:\gemma4\segmentation_lattuce-desease\felzenszwalb_masks_output\train\HLTY\HLTY_182_s80_0_sg0_5_ms20_boundary.png,D:\gemma4\segmentation_lattuce-desease\felzenszwalb_masks_output\train\HLTY\HLTY_182_s80_0_sg0_5_ms20_colored.png,D:\gemma4\segmentation_lattuce-desease\felzenszwalb_masks_output\train\HLTY\HLTY_182_s80_0_sg0_5_ms20_info.txt
train,HLTY,healthy,D:\gemma4\segmentation_lattuce-desease\Roboflow_Dataset\train\HLTY\HLTY_183.JPG,HLTY_183,1,HLTY_183_s80_0_sg0_5_ms20,D:\gemma4\segmentation_lattuce-desease\felzenszwalb_masks_output\train\HLTY\HLTY_183_s80_0_sg0_5_ms20_raw.png,D:\gemma4\segmentation_lattuce-desease\felzenszwalb_masks_output\train\HLTY\HLTY_183_s80_0_sg0_5_ms20_boundary.png,D:\gemma4\segmentation_lattuce-desease\felzenszwalb_masks_output\train\HLTY\HLTY_183_s80_0_sg0_5_ms20_colored.png,D:\gemma4\segmentation_lattuce-desease\felzenszwalb_masks_output\train\HLTY\HLTY_183_s80_0_sg0_5_ms20_info.txt
train,HLTY,healthy,D:\gemma4\segmentation_lattuce-desease\Roboflow_Dataset\train\HLTY\HLTY_185.JPG,HLTY_185,1,HLTY_185_s80_0_sg0_5_ms20,D:\gemma4\segmentation_lattuce-desease\felzenszwalb_masks_output\train\HLTY\HLTY_185_s80_0_sg0_5_ms20_raw.png,D:\gemma4\segmentation_lattuce-desease\felzenszwalb_masks_output\train\HLTY\HLTY_185_s80_0_sg0_5_ms20_boundary.png,D:\gemma4\segmentation_lattuce-desease\felzenszwalb_masks_output\train\HLTY\HLTY_185_s80_0_sg0_5_ms20_colored.png,D:\gemma4\segmentation_lattuce-desease\felzenszwalb_masks_output\train\HLTY\HLTY_185_s80_0_sg0_5_ms20_info.txt
train,HLTY,healthy,D:\gemma4\segmentation_lattuce-desease\Roboflow_Dataset\train\HLTY\HLTY_187.JPG,HLTY_187,1,HLTY_187_s80_0_sg0_5_ms20,D:\gemma4\segmentation_lattuce-desease\felzenszwalb_masks_output\train\HLTY\HLTY_187_s80_0_sg0_5_ms20_raw.png,D:\gemma4\segmentation_lattuce-desease\felzenszwalb_masks_output\train\HLTY\HLTY_187_s80_0_sg0_5_ms20_boundary.png,D:\gemma4\segmentation_lattuce-desease\felzenszwalb_masks_output\train\HLTY\HLTY_187_s80_0_sg0_5_ms20_colored.png,D:\gemma4\segmentation_lattuce-desease\felzenszwalb_masks_output\train\HLTY\HLTY_187_s80_0_sg0_5_ms20_info.txt
train,HLTY,healthy,D:\gemma4\segmentation_lattuce-desease\Roboflow_Dataset\train\HLTY\HLTY_188.JPG,HLTY_188,1,HLTY_188_s80_0_sg0_5_ms20,D:\gemma4\segmentation_lattuce-desease\felzenszwalb_masks_output\train\HLTY\HLTY_188_s80_0_sg0_5_ms20_raw.png,D:\gemma4\segmentation_lattuce-desease\felzenszwalb_masks_output\train\HLTY\HLTY_188_s80_0_sg0_5_ms20_boundary.png,D:\gemma4\segmentation_lattuce-desease\felzenszwalb_masks_output\train\HLTY\HLTY_188_s80_0_sg0_5_ms20_colored.png,D:\gemma4\segmentation_lattuce-desease\felzenszwalb_masks_output\train\HLTY\HLTY_188_s80_0_sg0_5_ms20_info.txt
train,HLTY,healthy,D:\gemma4\segmentation_lattuce-desease\Roboflow_Dataset\train\HLTY\HLTY_189.JPG,HLTY_189,1,HLTY_189_s80_0_sg0_5_ms20,D:\gemma4\segmentation_lattuce-desease\felzenszwalb_masks_output\train\HLTY\HLTY_189_s80_0_sg0_5_ms20_raw.png,D:\gemma4\segmentation_lattuce-desease\felzenszwalb_masks_output\train\HLTY\HLTY_189_s80_0_sg0_5_ms20_boundary.png,D:\gemma4\segmentation_lattuce-desease\felzenszwalb_masks_output\train\HLTY\HLTY_189_s80_0_sg0_5_ms20_colored.png,D:\gemma4\segmentation_lattuce-desease\felzenszwalb_masks_output\train\HLTY\HLTY_189_s80_0_sg0_5_ms20_info.txt
train,HLTY,healthy,D:\gemma4\segmentation_lattuce-desease\Roboflow_Dataset\train\HLTY\HLTY_19.JPG,HLTY_19,1,HLTY_19_s80_0_sg0_5_ms20,D:\gemma4\segmentation_lattuce-desease\felzenszwalb_masks_output\train\HLTY\HLTY_19_s80_0_sg0_5_ms20_raw.png,D:\gemma4\segmentation_lattuce-desease\felzenszwalb_masks_output\train\HLTY\HLTY_19_s80_0_sg0_5_ms20_boundary.png,D:\gemma4\segmentation_lattuce-desease\felzenszwalb_masks_output\train\HLTY\HLTY_19_s80_0_sg0_5_ms20_colored.png,D:\gemma4\segmentation_lattuce-desease\felzenszwalb_masks_output\train\HLTY\HLTY_19_s80_0_sg0_5_ms20_info.txt
train,HLTY,healthy,D:\gemma4\segmentation_lattuce-desease\Roboflow_Dataset\train\HLTY\HLTY_190.JPG,HLTY_190,1,HLTY_190_s80_0_sg0_5_ms20,D:\gemma4\segmentation_lattuce-desease\felzenszwalb_masks_output\train\HLTY\HLTY_190_s80_0_sg0_5_ms20_raw.png,D:\gemma4\segmentation_lattuce-desease\felzenszwalb_masks_output\train\HLTY\HLTY_190_s80_0_sg0_5_ms20_boundary.png,D:\gemma4\segmentation_lattuce-desease\felzenszwalb_masks_output\train\HLTY\HLTY_190_s80_0_sg0_5_ms20_colored.png,D:\gemma4\segmentation_lattuce-desease\felzenszwalb_masks_output\train\HLTY\HLTY_190_s80_0_sg0_5_ms20_info.txt
train,HLTY,healthy,D:\gemma4\segmentation_lattuce-desease\Roboflow_Dataset\train\HLTY\HLTY_191.JPG,HLTY_191,1,HLTY_191_s80_0_sg0_5_ms20,D:\gemma4\segmentation_lattuce-desease\felzenszwalb_masks_output\train\HLTY\HLTY_191_s80_0_sg0_5_ms20_raw.png,D:\gemma4\segmentation_lattuce-desease\felzenszwalb_masks_output\train\HLTY\HLTY_191_s80_0_sg0_5_ms20_boundary.png,D:\gemma4\segmentation_lattuce-desease\felzenszwalb_masks_output\train\HLTY\HLTY_191_s80_0_sg0_5_ms20_colored.png,D:\gemma4\segmentation_lattuce-desease\felzenszwalb_masks_output\train\HLTY\HLTY_191_s80_0_sg0_5_ms20_info.txt
train,HLTY,healthy,D:\gemma4\segmentation_lattuce-desease\Roboflow_Dataset\train\HLTY\HLTY_192.JPG,HLTY_192,1,HLTY_192_s80_0_sg0_5_ms20,D:\gemma4\segmentation_lattuce-desease\felzenszwalb_masks_output\train\HLTY\HLTY_192_s80_0_sg0_5_ms20_raw.png,D:\gemma4\segmentation_lattuce-desease\felzenszwalb_masks_output\train\HLTY\HLTY_192_s80_0_sg0_5_ms20_boundary.png,D:\gemma4\segmentation_lattuce-desease\felzenszwalb_masks_output\train\HLTY\HLTY_192_s80_0_sg0_5_ms20_colored.png,D:\gemma4\segmentation_lattuce-desease\felzenszwalb_masks_output\train\HLTY\HLTY_192_s80_0_sg0_5_ms20_info.txt
train,HLTY,healthy,D:\gemma4\segmentation_lattuce-desease\Roboflow_Dataset\train\HLTY\HLTY_193.JPG,HLTY_193,1,HLTY_193_s80_0_sg0_5_ms20,D:\gemma4\segmentation_lattuce-desease\felzenszwalb_masks_output\train\HLTY\HLTY_193_s80_0_sg0_5_ms20_raw.png,D:\gemma4\segmentation_lattuce-desease\felzenszwalb_masks_output\train\HLTY\HLTY_193_s80_0_sg0_5_ms20_boundary.png,D:\gemma4\segmentation_lattuce-desease\felzenszwalb_masks_output\train\HLTY\HLTY_193_s80_0_sg0_5_ms20_colored.png,D:\gemma4\segmentation_lattuce-desease\felzenszwalb_masks_output\train\HLTY\HLTY_193_s80_0_sg0_5_ms20_info.txt
train,HLTY,healthy,D:\gemma4\segmentation_lattuce-desease\Roboflow_Dataset\train\HLTY\HLTY_194.JPG,HLTY_194,1,HLTY_194_s80_0_sg0_5_ms20,D:\gemma4\segmentation_lattuce-desease\felzenszwalb_masks_output\train\HLTY\HLTY_194_s80_0_sg0_5_ms20_raw.png,D:\gemma4\segmentation_lattuce-desease\felzenszwalb_masks_output\train\HLTY\HLTY_194_s80_0_sg0_5_ms20_boundary.png,D:\gemma4\segmentation_lattuce-desease\felzenszwalb_masks_output\train\HLTY\HLTY_194_s80_0_sg0_5_ms20_colored.png,D:\gemma4\segmentation_lattuce-desease\felzenszwalb_masks_output\train\HLTY\HLTY_194_s80_0_sg0_5_ms20_info.txt
train,HLTY,healthy,D:\gemma4\segmentation_lattuce-desease\Roboflow_Dataset\train\HLTY\HLTY_195.JPG,HLTY_195,1,HLTY_195_s80_0_sg0_5_ms20,D:\gemma4\segmentation_lattuce-desease\felzenszwalb_masks_output\train\HLTY\HLTY_195_s80_0_sg0_5_ms20_raw.png,D:\gemma4\segmentation_lattuce-desease\felzenszwalb_masks_output\train\HLTY\HLTY_195_s80_0_sg0_5_ms20_boundary.png,D:\gemma4\segmentation_lattuce-desease\felzenszwalb_masks_output\train\HLTY\HLTY_195_s80_0_sg0_5_ms20_colored.png,D:\gemma4\segmentation_lattuce-desease\felzenszwalb_masks_output\train\HLTY\HLTY_195_s80_0_sg0_5_ms20_info.txt
train,HLTY,healthy,D:\gemma4\segmentation_lattuce-desease\Roboflow_Dataset\train\HLTY\HLTY_197.JPG,HLTY_197,1,HLTY_197_s80_0_sg0_5_ms20,D:\gemma4\segmentation_lattuce-desease\felzenszwalb_masks_output\train\HLTY\HLTY_197_s80_0_sg0_5_ms20_raw.png,D:\gemma4\segmentation_lattuce-desease\felzenszwalb_masks_output\train\HLTY\HLTY_197_s80_0_sg0_5_ms20_boundary.png,D:\gemma4\segmentation_lattuce-desease\felzenszwalb_masks_output\train\HLTY\HLTY_197_s80_0_sg0_5_ms20_colored.png,D:\gemma4\segmentation_lattuce-desease\felzenszwalb_masks_output\train\HLTY\HLTY_197_s80_0_sg0_5_ms20_info.txt
train,HLTY,healthy,D:\gemma4\segmentation_lattuce-desease\Roboflow_Dataset\train\HLTY\HLTY_198.JPG,HLTY_198,1,HLTY_198_s80_0_sg0_5_ms20,D:\gemma4\segmentation_lattuce-desease\felzenszwalb_masks_output\train\HLTY\HLTY_198_s80_0_sg0_5_ms20_raw.png,D:\gemma4\segmentation_lattuce-desease\felzenszwalb_masks_output\train\HLTY\HLTY_198_s80_0_sg0_5_ms20_boundary.png,D:\gemma4\segmentation_lattuce-desease\felzenszwalb_masks_output\train\HLTY\HLTY_198_s80_0_sg0_5_ms20_colored.png,D:\gemma4\segmentation_lattuce-desease\felzenszwalb_masks_output\train\HLTY\HLTY_198_s80_0_sg0_5_ms20_info.txt
train,HLTY,healthy,D:\gemma4\segmentation_lattuce-desease\Roboflow_Dataset\train\HLTY\HLTY_199.JPG,HLTY_199,1,HLTY_199_s80_0_sg0_5_ms20,D:\gemma4\segmentation_lattuce-desease\felzenszwalb_masks_output\train\HLTY\HLTY_199_s80_0_sg0_5_ms20_raw.png,D:\gemma4\segmentation_lattuce-desease\felzenszwalb_masks_output\train\HLTY\HLTY_199_s80_0_sg0_5_ms20_boundary.png,D:\gemma4\segmentation_lattuce-desease\felzenszwalb_masks_output\train\HLTY\HLTY_199_s80_0_sg0_5_ms20_colored.png,D:\gemma4\segmentation_lattuce-desease\felzenszwalb_masks_output\train\HLTY\HLTY_199_s80_0_sg0_5_ms20_info.txt
train,HLTY,healthy,D:\gemma4\segmentation_lattuce-desease\Roboflow_Dataset\train\HLTY\HLTY_2.JPG,HLTY_2,1,HLTY_2_s80_0_sg0_5_ms20,D:\gemma4\segmentation_lattuce-desease\felzenszwalb_masks_output\train\HLTY\HLTY_2_s80_0_sg0_5_ms20_raw.png,D:\gemma4\segmentation_lattuce-desease\felzenszwalb_masks_output\train\HLTY\HLTY_2_s80_0_sg0_5_ms20_boundary.png,D:\gemma4\segmentation_lattuce-desease\felzenszwalb_masks_output\train\HLTY\HLTY_2_s80_0_sg0_5_ms20_colored.png,D:\gemma4\segmentation_lattuce-desease\felzenszwalb_masks_output\train\HLTY\HLTY_2_s80_0_sg0_5_ms20_info.txt
train,HLTY,healthy,D:\gemma4\segmentation_lattuce-desease\Roboflow_Dataset\train\HLTY\HLTY_20.JPG,HLTY_20,1,HLTY_20_s80_0_sg0_5_ms20,D:\gemma4\segmentation_lattuce-desease\felzenszwalb_masks_output\train\HLTY\HLTY_20_s80_0_sg0_5_ms20_raw.png,D:\gemma4\segmentation_lattuce-desease\felzenszwalb_masks_output\train\HLTY\HLTY_20_s80_0_sg0_5_ms20_boundary.png,D:\gemma4\segmentation_lattuce-desease\felzenszwalb_masks_output\train\HLTY\HLTY_20_s80_0_sg0_5_ms20_colored.png,D:\gemma4\segmentation_lattuce-desease\felzenszwalb_masks_output\train\HLTY\HLTY_20_s80_0_sg0_5_ms20_info.txt
train,HLTY,healthy,D:\gemma4\segmentation_lattuce-desease\Roboflow_Dataset\train\HLTY\HLTY_200.JPG,HLTY_200,1,HLTY_200_s80_0_sg0_5_ms20,D:\gemma4\segmentation_lattuce-desease\felzenszwalb_masks_output\train\HLTY\HLTY_200_s80_0_sg0_5_ms20_raw.png,D:\gemma4\segmentation_lattuce-desease\felzenszwalb_masks_output\train\HLTY\HLTY_200_s80_0_sg0_5_ms20_boundary.png,D:\gemma4\segmentation_lattuce-desease\felzenszwalb_masks_output\train\HLTY\HLTY_200_s80_0_sg0_5_ms20_colored.png,D:\gemma4\segmentation_lattuce-desease\felzenszwalb_masks_output\train\HLTY\HLTY_200_s80_0_sg0_5_ms20_info.txt
train,HLTY,healthy,D:\gemma4\segmentation_lattuce-desease\Roboflow_Dataset\train\HLTY\HLTY_201.JPG,HLTY_201,1,HLTY_201_s80_0_sg0_5_ms20,D:\gemma4\segmentation_lattuce-desease\felzenszwalb_masks_output\train\HLTY\HLTY_201_s80_0_sg0_5_ms20_raw.png,D:\gemma4\segmentation_lattuce-desease\felzenszwalb_masks_output\train\HLTY\HLTY_201_s80_0_sg0_5_ms20_boundary.png,D:\gemma4\segmentation_lattuce-desease\felzenszwalb_masks_output\train\HLTY\HLTY_201_s80_0_sg0_5_ms20_colored.png,D:\gemma4\segmentation_lattuce-desease\felzenszwalb_masks_output\train\HLTY\HLTY_201_s80_0_sg0_5_ms20_info.txt
train,HLTY,healthy,D:\gemma4\segmentation_lattuce-desease\Roboflow_Dataset\train\HLTY\HLTY_202.JPG,HLTY_202,1,HLTY_202_s80_0_sg0_5_ms20,D:\gemma4\segmentation_lattuce-desease\felzenszwalb_masks_output\train\HLTY\HLTY_202_s80_0_sg0_5_ms20_raw.png,D:\gemma4\segmentation_lattuce-desease\felzenszwalb_masks_output\train\HLTY\HLTY_202_s80_0_sg0_5_ms20_boundary.png,D:\gemma4\segmentation_lattuce-desease\felzenszwalb_masks_output\train\HLTY\HLTY_202_s80_0_sg0_5_ms20_colored.png,D:\gemma4\segmentation_lattuce-desease\felzenszwalb_masks_output\train\HLTY\HLTY_202_s80_0_sg0_5_ms20_info.txt
train,HLTY,healthy,D:\gemma4\segmentation_lattuce-desease\Roboflow_Dataset\train\HLTY\HLTY_203.JPG,HLTY_203,1,HLTY_203_s80_0_sg0_5_ms20,D:\gemma4\segmentation_lattuce-desease\felzenszwalb_masks_output\train\HLTY\HLTY_203_s80_0_sg0_5_ms20_raw.png,D:\gemma4\segmentation_lattuce-desease\felzenszwalb_masks_output\train\HLTY\HLTY_203_s80_0_sg0_5_ms20_boundary.png,D:\gemma4\segmentation_lattuce-desease\felzenszwalb_masks_output\train\HLTY\HLTY_203_s80_0_sg0_5_ms20_colored.png,D:\gemma4\segmentation_lattuce-desease\felzenszwalb_masks_output\train\HLTY\HLTY_203_s80_0_sg0_5_ms20_info.txt
train,HLTY,healthy,D:\gemma4\segmentation_lattuce-desease\Roboflow_Dataset\train\HLTY\HLTY_204.JPG,HLTY_204,1,HLTY_204_s80_0_sg0_5_ms20,D:\gemma4\segmentation_lattuce-desease\felzenszwalb_masks_output\train\HLTY\HLTY_204_s80_0_sg0_5_ms20_raw.png,D:\gemma4\segmentation_lattuce-desease\felzenszwalb_masks_output\train\HLTY\HLTY_204_s80_0_sg0_5_ms20_boundary.png,D:\gemma4\segmentation_lattuce-desease\felzenszwalb_masks_output\train\HLTY\HLTY_204_s80_0_sg0_5_ms20_colored.png,D:\gemma4\segmentation_lattuce-desease\felzenszwalb_masks_output\train\HLTY\HLTY_204_s80_0_sg0_5_ms20_info.txt
train,HLTY,healthy,D:\gemma4\segmentation_lattuce-desease\Roboflow_Dataset\train\HLTY\HLTY_205.JPG,HLTY_205,1,HLTY_205_s80_0_sg0_5_ms20,D:\gemma4\segmentation_lattuce-desease\felzenszwalb_masks_output\train\HLTY\HLTY_205_s80_0_sg0_5_ms20_raw.png,D:\gemma4\segmentation_lattuce-desease\felzenszwalb_masks_output\train\HLTY\HLTY_205_s80_0_sg0_5_ms20_boundary.png,D:\gemma4\segmentation_lattuce-desease\felzenszwalb_masks_output\train\HLTY\HLTY_205_s80_0_sg0_5_ms20_colored.png,D:\gemma4\segmentation_lattuce-desease\felzenszwalb_masks_output\train\HLTY\HLTY_205_s80_0_sg0_5_ms20_info.txt
train,HLTY,healthy,D:\gemma4\segmentation_lattuce-desease\Roboflow_Dataset\train\HLTY\HLTY_208.JPG,HLTY_208,1,HLTY_208_s80_0_sg0_5_ms20,D:\gemma4\segmentation_lattuce-desease\felzenszwalb_masks_output\train\HLTY\HLTY_208_s80_0_sg0_5_ms20_raw.png,D:\gemma4\segmentation_lattuce-desease\felzenszwalb_masks_output\train\HLTY\HLTY_208_s80_0_sg0_5_ms20_boundary.png,D:\gemma4\segmentation_lattuce-desease\felzenszwalb_masks_output\train\HLTY\HLTY_208_s80_0_sg0_5_ms20_colored.png,D:\gemma4\segmentation_lattuce-desease\felzenszwalb_masks_output\train\HLTY\HLTY_208_s80_0_sg0_5_ms20_info.txt
train,HLTY,healthy,D:\gemma4\segmentation_lattuce-desease\Roboflow_Dataset\train\HLTY\HLTY_209.JPG,HLTY_209,1,HLTY_209_s80_0_sg0_5_ms20,D:\gemma4\segmentation_lattuce-desease\felzenszwalb_masks_output\train\HLTY\HLTY_209_s80_0_sg0_5_ms20_raw.png,D:\gemma4\segmentation_lattuce-desease\felzenszwalb_masks_output\train\HLTY\HLTY_209_s80_0_sg0_5_ms20_boundary.png,D:\gemma4\segmentation_lattuce-desease\felzenszwalb_masks_output\train\HLTY\HLTY_209_s80_0_sg0_5_ms20_colored.png,D:\gemma4\segmentation_lattuce-desease\felzenszwalb_masks_output\train\HLTY\HLTY_209_s80_0_sg0_5_ms20_info.txt
train,HLTY,healthy,D:\gemma4\segmentation_lattuce-desease\Roboflow_Dataset\train\HLTY\HLTY_210.JPG,HLTY_210,1,HLTY_210_s80_0_sg0_5_ms20,D:\gemma4\segmentation_lattuce-desease\felzenszwalb_masks_output\train\HLTY\HLTY_210_s80_0_sg0_5_ms20_raw.png,D:\gemma4\segmentation_lattuce-desease\felzenszwalb_masks_output\train\HLTY\HLTY_210_s80_0_sg0_5_ms20_boundary.png,D:\gemma4\segmentation_lattuce-desease\felzenszwalb_masks_output\train\HLTY\HLTY_210_s80_0_sg0_5_ms20_colored.png,D:\gemma4\segmentation_lattuce-desease\felzenszwalb_masks_output\train\HLTY\HLTY_210_s80_0_sg0_5_ms20_info.txt
train,HLTY,healthy,D:\gemma4\segmentation_lattuce-desease\Roboflow_Dataset\train\HLTY\HLTY_211.JPG,HLTY_211,1,HLTY_211_s80_0_sg0_5_ms20,D:\gemma4\segmentation_lattuce-desease\felzenszwalb_masks_output\train\HLTY\HLTY_211_s80_0_sg0_5_ms20_raw.png,D:\gemma4\segmentation_lattuce-desease\felzenszwalb_masks_output\train\HLTY\HLTY_211_s80_0_sg0_5_ms20_boundary.png,D:\gemma4\segmentation_lattuce-desease\felzenszwalb_masks_output\train\HLTY\HLTY_211_s80_0_sg0_5_ms20_colored.png,D:\gemma4\segmentation_lattuce-desease\felzenszwalb_masks_output\train\HLTY\HLTY_211_s80_0_sg0_5_ms20_info.txt
train,HLTY,healthy,D:\gemma4\segmentation_lattuce-desease\Roboflow_Dataset\train\HLTY\HLTY_212.JPG,HLTY_212,1,HLTY_212_s80_0_sg0_5_ms20,D:\gemma4\segmentation_lattuce-desease\felzenszwalb_masks_output\train\HLTY\HLTY_212_s80_0_sg0_5_ms20_raw.png,D:\gemma4\segmentation_lattuce-desease\felzenszwalb_masks_output\train\HLTY\HLTY_212_s80_0_sg0_5_ms20_boundary.png,D:\gemma4\segmentation_lattuce-desease\felzenszwalb_masks_output\train\HLTY\HLTY_212_s80_0_sg0_5_ms20_colored.png,D:\gemma4\segmentation_lattuce-desease\felzenszwalb_masks_output\train\HLTY\HLTY_212_s80_0_sg0_5_ms20_info.txt
train,HLTY,healthy,D:\gemma4\segmentation_lattuce-desease\Roboflow_Dataset\train\HLTY\HLTY_213.JPG,HLTY_213,1,HLTY_213_s80_0_sg0_5_ms20,D:\gemma4\segmentation_lattuce-desease\felzenszwalb_masks_output\train\HLTY\HLTY_213_s80_0_sg0_5_ms20_raw.png,D:\gemma4\segmentation_lattuce-desease\felzenszwalb_masks_output\train\HLTY\HLTY_213_s80_0_sg0_5_ms20_boundary.png,D:\gemma4\segmentation_lattuce-desease\felzenszwalb_masks_output\train\HLTY\HLTY_213_s80_0_sg0_5_ms20_colored.png,D:\gemma4\segmentation_lattuce-desease\felzenszwalb_masks_output\train\HLTY\HLTY_213_s80_0_sg0_5_ms20_info.txt
train,HLTY,healthy,D:\gemma4\segmentation_lattuce-desease\Roboflow_Dataset\train\HLTY\HLTY_214.JPG,HLTY_214,1,HLTY_214_s80_0_sg0_5_ms20,D:\gemma4\segmentation_lattuce-desease\felzenszwalb_masks_output\train\HLTY\HLTY_214_s80_0_sg0_5_ms20_raw.png,D:\gemma4\segmentation_lattuce-desease\felzenszwalb_masks_output\train\HLTY\HLTY_214_s80_0_sg0_5_ms20_boundary.png,D:\gemma4\segmentation_lattuce-desease\felzenszwalb_masks_output\train\HLTY\HLTY_214_s80_0_sg0_5_ms20_colored.png,D:\gemma4\segmentation_lattuce-desease\felzenszwalb_masks_output\train\HLTY\HLTY_214_s80_0_sg0_5_ms20_info.txt
train,HLTY,healthy,D:\gemma4\segmentation_lattuce-desease\Roboflow_Dataset\train\HLTY\HLTY_215.JPG,HLTY_215,1,HLTY_215_s80_0_sg0_5_ms20,D:\gemma4\segmentation_lattuce-desease\felzenszwalb_masks_output\train\HLTY\HLTY_215_s80_0_sg0_5_ms20_raw.png,D:\gemma4\segmentation_lattuce-desease\felzenszwalb_masks_output\train\HLTY\HLTY_215_s80_0_sg0_5_ms20_boundary.png,D:\gemma4\segmentation_lattuce-desease\felzenszwalb_masks_output\train\HLTY\HLTY_215_s80_0_sg0_5_ms20_colored.png,D:\gemma4\segmentation_lattuce-desease\felzenszwalb_masks_output\train\HLTY\HLTY_215_s80_0_sg0_5_ms20_info.txt
train,HLTY,healthy,D:\gemma4\segmentation_lattuce-desease\Roboflow_Dataset\train\HLTY\HLTY_216.JPG,HLTY_216,1,HLTY_216_s80_0_sg0_5_ms20,D:\gemma4\segmentation_lattuce-desease\felzenszwalb_masks_output\train\HLTY\HLTY_216_s80_0_sg0_5_ms20_raw.png,D:\gemma4\segmentation_lattuce-desease\felzenszwalb_masks_output\train\HLTY\HLTY_216_s80_0_sg0_5_ms20_boundary.png,D:\gemma4\segmentation_lattuce-desease\felzenszwalb_masks_output\train\HLTY\HLTY_216_s80_0_sg0_5_ms20_colored.png,D:\gemma4\segmentation_lattuce-desease\felzenszwalb_masks_output\train\HLTY\HLTY_216_s80_0_sg0_5_ms20_info.txt
train,HLTY,healthy,D:\gemma4\segmentation_lattuce-desease\Roboflow_Dataset\train\HLTY\HLTY_217.JPG,HLTY_217,1,HLTY_217_s80_0_sg0_5_ms20,D:\gemma4\segmentation_lattuce-desease\felzenszwalb_masks_output\train\HLTY\HLTY_217_s80_0_sg0_5_ms20_raw.png,D:\gemma4\segmentation_lattuce-desease\felzenszwalb_masks_output\train\HLTY\HLTY_217_s80_0_sg0_5_ms20_boundary.png,D:\gemma4\segmentation_lattuce-desease\felzenszwalb_masks_output\train\HLTY\HLTY_217_s80_0_sg0_5_ms20_colored.png,D:\gemma4\segmentation_lattuce-desease\felzenszwalb_masks_output\train\HLTY\HLTY_217_s80_0_sg0_5_ms20_info.txt
train,HLTY,healthy,D:\gemma4\segmentation_lattuce-desease\Roboflow_Dataset\train\HLTY\HLTY_218.JPG,HLTY_218,1,HLTY_218_s80_0_sg0_5_ms20,D:\gemma4\segmentation_lattuce-desease\felzenszwalb_masks_output\train\HLTY\HLTY_218_s80_0_sg0_5_ms20_raw.png,D:\gemma4\segmentation_lattuce-desease\felzenszwalb_masks_output\train\HLTY\HLTY_218_s80_0_sg0_5_ms20_boundary.png,D:\gemma4\segmentation_lattuce-desease\felzenszwalb_masks_output\train\HLTY\HLTY_218_s80_0_sg0_5_ms20_colored.png,D:\gemma4\segmentation_lattuce-desease\felzenszwalb_masks_output\train\HLTY\HLTY_218_s80_0_sg0_5_ms20_info.txt
train,HLTY,healthy,D:\gemma4\segmentation_lattuce-desease\Roboflow_Dataset\train\HLTY\HLTY_219.JPG,HLTY_219,1,HLTY_219_s80_0_sg0_5_ms20,D:\gemma4\segmentation_lattuce-desease\felzenszwalb_masks_output\train\HLTY\HLTY_219_s80_0_sg0_5_ms20_raw.png,D:\gemma4\segmentation_lattuce-desease\felzenszwalb_masks_output\train\HLTY\HLTY_219_s80_0_sg0_5_ms20_boundary.png,D:\gemma4\segmentation_lattuce-desease\felzenszwalb_masks_output\train\HLTY\HLTY_219_s80_0_sg0_5_ms20_colored.png,D:\gemma4\segmentation_lattuce-desease\felzenszwalb_masks_output\train\HLTY\HLTY_219_s80_0_sg0_5_ms20_info.txt
train,HLTY,healthy,D:\gemma4\segmentation_lattuce-desease\Roboflow_Dataset\train\HLTY\HLTY_22.JPG,HLTY_22,1,HLTY_22_s80_0_sg0_5_ms20,D:\gemma4\segmentation_lattuce-desease\felzenszwalb_masks_output\train\HLTY\HLTY_22_s80_0_sg0_5_ms20_raw.png,D:\gemma4\segmentation_lattuce-desease\felzenszwalb_masks_output\train\HLTY\HLTY_22_s80_0_sg0_5_ms20_boundary.png,D:\gemma4\segmentation_lattuce-desease\felzenszwalb_masks_output\train\HLTY\HLTY_22_s80_0_sg0_5_ms20_colored.png,D:\gemma4\segmentation_lattuce-desease\felzenszwalb_masks_output\train\HLTY\HLTY_22_s80_0_sg0_5_ms20_info.txt
train,HLTY,healthy,D:\gemma4\segmentation_lattuce-desease\Roboflow_Dataset\train\HLTY\HLTY_220.JPG,HLTY_220,1,HLTY_220_s80_0_sg0_5_ms20,D:\gemma4\segmentation_lattuce-desease\felzenszwalb_masks_output\train\HLTY\HLTY_220_s80_0_sg0_5_ms20_raw.png,D:\gemma4\segmentation_lattuce-desease\felzenszwalb_masks_output\train\HLTY\HLTY_220_s80_0_sg0_5_ms20_boundary.png,D:\gemma4\segmentation_lattuce-desease\felzenszwalb_masks_output\train\HLTY\HLTY_220_s80_0_sg0_5_ms20_colored.png,D:\gemma4\segmentation_lattuce-desease\felzenszwalb_masks_output\train\HLTY\HLTY_220_s80_0_sg0_5_ms20_info.txt
train,HLTY,healthy,D:\gemma4\segmentation_lattuce-desease\Roboflow_Dataset\train\HLTY\HLTY_221.JPG,HLTY_221,1,HLTY_221_s80_0_sg0_5_ms20,D:\gemma4\segmentation_lattuce-desease\felzenszwalb_masks_output\train\HLTY\HLTY_221_s80_0_sg0_5_ms20_raw.png,D:\gemma4\segmentation_lattuce-desease\felzenszwalb_masks_output\train\HLTY\HLTY_221_s80_0_sg0_5_ms20_boundary.png,D:\gemma4\segmentation_lattuce-desease\felzenszwalb_masks_output\train\HLTY\HLTY_221_s80_0_sg0_5_ms20_colored.png,D:\gemma4\segmentation_lattuce-desease\felzenszwalb_masks_output\train\HLTY\HLTY_221_s80_0_sg0_5_ms20_info.txt
train,HLTY,healthy,D:\gemma4\segmentation_lattuce-desease\Roboflow_Dataset\train\HLTY\HLTY_222.JPG,HLTY_222,1,HLTY_222_s80_0_sg0_5_ms20,D:\gemma4\segmentation_lattuce-desease\felzenszwalb_masks_output\train\HLTY\HLTY_222_s80_0_sg0_5_ms20_raw.png,D:\gemma4\segmentation_lattuce-desease\felzenszwalb_masks_output\train\HLTY\HLTY_222_s80_0_sg0_5_ms20_boundary.png,D:\gemma4\segmentation_lattuce-desease\felzenszwalb_masks_output\train\HLTY\HLTY_222_s80_0_sg0_5_ms20_colored.png,D:\gemma4\segmentation_lattuce-desease\felzenszwalb_masks_output\train\HLTY\HLTY_222_s80_0_sg0_5_ms20_info.txt
train,HLTY,healthy,D:\gemma4\segmentation_lattuce-desease\Roboflow_Dataset\train\HLTY\HLTY_223.JPG,HLTY_223,1,HLTY_223_s80_0_sg0_5_ms20,D:\gemma4\segmentation_lattuce-desease\felzenszwalb_masks_output\train\HLTY\HLTY_223_s80_0_sg0_5_ms20_raw.png,D:\gemma4\segmentation_lattuce-desease\felzenszwalb_masks_output\train\HLTY\HLTY_223_s80_0_sg0_5_ms20_boundary.png,D:\gemma4\segmentation_lattuce-desease\felzenszwalb_masks_output\train\HLTY\HLTY_223_s80_0_sg0_5_ms20_colored.png,D:\gemma4\segmentation_lattuce-desease\felzenszwalb_masks_output\train\HLTY\HLTY_223_s80_0_sg0_5_ms20_info.txt
train,HLTY,healthy,D:\gemma4\segmentation_lattuce-desease\Roboflow_Dataset\train\HLTY\HLTY_224.JPG,HLTY_224,1,HLTY_224_s80_0_sg0_5_ms20,D:\gemma4\segmentation_lattuce-desease\felzenszwalb_masks_output\train\HLTY\HLTY_224_s80_0_sg0_5_ms20_raw.png,D:\gemma4\segmentation_lattuce-desease\felzenszwalb_masks_output\train\HLTY\HLTY_224_s80_0_sg0_5_ms20_boundary.png,D:\gemma4\segmentation_lattuce-desease\felzenszwalb_masks_output\train\HLTY\HLTY_224_s80_0_sg0_5_ms20_colored.png,D:\gemma4\segmentation_lattuce-desease\felzenszwalb_masks_output\train\HLTY\HLTY_224_s80_0_sg0_5_ms20_info.txt
train,HLTY,healthy,D:\gemma4\segmentation_lattuce-desease\Roboflow_Dataset\train\HLTY\HLTY_225.JPG,HLTY_225,1,HLTY_225_s80_0_sg0_5_ms20,D:\gemma4\segmentation_lattuce-desease\felzenszwalb_masks_output\train\HLTY\HLTY_225_s80_0_sg0_5_ms20_raw.png,D:\gemma4\segmentation_lattuce-desease\felzenszwalb_masks_output\train\HLTY\HLTY_225_s80_0_sg0_5_ms20_boundary.png,D:\gemma4\segmentation_lattuce-desease\felzenszwalb_masks_output\train\HLTY\HLTY_225_s80_0_sg0_5_ms20_colored.png,D:\gemma4\segmentation_lattuce-desease\felzenszwalb_masks_output\train\HLTY\HLTY_225_s80_0_sg0_5_ms20_info.txt
train,HLTY,healthy,D:\gemma4\segmentation_lattuce-desease\Roboflow_Dataset\train\HLTY\HLTY_227.JPG,HLTY_227,1,HLTY_227_s80_0_sg0_5_ms20,D:\gemma4\segmentation_lattuce-desease\felzenszwalb_masks_output\train\HLTY\HLTY_227_s80_0_sg0_5_ms20_raw.png,D:\gemma4\segmentation_lattuce-desease\felzenszwalb_masks_output\train\HLTY\HLTY_227_s80_0_sg0_5_ms20_boundary.png,D:\gemma4\segmentation_lattuce-desease\felzenszwalb_masks_output\train\HLTY\HLTY_227_s80_0_sg0_5_ms20_colored.png,D:\gemma4\segmentation_lattuce-desease\felzenszwalb_masks_output\train\HLTY\HLTY_227_s80_0_sg0_5_ms20_info.txt
train,HLTY,healthy,D:\gemma4\segmentation_lattuce-desease\Roboflow_Dataset\train\HLTY\HLTY_228.JPG,HLTY_228,1,HLTY_228_s80_0_sg0_5_ms20,D:\gemma4\segmentation_lattuce-desease\felzenszwalb_masks_output\train\HLTY\HLTY_228_s80_0_sg0_5_ms20_raw.png,D:\gemma4\segmentation_lattuce-desease\felzenszwalb_masks_output\train\HLTY\HLTY_228_s80_0_sg0_5_ms20_boundary.png,D:\gemma4\segmentation_lattuce-desease\felzenszwalb_masks_output\train\HLTY\HLTY_228_s80_0_sg0_5_ms20_colored.png,D:\gemma4\segmentation_lattuce-desease\felzenszwalb_masks_output\train\HLTY\HLTY_228_s80_0_sg0_5_ms20_info.txt
train,HLTY,healthy,D:\gemma4\segmentation_lattuce-desease\Roboflow_Dataset\train\HLTY\HLTY_229.JPG,HLTY_229,1,HLTY_229_s80_0_sg0_5_ms20,D:\gemma4\segmentation_lattuce-desease\felzenszwalb_masks_output\train\HLTY\HLTY_229_s80_0_sg0_5_ms20_raw.png,D:\gemma4\segmentation_lattuce-desease\felzenszwalb_masks_output\train\HLTY\HLTY_229_s80_0_sg0_5_ms20_boundary.png,D:\gemma4\segmentation_lattuce-desease\felzenszwalb_masks_output\train\HLTY\HLTY_229_s80_0_sg0_5_ms20_colored.png,D:\gemma4\segmentation_lattuce-desease\felzenszwalb_masks_output\train\HLTY\HLTY_229_s80_0_sg0_5_ms20_info.txt
train,HLTY,healthy,D:\gemma4\segmentation_lattuce-desease\Roboflow_Dataset\train\HLTY\HLTY_23.JPG,HLTY_23,1,HLTY_23_s80_0_sg0_5_ms20,D:\gemma4\segmentation_lattuce-desease\felzenszwalb_masks_output\train\HLTY\HLTY_23_s80_0_sg0_5_ms20_raw.png,D:\gemma4\segmentation_lattuce-desease\felzenszwalb_masks_output\train\HLTY\HLTY_23_s80_0_sg0_5_ms20_boundary.png,D:\gemma4\segmentation_lattuce-desease\felzenszwalb_masks_output\train\HLTY\HLTY_23_s80_0_sg0_5_ms20_colored.png,D:\gemma4\segmentation_lattuce-desease\felzenszwalb_masks_output\train\HLTY\HLTY_23_s80_0_sg0_5_ms20_info.txt
train,HLTY,healthy,D:\gemma4\segmentation_lattuce-desease\Roboflow_Dataset\train\HLTY\HLTY_231.JPG,HLTY_231,1,HLTY_231_s80_0_sg0_5_ms20,D:\gemma4\segmentation_lattuce-desease\felzenszwalb_masks_output\train\HLTY\HLTY_231_s80_0_sg0_5_ms20_raw.png,D:\gemma4\segmentation_lattuce-desease\felzenszwalb_masks_output\train\HLTY\HLTY_231_s80_0_sg0_5_ms20_boundary.png,D:\gemma4\segmentation_lattuce-desease\felzenszwalb_masks_output\train\HLTY\HLTY_231_s80_0_sg0_5_ms20_colored.png,D:\gemma4\segmentation_lattuce-desease\felzenszwalb_masks_output\train\HLTY\HLTY_231_s80_0_sg0_5_ms20_info.txt
train,HLTY,healthy,D:\gemma4\segmentation_lattuce-desease\Roboflow_Dataset\train\HLTY\HLTY_232.JPG,HLTY_232,1,HLTY_232_s80_0_sg0_5_ms20,D:\gemma4\segmentation_lattuce-desease\felzenszwalb_masks_output\train\HLTY\HLTY_232_s80_0_sg0_5_ms20_raw.png,D:\gemma4\segmentation_lattuce-desease\felzenszwalb_masks_output\train\HLTY\HLTY_232_s80_0_sg0_5_ms20_boundary.png,D:\gemma4\segmentation_lattuce-desease\felzenszwalb_masks_output\train\HLTY\HLTY_232_s80_0_sg0_5_ms20_colored.png,D:\gemma4\segmentation_lattuce-desease\felzenszwalb_masks_output\train\HLTY\HLTY_232_s80_0_sg0_5_ms20_info.txt
train,HLTY,healthy,D:\gemma4\segmentation_lattuce-desease\Roboflow_Dataset\train\HLTY\HLTY_233.JPG,HLTY_233,1,HLTY_233_s80_0_sg0_5_ms20,D:\gemma4\segmentation_lattuce-desease\felzenszwalb_masks_output\train\HLTY\HLTY_233_s80_0_sg0_5_ms20_raw.png,D:\gemma4\segmentation_lattuce-desease\felzenszwalb_masks_output\train\HLTY\HLTY_233_s80_0_sg0_5_ms20_boundary.png,D:\gemma4\segmentation_lattuce-desease\felzenszwalb_masks_output\train\HLTY\HLTY_233_s80_0_sg0_5_ms20_colored.png,D:\gemma4\segmentation_lattuce-desease\felzenszwalb_masks_output\train\HLTY\HLTY_233_s80_0_sg0_5_ms20_info.txt
train,HLTY,healthy,D:\gemma4\segmentation_lattuce-desease\Roboflow_Dataset\train\HLTY\HLTY_234.JPG,HLTY_234,1,HLTY_234_s80_0_sg0_5_ms20,D:\gemma4\segmentation_lattuce-desease\felzenszwalb_masks_output\train\HLTY\HLTY_234_s80_0_sg0_5_ms20_raw.png,D:\gemma4\segmentation_lattuce-desease\felzenszwalb_masks_output\train\HLTY\HLTY_234_s80_0_sg0_5_ms20_boundary.png,D:\gemma4\segmentation_lattuce-desease\felzenszwalb_masks_output\train\HLTY\HLTY_234_s80_0_sg0_5_ms20_colored.png,D:\gemma4\segmentation_lattuce-desease\felzenszwalb_masks_output\train\HLTY\HLTY_234_s80_0_sg0_5_ms20_info.txt
train,HLTY,healthy,D:\gemma4\segmentation_lattuce-desease\Roboflow_Dataset\train\HLTY\HLTY_236.JPG,HLTY_236,1,HLTY_236_s80_0_sg0_5_ms20,D:\gemma4\segmentation_lattuce-desease\felzenszwalb_masks_output\train\HLTY\HLTY_236_s80_0_sg0_5_ms20_raw.png,D:\gemma4\segmentation_lattuce-desease\felzenszwalb_masks_output\train\HLTY\HLTY_236_s80_0_sg0_5_ms20_boundary.png,D:\gemma4\segmentation_lattuce-desease\felzenszwalb_masks_output\train\HLTY\HLTY_236_s80_0_sg0_5_ms20_colored.png,D:\gemma4\segmentation_lattuce-desease\felzenszwalb_masks_output\train\HLTY\HLTY_236_s80_0_sg0_5_ms20_info.txt
train,HLTY,healthy,D:\gemma4\segmentation_lattuce-desease\Roboflow_Dataset\train\HLTY\HLTY_237.JPG,HLTY_237,1,HLTY_237_s80_0_sg0_5_ms20,D:\gemma4\segmentation_lattuce-desease\felzenszwalb_masks_output\train\HLTY\HLTY_237_s80_0_sg0_5_ms20_raw.png,D:\gemma4\segmentation_lattuce-desease\felzenszwalb_masks_output\train\HLTY\HLTY_237_s80_0_sg0_5_ms20_boundary.png,D:\gemma4\segmentation_lattuce-desease\felzenszwalb_masks_output\train\HLTY\HLTY_237_s80_0_sg0_5_ms20_colored.png,D:\gemma4\segmentation_lattuce-desease\felzenszwalb_masks_output\train\HLTY\HLTY_237_s80_0_sg0_5_ms20_info.txt
train,HLTY,healthy,D:\gemma4\segmentation_lattuce-desease\Roboflow_Dataset\train\HLTY\HLTY_238.JPG,HLTY_238,1,HLTY_238_s80_0_sg0_5_ms20,D:\gemma4\segmentation_lattuce-desease\felzenszwalb_masks_output\train\HLTY\HLTY_238_s80_0_sg0_5_ms20_raw.png,D:\gemma4\segmentation_lattuce-desease\felzenszwalb_masks_output\train\HLTY\HLTY_238_s80_0_sg0_5_ms20_boundary.png,D:\gemma4\segmentation_lattuce-desease\felzenszwalb_masks_output\train\HLTY\HLTY_238_s80_0_sg0_5_ms20_colored.png,D:\gemma4\segmentation_lattuce-desease\felzenszwalb_masks_output\train\HLTY\HLTY_238_s80_0_sg0_5_ms20_info.txt
train,HLTY,healthy,D:\gemma4\segmentation_lattuce-desease\Roboflow_Dataset\train\HLTY\HLTY_239.JPG,HLTY_239,1,HLTY_239_s80_0_sg0_5_ms20,D:\gemma4\segmentation_lattuce-desease\felzenszwalb_masks_output\train\HLTY\HLTY_239_s80_0_sg0_5_ms20_raw.png,D:\gemma4\segmentation_lattuce-desease\felzenszwalb_masks_output\train\HLTY\HLTY_239_s80_0_sg0_5_ms20_boundary.png,D:\gemma4\segmentation_lattuce-desease\felzenszwalb_masks_output\train\HLTY\HLTY_239_s80_0_sg0_5_ms20_colored.png,D:\gemma4\segmentation_lattuce-desease\felzenszwalb_masks_output\train\HLTY\HLTY_239_s80_0_sg0_5_ms20_info.txt
train,HLTY,healthy,D:\gemma4\segmentation_lattuce-desease\Roboflow_Dataset\train\HLTY\HLTY_24.JPG,HLTY_24,1,HLTY_24_s80_0_sg0_5_ms20,D:\gemma4\segmentation_lattuce-desease\felzenszwalb_masks_output\train\HLTY\HLTY_24_s80_0_sg0_5_ms20_raw.png,D:\gemma4\segmentation_lattuce-desease\felzenszwalb_masks_output\train\HLTY\HLTY_24_s80_0_sg0_5_ms20_boundary.png,D:\gemma4\segmentation_lattuce-desease\felzenszwalb_masks_output\train\HLTY\HLTY_24_s80_0_sg0_5_ms20_colored.png,D:\gemma4\segmentation_lattuce-desease\felzenszwalb_masks_output\train\HLTY\HLTY_24_s80_0_sg0_5_ms20_info.txt
train,HLTY,healthy,D:\gemma4\segmentation_lattuce-desease\Roboflow_Dataset\train\HLTY\HLTY_240.JPG,HLTY_240,1,HLTY_240_s80_0_sg0_5_ms20,D:\gemma4\segmentation_lattuce-desease\felzenszwalb_masks_output\train\HLTY\HLTY_240_s80_0_sg0_5_ms20_raw.png,D:\gemma4\segmentation_lattuce-desease\felzenszwalb_masks_output\train\HLTY\HLTY_240_s80_0_sg0_5_ms20_boundary.png,D:\gemma4\segmentation_lattuce-desease\felzenszwalb_masks_output\train\HLTY\HLTY_240_s80_0_sg0_5_ms20_colored.png,D:\gemma4\segmentation_lattuce-desease\felzenszwalb_masks_output\train\HLTY\HLTY_240_s80_0_sg0_5_ms20_info.txt
train,HLTY,healthy,D:\gemma4\segmentation_lattuce-desease\Roboflow_Dataset\train\HLTY\HLTY_241.JPG,HLTY_241,1,HLTY_241_s80_0_sg0_5_ms20,D:\gemma4\segmentation_lattuce-desease\felzenszwalb_masks_output\train\HLTY\HLTY_241_s80_0_sg0_5_ms20_raw.png,D:\gemma4\segmentation_lattuce-desease\felzenszwalb_masks_output\train\HLTY\HLTY_241_s80_0_sg0_5_ms20_boundary.png,D:\gemma4\segmentation_lattuce-desease\felzenszwalb_masks_output\train\HLTY\HLTY_241_s80_0_sg0_5_ms20_colored.png,D:\gemma4\segmentation_lattuce-desease\felzenszwalb_masks_output\train\HLTY\HLTY_241_s80_0_sg0_5_ms20_info.txt
train,HLTY,healthy,D:\gemma4\segmentation_lattuce-desease\Roboflow_Dataset\train\HLTY\HLTY_242.JPG,HLTY_242,1,HLTY_242_s80_0_sg0_5_ms20,D:\gemma4\segmentation_lattuce-desease\felzenszwalb_masks_output\train\HLTY\HLTY_242_s80_0_sg0_5_ms20_raw.png,D:\gemma4\segmentation_lattuce-desease\felzenszwalb_masks_output\train\HLTY\HLTY_242_s80_0_sg0_5_ms20_boundary.png,D:\gemma4\segmentation_lattuce-desease\felzenszwalb_masks_output\train\HLTY\HLTY_242_s80_0_sg0_5_ms20_colored.png,D:\gemma4\segmentation_lattuce-desease\felzenszwalb_masks_output\train\HLTY\HLTY_242_s80_0_sg0_5_ms20_info.txt
train,HLTY,healthy,D:\gemma4\segmentation_lattuce-desease\Roboflow_Dataset\train\HLTY\HLTY_243.JPG,HLTY_243,1,HLTY_243_s80_0_sg0_5_ms20,D:\gemma4\segmentation_lattuce-desease\felzenszwalb_masks_output\train\HLTY\HLTY_243_s80_0_sg0_5_ms20_raw.png,D:\gemma4\segmentation_lattuce-desease\felzenszwalb_masks_output\train\HLTY\HLTY_243_s80_0_sg0_5_ms20_boundary.png,D:\gemma4\segmentation_lattuce-desease\felzenszwalb_masks_output\train\HLTY\HLTY_243_s80_0_sg0_5_ms20_colored.png,D:\gemma4\segmentation_lattuce-desease\felzenszwalb_masks_output\train\HLTY\HLTY_243_s80_0_sg0_5_ms20_info.txt
train,HLTY,healthy,D:\gemma4\segmentation_lattuce-desease\Roboflow_Dataset\train\HLTY\HLTY_244.JPG,HLTY_244,1,HLTY_244_s80_0_sg0_5_ms20,D:\gemma4\segmentation_lattuce-desease\felzenszwalb_masks_output\train\HLTY\HLTY_244_s80_0_sg0_5_ms20_raw.png,D:\gemma4\segmentation_lattuce-desease\felzenszwalb_masks_output\train\HLTY\HLTY_244_s80_0_sg0_5_ms20_boundary.png,D:\gemma4\segmentation_lattuce-desease\felzenszwalb_masks_output\train\HLTY\HLTY_244_s80_0_sg0_5_ms20_colored.png,D:\gemma4\segmentation_lattuce-desease\felzenszwalb_masks_output\train\HLTY\HLTY_244_s80_0_sg0_5_ms20_info.txt
train,HLTY,healthy,D:\gemma4\segmentation_lattuce-desease\Roboflow_Dataset\train\HLTY\HLTY_246.JPG,HLTY_246,1,HLTY_246_s80_0_sg0_5_ms20,D:\gemma4\segmentation_lattuce-desease\felzenszwalb_masks_output\train\HLTY\HLTY_246_s80_0_sg0_5_ms20_raw.png,D:\gemma4\segmentation_lattuce-desease\felzenszwalb_masks_output\train\HLTY\HLTY_246_s80_0_sg0_5_ms20_boundary.png,D:\gemma4\segmentation_lattuce-desease\felzenszwalb_masks_output\train\HLTY\HLTY_246_s80_0_sg0_5_ms20_colored.png,D:\gemma4\segmentation_lattuce-desease\felzenszwalb_masks_output\train\HLTY\HLTY_246_s80_0_sg0_5_ms20_info.txt
train,HLTY,healthy,D:\gemma4\segmentation_lattuce-desease\Roboflow_Dataset\train\HLTY\HLTY_247.JPG,HLTY_247,1,HLTY_247_s80_0_sg0_5_ms20,D:\gemma4\segmentation_lattuce-desease\felzenszwalb_masks_output\train\HLTY\HLTY_247_s80_0_sg0_5_ms20_raw.png,D:\gemma4\segmentation_lattuce-desease\felzenszwalb_masks_output\train\HLTY\HLTY_247_s80_0_sg0_5_ms20_boundary.png,D:\gemma4\segmentation_lattuce-desease\felzenszwalb_masks_output\train\HLTY\HLTY_247_s80_0_sg0_5_ms20_colored.png,D:\gemma4\segmentation_lattuce-desease\felzenszwalb_masks_output\train\HLTY\HLTY_247_s80_0_sg0_5_ms20_info.txt
train,HLTY,healthy,D:\gemma4\segmentation_lattuce-desease\Roboflow_Dataset\train\HLTY\HLTY_251.JPG,HLTY_251,1,HLTY_251_s80_0_sg0_5_ms20,D:\gemma4\segmentation_lattuce-desease\felzenszwalb_masks_output\train\HLTY\HLTY_251_s80_0_sg0_5_ms20_raw.png,D:\gemma4\segmentation_lattuce-desease\felzenszwalb_masks_output\train\HLTY\HLTY_251_s80_0_sg0_5_ms20_boundary.png,D:\gemma4\segmentation_lattuce-desease\felzenszwalb_masks_output\train\HLTY\HLTY_251_s80_0_sg0_5_ms20_colored.png,D:\gemma4\segmentation_lattuce-desease\felzenszwalb_masks_output\train\HLTY\HLTY_251_s80_0_sg0_5_ms20_info.txt
train,HLTY,healthy,D:\gemma4\segmentation_lattuce-desease\Roboflow_Dataset\train\HLTY\HLTY_252.JPG,HLTY_252,1,HLTY_252_s80_0_sg0_5_ms20,D:\gemma4\segmentation_lattuce-desease\felzenszwalb_masks_output\train\HLTY\HLTY_252_s80_0_sg0_5_ms20_raw.png,D:\gemma4\segmentation_lattuce-desease\felzenszwalb_masks_output\train\HLTY\HLTY_252_s80_0_sg0_5_ms20_boundary.png,D:\gemma4\segmentation_lattuce-desease\felzenszwalb_masks_output\train\HLTY\HLTY_252_s80_0_sg0_5_ms20_colored.png,D:\gemma4\segmentation_lattuce-desease\felzenszwalb_masks_output\train\HLTY\HLTY_252_s80_0_sg0_5_ms20_info.txt
train,HLTY,healthy,D:\gemma4\segmentation_lattuce-desease\Roboflow_Dataset\train\HLTY\HLTY_253.JPG,HLTY_253,1,HLTY_253_s80_0_sg0_5_ms20,D:\gemma4\segmentation_lattuce-desease\felzenszwalb_masks_output\train\HLTY\HLTY_253_s80_0_sg0_5_ms20_raw.png,D:\gemma4\segmentation_lattuce-desease\felzenszwalb_masks_output\train\HLTY\HLTY_253_s80_0_sg0_5_ms20_boundary.png,D:\gemma4\segmentation_lattuce-desease\felzenszwalb_masks_output\train\HLTY\HLTY_253_s80_0_sg0_5_ms20_colored.png,D:\gemma4\segmentation_lattuce-desease\felzenszwalb_masks_output\train\HLTY\HLTY_253_s80_0_sg0_5_ms20_info.txt
train,HLTY,healthy,D:\gemma4\segmentation_lattuce-desease\Roboflow_Dataset\train\HLTY\HLTY_255.JPG,HLTY_255,1,HLTY_255_s80_0_sg0_5_ms20,D:\gemma4\segmentation_lattuce-desease\felzenszwalb_masks_output\train\HLTY\HLTY_255_s80_0_sg0_5_ms20_raw.png,D:\gemma4\segmentation_lattuce-desease\felzenszwalb_masks_output\train\HLTY\HLTY_255_s80_0_sg0_5_ms20_boundary.png,D:\gemma4\segmentation_lattuce-desease\felzenszwalb_masks_output\train\HLTY\HLTY_255_s80_0_sg0_5_ms20_colored.png,D:\gemma4\segmentation_lattuce-desease\felzenszwalb_masks_output\train\HLTY\HLTY_255_s80_0_sg0_5_ms20_info.txt
train,HLTY,healthy,D:\gemma4\segmentation_lattuce-desease\Roboflow_Dataset\train\HLTY\HLTY_257.JPG,HLTY_257,1,HLTY_257_s80_0_sg0_5_ms20,D:\gemma4\segmentation_lattuce-desease\felzenszwalb_masks_output\train\HLTY\HLTY_257_s80_0_sg0_5_ms20_raw.png,D:\gemma4\segmentation_lattuce-desease\felzenszwalb_masks_output\train\HLTY\HLTY_257_s80_0_sg0_5_ms20_boundary.png,D:\gemma4\segmentation_lattuce-desease\felzenszwalb_masks_output\train\HLTY\HLTY_257_s80_0_sg0_5_ms20_colored.png,D:\gemma4\segmentation_lattuce-desease\felzenszwalb_masks_output\train\HLTY\HLTY_257_s80_0_sg0_5_ms20_info.txt
train,HLTY,healthy,D:\gemma4\segmentation_lattuce-desease\Roboflow_Dataset\train\HLTY\HLTY_258.JPG,HLTY_258,1,HLTY_258_s80_0_sg0_5_ms20,D:\gemma4\segmentation_lattuce-desease\felzenszwalb_masks_output\train\HLTY\HLTY_258_s80_0_sg0_5_ms20_raw.png,D:\gemma4\segmentation_lattuce-desease\felzenszwalb_masks_output\train\HLTY\HLTY_258_s80_0_sg0_5_ms20_boundary.png,D:\gemma4\segmentation_lattuce-desease\felzenszwalb_masks_output\train\HLTY\HLTY_258_s80_0_sg0_5_ms20_colored.png,D:\gemma4\segmentation_lattuce-desease\felzenszwalb_masks_output\train\HLTY\HLTY_258_s80_0_sg0_5_ms20_info.txt
train,HLTY,healthy,D:\gemma4\segmentation_lattuce-desease\Roboflow_Dataset\train\HLTY\HLTY_259.JPG,HLTY_259,1,HLTY_259_s80_0_sg0_5_ms20,D:\gemma4\segmentation_lattuce-desease\felzenszwalb_masks_output\train\HLTY\HLTY_259_s80_0_sg0_5_ms20_raw.png,D:\gemma4\segmentation_lattuce-desease\felzenszwalb_masks_output\train\HLTY\HLTY_259_s80_0_sg0_5_ms20_boundary.png,D:\gemma4\segmentation_lattuce-desease\felzenszwalb_masks_output\train\HLTY\HLTY_259_s80_0_sg0_5_ms20_colored.png,D:\gemma4\segmentation_lattuce-desease\felzenszwalb_masks_output\train\HLTY\HLTY_259_s80_0_sg0_5_ms20_info.txt
train,HLTY,healthy,D:\gemma4\segmentation_lattuce-desease\Roboflow_Dataset\train\HLTY\HLTY_26.JPG,HLTY_26,1,HLTY_26_s80_0_sg0_5_ms20,D:\gemma4\segmentation_lattuce-desease\felzenszwalb_masks_output\train\HLTY\HLTY_26_s80_0_sg0_5_ms20_raw.png,D:\gemma4\segmentation_lattuce-desease\felzenszwalb_masks_output\train\HLTY\HLTY_26_s80_0_sg0_5_ms20_boundary.png,D:\gemma4\segmentation_lattuce-desease\felzenszwalb_masks_output\train\HLTY\HLTY_26_s80_0_sg0_5_ms20_colored.png,D:\gemma4\segmentation_lattuce-desease\felzenszwalb_masks_output\train\HLTY\HLTY_26_s80_0_sg0_5_ms20_info.txt
train,HLTY,healthy,D:\gemma4\segmentation_lattuce-desease\Roboflow_Dataset\train\HLTY\HLTY_260.JPG,HLTY_260,1,HLTY_260_s80_0_sg0_5_ms20,D:\gemma4\segmentation_lattuce-desease\felzenszwalb_masks_output\train\HLTY\HLTY_260_s80_0_sg0_5_ms20_raw.png,D:\gemma4\segmentation_lattuce-desease\felzenszwalb_masks_output\train\HLTY\HLTY_260_s80_0_sg0_5_ms20_boundary.png,D:\gemma4\segmentation_lattuce-desease\felzenszwalb_masks_output\train\HLTY\HLTY_260_s80_0_sg0_5_ms20_colored.png,D:\gemma4\segmentation_lattuce-desease\felzenszwalb_masks_output\train\HLTY\HLTY_260_s80_0_sg0_5_ms20_info.txt
train,HLTY,healthy,D:\gemma4\segmentation_lattuce-desease\Roboflow_Dataset\train\HLTY\HLTY_261.JPG,HLTY_261,1,HLTY_261_s80_0_sg0_5_ms20,D:\gemma4\segmentation_lattuce-desease\felzenszwalb_masks_output\train\HLTY\HLTY_261_s80_0_sg0_5_ms20_raw.png,D:\gemma4\segmentation_lattuce-desease\felzenszwalb_masks_output\train\HLTY\HLTY_261_s80_0_sg0_5_ms20_boundary.png,D:\gemma4\segmentation_lattuce-desease\felzenszwalb_masks_output\train\HLTY\HLTY_261_s80_0_sg0_5_ms20_colored.png,D:\gemma4\segmentation_lattuce-desease\felzenszwalb_masks_output\train\HLTY\HLTY_261_s80_0_sg0_5_ms20_info.txt
train,HLTY,healthy,D:\gemma4\segmentation_lattuce-desease\Roboflow_Dataset\train\HLTY\HLTY_262.JPG,HLTY_262,1,HLTY_262_s80_0_sg0_5_ms20,D:\gemma4\segmentation_lattuce-desease\felzenszwalb_masks_output\train\HLTY\HLTY_262_s80_0_sg0_5_ms20_raw.png,D:\gemma4\segmentation_lattuce-desease\felzenszwalb_masks_output\train\HLTY\HLTY_262_s80_0_sg0_5_ms20_boundary.png,D:\gemma4\segmentation_lattuce-desease\felzenszwalb_masks_output\train\HLTY\HLTY_262_s80_0_sg0_5_ms20_colored.png,D:\gemma4\segmentation_lattuce-desease\felzenszwalb_masks_output\train\HLTY\HLTY_262_s80_0_sg0_5_ms20_info.txt
train,HLTY,healthy,D:\gemma4\segmentation_lattuce-desease\Roboflow_Dataset\train\HLTY\HLTY_263.JPG,HLTY_263,1,HLTY_263_s80_0_sg0_5_ms20,D:\gemma4\segmentation_lattuce-desease\felzenszwalb_masks_output\train\HLTY\HLTY_263_s80_0_sg0_5_ms20_raw.png,D:\gemma4\segmentation_lattuce-desease\felzenszwalb_masks_output\train\HLTY\HLTY_263_s80_0_sg0_5_ms20_boundary.png,D:\gemma4\segmentation_lattuce-desease\felzenszwalb_masks_output\train\HLTY\HLTY_263_s80_0_sg0_5_ms20_colored.png,D:\gemma4\segmentation_lattuce-desease\felzenszwalb_masks_output\train\HLTY\HLTY_263_s80_0_sg0_5_ms20_info.txt
train,HLTY,healthy,D:\gemma4\segmentation_lattuce-desease\Roboflow_Dataset\train\HLTY\HLTY_264.JPG,HLTY_264,1,HLTY_264_s80_0_sg0_5_ms20,D:\gemma4\segmentation_lattuce-desease\felzenszwalb_masks_output\train\HLTY\HLTY_264_s80_0_sg0_5_ms20_raw.png,D:\gemma4\segmentation_lattuce-desease\felzenszwalb_masks_output\train\HLTY\HLTY_264_s80_0_sg0_5_ms20_boundary.png,D:\gemma4\segmentation_lattuce-desease\felzenszwalb_masks_output\train\HLTY\HLTY_264_s80_0_sg0_5_ms20_colored.png,D:\gemma4\segmentation_lattuce-desease\felzenszwalb_masks_output\train\HLTY\HLTY_264_s80_0_sg0_5_ms20_info.txt
train,HLTY,healthy,D:\gemma4\segmentation_lattuce-desease\Roboflow_Dataset\train\HLTY\HLTY_267.JPG,HLTY_267,1,HLTY_267_s80_0_sg0_5_ms20,D:\gemma4\segmentation_lattuce-desease\felzenszwalb_masks_output\train\HLTY\HLTY_267_s80_0_sg0_5_ms20_raw.png,D:\gemma4\segmentation_lattuce-desease\felzenszwalb_masks_output\train\HLTY\HLTY_267_s80_0_sg0_5_ms20_boundary.png,D:\gemma4\segmentation_lattuce-desease\felzenszwalb_masks_output\train\HLTY\HLTY_267_s80_0_sg0_5_ms20_colored.png,D:\gemma4\segmentation_lattuce-desease\felzenszwalb_masks_output\train\HLTY\HLTY_267_s80_0_sg0_5_ms20_info.txt
train,HLTY,healthy,D:\gemma4\segmentation_lattuce-desease\Roboflow_Dataset\train\HLTY\HLTY_268.JPG,HLTY_268,1,HLTY_268_s80_0_sg0_5_ms20,D:\gemma4\segmentation_lattuce-desease\felzenszwalb_masks_output\train\HLTY\HLTY_268_s80_0_sg0_5_ms20_raw.png,D:\gemma4\segmentation_lattuce-desease\felzenszwalb_masks_output\train\HLTY\HLTY_268_s80_0_sg0_5_ms20_boundary.png,D:\gemma4\segmentation_lattuce-desease\felzenszwalb_masks_output\train\HLTY\HLTY_268_s80_0_sg0_5_ms20_colored.png,D:\gemma4\segmentation_lattuce-desease\felzenszwalb_masks_output\train\HLTY\HLTY_268_s80_0_sg0_5_ms20_info.txt
train,HLTY,healthy,D:\gemma4\segmentation_lattuce-desease\Roboflow_Dataset\train\HLTY\HLTY_269.JPG,HLTY_269,1,HLTY_269_s80_0_sg0_5_ms20,D:\gemma4\segmentation_lattuce-desease\felzenszwalb_masks_output\train\HLTY\HLTY_269_s80_0_sg0_5_ms20_raw.png,D:\gemma4\segmentation_lattuce-desease\felzenszwalb_masks_output\train\HLTY\HLTY_269_s80_0_sg0_5_ms20_boundary.png,D:\gemma4\segmentation_lattuce-desease\felzenszwalb_masks_output\train\HLTY\HLTY_269_s80_0_sg0_5_ms20_colored.png,D:\gemma4\segmentation_lattuce-desease\felzenszwalb_masks_output\train\HLTY\HLTY_269_s80_0_sg0_5_ms20_info.txt
train,HLTY,healthy,D:\gemma4\segmentation_lattuce-desease\Roboflow_Dataset\train\HLTY\HLTY_27.JPG,HLTY_27,1,HLTY_27_s80_0_sg0_5_ms20,D:\gemma4\segmentation_lattuce-desease\felzenszwalb_masks_output\train\HLTY\HLTY_27_s80_0_sg0_5_ms20_raw.png,D:\gemma4\segmentation_lattuce-desease\felzenszwalb_masks_output\train\HLTY\HLTY_27_s80_0_sg0_5_ms20_boundary.png,D:\gemma4\segmentation_lattuce-desease\felzenszwalb_masks_output\train\HLTY\HLTY_27_s80_0_sg0_5_ms20_colored.png,D:\gemma4\segmentation_lattuce-desease\felzenszwalb_masks_output\train\HLTY\HLTY_27_s80_0_sg0_5_ms20_info.txt
train,HLTY,healthy,D:\gemma4\segmentation_lattuce-desease\Roboflow_Dataset\train\HLTY\HLTY_270.JPG,HLTY_270,1,HLTY_270_s80_0_sg0_5_ms20,D:\gemma4\segmentation_lattuce-desease\felzenszwalb_masks_output\train\HLTY\HLTY_270_s80_0_sg0_5_ms20_raw.png,D:\gemma4\segmentation_lattuce-desease\felzenszwalb_masks_output\train\HLTY\HLTY_270_s80_0_sg0_5_ms20_boundary.png,D:\gemma4\segmentation_lattuce-desease\felzenszwalb_masks_output\train\HLTY\HLTY_270_s80_0_sg0_5_ms20_colored.png,D:\gemma4\segmentation_lattuce-desease\felzenszwalb_masks_output\train\HLTY\HLTY_270_s80_0_sg0_5_ms20_info.txt
train,HLTY,healthy,D:\gemma4\segmentation_lattuce-desease\Roboflow_Dataset\train\HLTY\HLTY_271.JPG,HLTY_271,1,HLTY_271_s80_0_sg0_5_ms20,D:\gemma4\segmentation_lattuce-desease\felzenszwalb_masks_output\train\HLTY\HLTY_271_s80_0_sg0_5_ms20_raw.png,D:\gemma4\segmentation_lattuce-desease\felzenszwalb_masks_output\train\HLTY\HLTY_271_s80_0_sg0_5_ms20_boundary.png,D:\gemma4\segmentation_lattuce-desease\felzenszwalb_masks_output\train\HLTY\HLTY_271_s80_0_sg0_5_ms20_colored.png,D:\gemma4\segmentation_lattuce-desease\felzenszwalb_masks_output\train\HLTY\HLTY_271_s80_0_sg0_5_ms20_info.txt
train,HLTY,healthy,D:\gemma4\segmentation_lattuce-desease\Roboflow_Dataset\train\HLTY\HLTY_272.JPG,HLTY_272,1,HLTY_272_s80_0_sg0_5_ms20,D:\gemma4\segmentation_lattuce-desease\felzenszwalb_masks_output\train\HLTY\HLTY_272_s80_0_sg0_5_ms20_raw.png,D:\gemma4\segmentation_lattuce-desease\felzenszwalb_masks_output\train\HLTY\HLTY_272_s80_0_sg0_5_ms20_boundary.png,D:\gemma4\segmentation_lattuce-desease\felzenszwalb_masks_output\train\HLTY\HLTY_272_s80_0_sg0_5_ms20_colored.png,D:\gemma4\segmentation_lattuce-desease\felzenszwalb_masks_output\train\HLTY\HLTY_272_s80_0_sg0_5_ms20_info.txt
train,HLTY,healthy,D:\gemma4\segmentation_lattuce-desease\Roboflow_Dataset\train\HLTY\HLTY_273.JPG,HLTY_273,1,HLTY_273_s80_0_sg0_5_ms20,D:\gemma4\segmentation_lattuce-desease\felzenszwalb_masks_output\train\HLTY\HLTY_273_s80_0_sg0_5_ms20_raw.png,D:\gemma4\segmentation_lattuce-desease\felzenszwalb_masks_output\train\HLTY\HLTY_273_s80_0_sg0_5_ms20_boundary.png,D:\gemma4\segmentation_lattuce-desease\felzenszwalb_masks_output\train\HLTY\HLTY_273_s80_0_sg0_5_ms20_colored.png,D:\gemma4\segmentation_lattuce-desease\felzenszwalb_masks_output\train\HLTY\HLTY_273_s80_0_sg0_5_ms20_info.txt
train,HLTY,healthy,D:\gemma4\segmentation_lattuce-desease\Roboflow_Dataset\train\HLTY\HLTY_274.JPG,HLTY_274,1,HLTY_274_s80_0_sg0_5_ms20,D:\gemma4\segmentation_lattuce-desease\felzenszwalb_masks_output\train\HLTY\HLTY_274_s80_0_sg0_5_ms20_raw.png,D:\gemma4\segmentation_lattuce-desease\felzenszwalb_masks_output\train\HLTY\HLTY_274_s80_0_sg0_5_ms20_boundary.png,D:\gemma4\segmentation_lattuce-desease\felzenszwalb_masks_output\train\HLTY\HLTY_274_s80_0_sg0_5_ms20_colored.png,D:\gemma4\segmentation_lattuce-desease\felzenszwalb_masks_output\train\HLTY\HLTY_274_s80_0_sg0_5_ms20_info.txt
train,HLTY,healthy,D:\gemma4\segmentation_lattuce-desease\Roboflow_Dataset\train\HLTY\HLTY_276.JPG,HLTY_276,1,HLTY_276_s80_0_sg0_5_ms20,D:\gemma4\segmentation_lattuce-desease\felzenszwalb_masks_output\train\HLTY\HLTY_276_s80_0_sg0_5_ms20_raw.png,D:\gemma4\segmentation_lattuce-desease\felzenszwalb_masks_output\train\HLTY\HLTY_276_s80_0_sg0_5_ms20_boundary.png,D:\gemma4\segmentation_lattuce-desease\felzenszwalb_masks_output\train\HLTY\HLTY_276_s80_0_sg0_5_ms20_colored.png,D:\gemma4\segmentation_lattuce-desease\felzenszwalb_masks_output\train\HLTY\HLTY_276_s80_0_sg0_5_ms20_info.txt
train,HLTY,healthy,D:\gemma4\segmentation_lattuce-desease\Roboflow_Dataset\train\HLTY\HLTY_277.JPG,HLTY_277,1,HLTY_277_s80_0_sg0_5_ms20,D:\gemma4\segmentation_lattuce-desease\felzenszwalb_masks_output\train\HLTY\HLTY_277_s80_0_sg0_5_ms20_raw.png,D:\gemma4\segmentation_lattuce-desease\felzenszwalb_masks_output\train\HLTY\HLTY_277_s80_0_sg0_5_ms20_boundary.png,D:\gemma4\segmentation_lattuce-desease\felzenszwalb_masks_output\train\HLTY\HLTY_277_s80_0_sg0_5_ms20_colored.png,D:\gemma4\segmentation_lattuce-desease\felzenszwalb_masks_output\train\HLTY\HLTY_277_s80_0_sg0_5_ms20_info.txt
train,HLTY,healthy,D:\gemma4\segmentation_lattuce-desease\Roboflow_Dataset\train\HLTY\HLTY_278.JPG,HLTY_278,1,HLTY_278_s80_0_sg0_5_ms20,D:\gemma4\segmentation_lattuce-desease\felzenszwalb_masks_output\train\HLTY\HLTY_278_s80_0_sg0_5_ms20_raw.png,D:\gemma4\segmentation_lattuce-desease\felzenszwalb_masks_output\train\HLTY\HLTY_278_s80_0_sg0_5_ms20_boundary.png,D:\gemma4\segmentation_lattuce-desease\felzenszwalb_masks_output\train\HLTY\HLTY_278_s80_0_sg0_5_ms20_colored.png,D:\gemma4\segmentation_lattuce-desease\felzenszwalb_masks_output\train\HLTY\HLTY_278_s80_0_sg0_5_ms20_info.txt
train,HLTY,healthy,D:\gemma4\segmentation_lattuce-desease\Roboflow_Dataset\train\HLTY\HLTY_279.JPG,HLTY_279,1,HLTY_279_s80_0_sg0_5_ms20,D:\gemma4\segmentation_lattuce-desease\felzenszwalb_masks_output\train\HLTY\HLTY_279_s80_0_sg0_5_ms20_raw.png,D:\gemma4\segmentation_lattuce-desease\felzenszwalb_masks_output\train\HLTY\HLTY_279_s80_0_sg0_5_ms20_boundary.png,D:\gemma4\segmentation_lattuce-desease\felzenszwalb_masks_output\train\HLTY\HLTY_279_s80_0_sg0_5_ms20_colored.png,D:\gemma4\segmentation_lattuce-desease\felzenszwalb_masks_output\train\HLTY\HLTY_279_s80_0_sg0_5_ms20_info.txt
train,HLTY,healthy,D:\gemma4\segmentation_lattuce-desease\Roboflow_Dataset\train\HLTY\HLTY_28.JPG,HLTY_28,1,HLTY_28_s80_0_sg0_5_ms20,D:\gemma4\segmentation_lattuce-desease\felzenszwalb_masks_output\train\HLTY\HLTY_28_s80_0_sg0_5_ms20_raw.png,D:\gemma4\segmentation_lattuce-desease\felzenszwalb_masks_output\train\HLTY\HLTY_28_s80_0_sg0_5_ms20_boundary.png,D:\gemma4\segmentation_lattuce-desease\felzenszwalb_masks_output\train\HLTY\HLTY_28_s80_0_sg0_5_ms20_colored.png,D:\gemma4\segmentation_lattuce-desease\felzenszwalb_masks_output\train\HLTY\HLTY_28_s80_0_sg0_5_ms20_info.txt
train,HLTY,healthy,D:\gemma4\segmentation_lattuce-desease\Roboflow_Dataset\train\HLTY\HLTY_280.JPG,HLTY_280,1,HLTY_280_s80_0_sg0_5_ms20,D:\gemma4\segmentation_lattuce-desease\felzenszwalb_masks_output\train\HLTY\HLTY_280_s80_0_sg0_5_ms20_raw.png,D:\gemma4\segmentation_lattuce-desease\felzenszwalb_masks_output\train\HLTY\HLTY_280_s80_0_sg0_5_ms20_boundary.png,D:\gemma4\segmentation_lattuce-desease\felzenszwalb_masks_output\train\HLTY\HLTY_280_s80_0_sg0_5_ms20_colored.png,D:\gemma4\segmentation_lattuce-desease\felzenszwalb_masks_output\train\HLTY\HLTY_280_s80_0_sg0_5_ms20_info.txt
train,HLTY,healthy,D:\gemma4\segmentation_lattuce-desease\Roboflow_Dataset\train\HLTY\HLTY_281.JPG,HLTY_281,1,HLTY_281_s80_0_sg0_5_ms20,D:\gemma4\segmentation_lattuce-desease\felzenszwalb_masks_output\train\HLTY\HLTY_281_s80_0_sg0_5_ms20_raw.png,D:\gemma4\segmentation_lattuce-desease\felzenszwalb_masks_output\train\HLTY\HLTY_281_s80_0_sg0_5_ms20_boundary.png,D:\gemma4\segmentation_lattuce-desease\felzenszwalb_masks_output\train\HLTY\HLTY_281_s80_0_sg0_5_ms20_colored.png,D:\gemma4\segmentation_lattuce-desease\felzenszwalb_masks_output\train\HLTY\HLTY_281_s80_0_sg0_5_ms20_info.txt
train,HLTY,healthy,D:\gemma4\segmentation_lattuce-desease\Roboflow_Dataset\train\HLTY\HLTY_283.JPG,HLTY_283,1,HLTY_283_s80_0_sg0_5_ms20,D:\gemma4\segmentation_lattuce-desease\felzenszwalb_masks_output\train\HLTY\HLTY_283_s80_0_sg0_5_ms20_raw.png,D:\gemma4\segmentation_lattuce-desease\felzenszwalb_masks_output\train\HLTY\HLTY_283_s80_0_sg0_5_ms20_boundary.png,D:\gemma4\segmentation_lattuce-desease\felzenszwalb_masks_output\train\HLTY\HLTY_283_s80_0_sg0_5_ms20_colored.png,D:\gemma4\segmentation_lattuce-desease\felzenszwalb_masks_output\train\HLTY\HLTY_283_s80_0_sg0_5_ms20_info.txt
train,HLTY,healthy,D:\gemma4\segmentation_lattuce-desease\Roboflow_Dataset\train\HLTY\HLTY_284.JPG,HLTY_284,1,HLTY_284_s80_0_sg0_5_ms20,D:\gemma4\segmentation_lattuce-desease\felzenszwalb_masks_output\train\HLTY\HLTY_284_s80_0_sg0_5_ms20_raw.png,D:\gemma4\segmentation_lattuce-desease\felzenszwalb_masks_output\train\HLTY\HLTY_284_s80_0_sg0_5_ms20_boundary.png,D:\gemma4\segmentation_lattuce-desease\felzenszwalb_masks_output\train\HLTY\HLTY_284_s80_0_sg0_5_ms20_colored.png,D:\gemma4\segmentation_lattuce-desease\felzenszwalb_masks_output\train\HLTY\HLTY_284_s80_0_sg0_5_ms20_info.txt
train,HLTY,healthy,D:\gemma4\segmentation_lattuce-desease\Roboflow_Dataset\train\HLTY\HLTY_285.JPG,HLTY_285,1,HLTY_285_s80_0_sg0_5_ms20,D:\gemma4\segmentation_lattuce-desease\felzenszwalb_masks_output\train\HLTY\HLTY_285_s80_0_sg0_5_ms20_raw.png,D:\gemma4\segmentation_lattuce-desease\felzenszwalb_masks_output\train\HLTY\HLTY_285_s80_0_sg0_5_ms20_boundary.png,D:\gemma4\segmentation_lattuce-desease\felzenszwalb_masks_output\train\HLTY\HLTY_285_s80_0_sg0_5_ms20_colored.png,D:\gemma4\segmentation_lattuce-desease\felzenszwalb_masks_output\train\HLTY\HLTY_285_s80_0_sg0_5_ms20_info.txt
train,HLTY,healthy,D:\gemma4\segmentation_lattuce-desease\Roboflow_Dataset\train\HLTY\HLTY_287.JPG,HLTY_287,1,HLTY_287_s80_0_sg0_5_ms20,D:\gemma4\segmentation_lattuce-desease\felzenszwalb_masks_output\train\HLTY\HLTY_287_s80_0_sg0_5_ms20_raw.png,D:\gemma4\segmentation_lattuce-desease\felzenszwalb_masks_output\train\HLTY\HLTY_287_s80_0_sg0_5_ms20_boundary.png,D:\gemma4\segmentation_lattuce-desease\felzenszwalb_masks_output\train\HLTY\HLTY_287_s80_0_sg0_5_ms20_colored.png,D:\gemma4\segmentation_lattuce-desease\felzenszwalb_masks_output\train\HLTY\HLTY_287_s80_0_sg0_5_ms20_info.txt
train,HLTY,healthy,D:\gemma4\segmentation_lattuce-desease\Roboflow_Dataset\train\HLTY\HLTY_29.JPG,HLTY_29,1,HLTY_29_s80_0_sg0_5_ms20,D:\gemma4\segmentation_lattuce-desease\felzenszwalb_masks_output\train\HLTY\HLTY_29_s80_0_sg0_5_ms20_raw.png,D:\gemma4\segmentation_lattuce-desease\felzenszwalb_masks_output\train\HLTY\HLTY_29_s80_0_sg0_5_ms20_boundary.png,D:\gemma4\segmentation_lattuce-desease\felzenszwalb_masks_output\train\HLTY\HLTY_29_s80_0_sg0_5_ms20_colored.png,D:\gemma4\segmentation_lattuce-desease\felzenszwalb_masks_output\train\HLTY\HLTY_29_s80_0_sg0_5_ms20_info.txt
train,HLTY,healthy,D:\gemma4\segmentation_lattuce-desease\Roboflow_Dataset\train\HLTY\HLTY_290.JPG,HLTY_290,1,HLTY_290_s80_0_sg0_5_ms20,D:\gemma4\segmentation_lattuce-desease\felzenszwalb_masks_output\train\HLTY\HLTY_290_s80_0_sg0_5_ms20_raw.png,D:\gemma4\segmentation_lattuce-desease\felzenszwalb_masks_output\train\HLTY\HLTY_290_s80_0_sg0_5_ms20_boundary.png,D:\gemma4\segmentation_lattuce-desease\felzenszwalb_masks_output\train\HLTY\HLTY_290_s80_0_sg0_5_ms20_colored.png,D:\gemma4\segmentation_lattuce-desease\felzenszwalb_masks_output\train\HLTY\HLTY_290_s80_0_sg0_5_ms20_info.txt
train,HLTY,healthy,D:\gemma4\segmentation_lattuce-desease\Roboflow_Dataset\train\HLTY\HLTY_291.JPG,HLTY_291,1,HLTY_291_s80_0_sg0_5_ms20,D:\gemma4\segmentation_lattuce-desease\felzenszwalb_masks_output\train\HLTY\HLTY_291_s80_0_sg0_5_ms20_raw.png,D:\gemma4\segmentation_lattuce-desease\felzenszwalb_masks_output\train\HLTY\HLTY_291_s80_0_sg0_5_ms20_boundary.png,D:\gemma4\segmentation_lattuce-desease\felzenszwalb_masks_output\train\HLTY\HLTY_291_s80_0_sg0_5_ms20_colored.png,D:\gemma4\segmentation_lattuce-desease\felzenszwalb_masks_output\train\HLTY\HLTY_291_s80_0_sg0_5_ms20_info.txt
train,HLTY,healthy,D:\gemma4\segmentation_lattuce-desease\Roboflow_Dataset\train\HLTY\HLTY_292.JPG,HLTY_292,1,HLTY_292_s80_0_sg0_5_ms20,D:\gemma4\segmentation_lattuce-desease\felzenszwalb_masks_output\train\HLTY\HLTY_292_s80_0_sg0_5_ms20_raw.png,D:\gemma4\segmentation_lattuce-desease\felzenszwalb_masks_output\train\HLTY\HLTY_292_s80_0_sg0_5_ms20_boundary.png,D:\gemma4\segmentation_lattuce-desease\felzenszwalb_masks_output\train\HLTY\HLTY_292_s80_0_sg0_5_ms20_colored.png,D:\gemma4\segmentation_lattuce-desease\felzenszwalb_masks_output\train\HLTY\HLTY_292_s80_0_sg0_5_ms20_info.txt
train,HLTY,healthy,D:\gemma4\segmentation_lattuce-desease\Roboflow_Dataset\train\HLTY\HLTY_293.JPG,HLTY_293,1,HLTY_293_s80_0_sg0_5_ms20,D:\gemma4\segmentation_lattuce-desease\felzenszwalb_masks_output\train\HLTY\HLTY_293_s80_0_sg0_5_ms20_raw.png,D:\gemma4\segmentation_lattuce-desease\felzenszwalb_masks_output\train\HLTY\HLTY_293_s80_0_sg0_5_ms20_boundary.png,D:\gemma4\segmentation_lattuce-desease\felzenszwalb_masks_output\train\HLTY\HLTY_293_s80_0_sg0_5_ms20_colored.png,D:\gemma4\segmentation_lattuce-desease\felzenszwalb_masks_output\train\HLTY\HLTY_293_s80_0_sg0_5_ms20_info.txt
train,HLTY,healthy,D:\gemma4\segmentation_lattuce-desease\Roboflow_Dataset\train\HLTY\HLTY_294.JPG,HLTY_294,1,HLTY_294_s80_0_sg0_5_ms20,D:\gemma4\segmentation_lattuce-desease\felzenszwalb_masks_output\train\HLTY\HLTY_294_s80_0_sg0_5_ms20_raw.png,D:\gemma4\segmentation_lattuce-desease\felzenszwalb_masks_output\train\HLTY\HLTY_294_s80_0_sg0_5_ms20_boundary.png,D:\gemma4\segmentation_lattuce-desease\felzenszwalb_masks_output\train\HLTY\HLTY_294_s80_0_sg0_5_ms20_colored.png,D:\gemma4\segmentation_lattuce-desease\felzenszwalb_masks_output\train\HLTY\HLTY_294_s80_0_sg0_5_ms20_info.txt
train,HLTY,healthy,D:\gemma4\segmentation_lattuce-desease\Roboflow_Dataset\train\HLTY\HLTY_295.JPG,HLTY_295,1,HLTY_295_s80_0_sg0_5_ms20,D:\gemma4\segmentation_lattuce-desease\felzenszwalb_masks_output\train\HLTY\HLTY_295_s80_0_sg0_5_ms20_raw.png,D:\gemma4\segmentation_lattuce-desease\felzenszwalb_masks_output\train\HLTY\HLTY_295_s80_0_sg0_5_ms20_boundary.png,D:\gemma4\segmentation_lattuce-desease\felzenszwalb_masks_output\train\HLTY\HLTY_295_s80_0_sg0_5_ms20_colored.png,D:\gemma4\segmentation_lattuce-desease\felzenszwalb_masks_output\train\HLTY\HLTY_295_s80_0_sg0_5_ms20_info.txt
train,HLTY,healthy,D:\gemma4\segmentation_lattuce-desease\Roboflow_Dataset\train\HLTY\HLTY_296.JPG,HLTY_296,1,HLTY_296_s80_0_sg0_5_ms20,D:\gemma4\segmentation_lattuce-desease\felzenszwalb_masks_output\train\HLTY\HLTY_296_s80_0_sg0_5_ms20_raw.png,D:\gemma4\segmentation_lattuce-desease\felzenszwalb_masks_output\train\HLTY\HLTY_296_s80_0_sg0_5_ms20_boundary.png,D:\gemma4\segmentation_lattuce-desease\felzenszwalb_masks_output\train\HLTY\HLTY_296_s80_0_sg0_5_ms20_colored.png,D:\gemma4\segmentation_lattuce-desease\felzenszwalb_masks_output\train\HLTY\HLTY_296_s80_0_sg0_5_ms20_info.txt
train,HLTY,healthy,D:\gemma4\segmentation_lattuce-desease\Roboflow_Dataset\train\HLTY\HLTY_297.JPG,HLTY_297,1,HLTY_297_s80_0_sg0_5_ms20,D:\gemma4\segmentation_lattuce-desease\felzenszwalb_masks_output\train\HLTY\HLTY_297_s80_0_sg0_5_ms20_raw.png,D:\gemma4\segmentation_lattuce-desease\felzenszwalb_masks_output\train\HLTY\HLTY_297_s80_0_sg0_5_ms20_boundary.png,D:\gemma4\segmentation_lattuce-desease\felzenszwalb_masks_output\train\HLTY\HLTY_297_s80_0_sg0_5_ms20_colored.png,D:\gemma4\segmentation_lattuce-desease\felzenszwalb_masks_output\train\HLTY\HLTY_297_s80_0_sg0_5_ms20_info.txt
train,HLTY,healthy,D:\gemma4\segmentation_lattuce-desease\Roboflow_Dataset\train\HLTY\HLTY_299.JPG,HLTY_299,1,HLTY_299_s80_0_sg0_5_ms20,D:\gemma4\segmentation_lattuce-desease\felzenszwalb_masks_output\train\HLTY\HLTY_299_s80_0_sg0_5_ms20_raw.png,D:\gemma4\segmentation_lattuce-desease\felzenszwalb_masks_output\train\HLTY\HLTY_299_s80_0_sg0_5_ms20_boundary.png,D:\gemma4\segmentation_lattuce-desease\felzenszwalb_masks_output\train\HLTY\HLTY_299_s80_0_sg0_5_ms20_colored.png,D:\gemma4\segmentation_lattuce-desease\felzenszwalb_masks_output\train\HLTY\HLTY_299_s80_0_sg0_5_ms20_info.txt
train,HLTY,healthy,D:\gemma4\segmentation_lattuce-desease\Roboflow_Dataset\train\HLTY\HLTY_30.JPG,HLTY_30,1,HLTY_30_s80_0_sg0_5_ms20,D:\gemma4\segmentation_lattuce-desease\felzenszwalb_masks_output\train\HLTY\HLTY_30_s80_0_sg0_5_ms20_raw.png,D:\gemma4\segmentation_lattuce-desease\felzenszwalb_masks_output\train\HLTY\HLTY_30_s80_0_sg0_5_ms20_boundary.png,D:\gemma4\segmentation_lattuce-desease\felzenszwalb_masks_output\train\HLTY\HLTY_30_s80_0_sg0_5_ms20_colored.png,D:\gemma4\segmentation_lattuce-desease\felzenszwalb_masks_output\train\HLTY\HLTY_30_s80_0_sg0_5_ms20_info.txt
train,HLTY,healthy,D:\gemma4\segmentation_lattuce-desease\Roboflow_Dataset\train\HLTY\HLTY_300.JPG,HLTY_300,1,HLTY_300_s80_0_sg0_5_ms20,D:\gemma4\segmentation_lattuce-desease\felzenszwalb_masks_output\train\HLTY\HLTY_300_s80_0_sg0_5_ms20_raw.png,D:\gemma4\segmentation_lattuce-desease\felzenszwalb_masks_output\train\HLTY\HLTY_300_s80_0_sg0_5_ms20_boundary.png,D:\gemma4\segmentation_lattuce-desease\felzenszwalb_masks_output\train\HLTY\HLTY_300_s80_0_sg0_5_ms20_colored.png,D:\gemma4\segmentation_lattuce-desease\felzenszwalb_masks_output\train\HLTY\HLTY_300_s80_0_sg0_5_ms20_info.txt
train,HLTY,healthy,D:\gemma4\segmentation_lattuce-desease\Roboflow_Dataset\train\HLTY\HLTY_301.JPG,HLTY_301,1,HLTY_301_s80_0_sg0_5_ms20,D:\gemma4\segmentation_lattuce-desease\felzenszwalb_masks_output\train\HLTY\HLTY_301_s80_0_sg0_5_ms20_raw.png,D:\gemma4\segmentation_lattuce-desease\felzenszwalb_masks_output\train\HLTY\HLTY_301_s80_0_sg0_5_ms20_boundary.png,D:\gemma4\segmentation_lattuce-desease\felzenszwalb_masks_output\train\HLTY\HLTY_301_s80_0_sg0_5_ms20_colored.png,D:\gemma4\segmentation_lattuce-desease\felzenszwalb_masks_output\train\HLTY\HLTY_301_s80_0_sg0_5_ms20_info.txt
train,HLTY,healthy,D:\gemma4\segmentation_lattuce-desease\Roboflow_Dataset\train\HLTY\HLTY_302.JPG,HLTY_302,1,HLTY_302_s80_0_sg0_5_ms20,D:\gemma4\segmentation_lattuce-desease\felzenszwalb_masks_output\train\HLTY\HLTY_302_s80_0_sg0_5_ms20_raw.png,D:\gemma4\segmentation_lattuce-desease\felzenszwalb_masks_output\train\HLTY\HLTY_302_s80_0_sg0_5_ms20_boundary.png,D:\gemma4\segmentation_lattuce-desease\felzenszwalb_masks_output\train\HLTY\HLTY_302_s80_0_sg0_5_ms20_colored.png,D:\gemma4\segmentation_lattuce-desease\felzenszwalb_masks_output\train\HLTY\HLTY_302_s80_0_sg0_5_ms20_info.txt
train,HLTY,healthy,D:\gemma4\segmentation_lattuce-desease\Roboflow_Dataset\train\HLTY\HLTY_303.JPG,HLTY_303,1,HLTY_303_s80_0_sg0_5_ms20,D:\gemma4\segmentation_lattuce-desease\felzenszwalb_masks_output\train\HLTY\HLTY_303_s80_0_sg0_5_ms20_raw.png,D:\gemma4\segmentation_lattuce-desease\felzenszwalb_masks_output\train\HLTY\HLTY_303_s80_0_sg0_5_ms20_boundary.png,D:\gemma4\segmentation_lattuce-desease\felzenszwalb_masks_output\train\HLTY\HLTY_303_s80_0_sg0_5_ms20_colored.png,D:\gemma4\segmentation_lattuce-desease\felzenszwalb_masks_output\train\HLTY\HLTY_303_s80_0_sg0_5_ms20_info.txt
train,HLTY,healthy,D:\gemma4\segmentation_lattuce-desease\Roboflow_Dataset\train\HLTY\HLTY_304.JPG,HLTY_304,1,HLTY_304_s80_0_sg0_5_ms20,D:\gemma4\segmentation_lattuce-desease\felzenszwalb_masks_output\train\HLTY\HLTY_304_s80_0_sg0_5_ms20_raw.png,D:\gemma4\segmentation_lattuce-desease\felzenszwalb_masks_output\train\HLTY\HLTY_304_s80_0_sg0_5_ms20_boundary.png,D:\gemma4\segmentation_lattuce-desease\felzenszwalb_masks_output\train\HLTY\HLTY_304_s80_0_sg0_5_ms20_colored.png,D:\gemma4\segmentation_lattuce-desease\felzenszwalb_masks_output\train\HLTY\HLTY_304_s80_0_sg0_5_ms20_info.txt
train,HLTY,healthy,D:\gemma4\segmentation_lattuce-desease\Roboflow_Dataset\train\HLTY\HLTY_305.JPG,HLTY_305,1,HLTY_305_s80_0_sg0_5_ms20,D:\gemma4\segmentation_lattuce-desease\felzenszwalb_masks_output\train\HLTY\HLTY_305_s80_0_sg0_5_ms20_raw.png,D:\gemma4\segmentation_lattuce-desease\felzenszwalb_masks_output\train\HLTY\HLTY_305_s80_0_sg0_5_ms20_boundary.png,D:\gemma4\segmentation_lattuce-desease\felzenszwalb_masks_output\train\HLTY\HLTY_305_s80_0_sg0_5_ms20_colored.png,D:\gemma4\segmentation_lattuce-desease\felzenszwalb_masks_output\train\HLTY\HLTY_305_s80_0_sg0_5_ms20_info.txt
train,HLTY,healthy,D:\gemma4\segmentation_lattuce-desease\Roboflow_Dataset\train\HLTY\HLTY_308.JPG,HLTY_308,1,HLTY_308_s80_0_sg0_5_ms20,D:\gemma4\segmentation_lattuce-desease\felzenszwalb_masks_output\train\HLTY\HLTY_308_s80_0_sg0_5_ms20_raw.png,D:\gemma4\segmentation_lattuce-desease\felzenszwalb_masks_output\train\HLTY\HLTY_308_s80_0_sg0_5_ms20_boundary.png,D:\gemma4\segmentation_lattuce-desease\felzenszwalb_masks_output\train\HLTY\HLTY_308_s80_0_sg0_5_ms20_colored.png,D:\gemma4\segmentation_lattuce-desease\felzenszwalb_masks_output\train\HLTY\HLTY_308_s80_0_sg0_5_ms20_info.txt
train,HLTY,healthy,D:\gemma4\segmentation_lattuce-desease\Roboflow_Dataset\train\HLTY\HLTY_309.JPG,HLTY_309,1,HLTY_309_s80_0_sg0_5_ms20,D:\gemma4\segmentation_lattuce-desease\felzenszwalb_masks_output\train\HLTY\HLTY_309_s80_0_sg0_5_ms20_raw.png,D:\gemma4\segmentation_lattuce-desease\felzenszwalb_masks_output\train\HLTY\HLTY_309_s80_0_sg0_5_ms20_boundary.png,D:\gemma4\segmentation_lattuce-desease\felzenszwalb_masks_output\train\HLTY\HLTY_309_s80_0_sg0_5_ms20_colored.png,D:\gemma4\segmentation_lattuce-desease\felzenszwalb_masks_output\train\HLTY\HLTY_309_s80_0_sg0_5_ms20_info.txt
train,HLTY,healthy,D:\gemma4\segmentation_lattuce-desease\Roboflow_Dataset\train\HLTY\HLTY_31.JPG,HLTY_31,1,HLTY_31_s80_0_sg0_5_ms20,D:\gemma4\segmentation_lattuce-desease\felzenszwalb_masks_output\train\HLTY\HLTY_31_s80_0_sg0_5_ms20_raw.png,D:\gemma4\segmentation_lattuce-desease\felzenszwalb_masks_output\train\HLTY\HLTY_31_s80_0_sg0_5_ms20_boundary.png,D:\gemma4\segmentation_lattuce-desease\felzenszwalb_masks_output\train\HLTY\HLTY_31_s80_0_sg0_5_ms20_colored.png,D:\gemma4\segmentation_lattuce-desease\felzenszwalb_masks_output\train\HLTY\HLTY_31_s80_0_sg0_5_ms20_info.txt
train,HLTY,healthy,D:\gemma4\segmentation_lattuce-desease\Roboflow_Dataset\train\HLTY\HLTY_310.JPG,HLTY_310,1,HLTY_310_s80_0_sg0_5_ms20,D:\gemma4\segmentation_lattuce-desease\felzenszwalb_masks_output\train\HLTY\HLTY_310_s80_0_sg0_5_ms20_raw.png,D:\gemma4\segmentation_lattuce-desease\felzenszwalb_masks_output\train\HLTY\HLTY_310_s80_0_sg0_5_ms20_boundary.png,D:\gemma4\segmentation_lattuce-desease\felzenszwalb_masks_output\train\HLTY\HLTY_310_s80_0_sg0_5_ms20_colored.png,D:\gemma4\segmentation_lattuce-desease\felzenszwalb_masks_output\train\HLTY\HLTY_310_s80_0_sg0_5_ms20_info.txt
train,HLTY,healthy,D:\gemma4\segmentation_lattuce-desease\Roboflow_Dataset\train\HLTY\HLTY_311.JPG,HLTY_311,1,HLTY_311_s80_0_sg0_5_ms20,D:\gemma4\segmentation_lattuce-desease\felzenszwalb_masks_output\train\HLTY\HLTY_311_s80_0_sg0_5_ms20_raw.png,D:\gemma4\segmentation_lattuce-desease\felzenszwalb_masks_output\train\HLTY\HLTY_311_s80_0_sg0_5_ms20_boundary.png,D:\gemma4\segmentation_lattuce-desease\felzenszwalb_masks_output\train\HLTY\HLTY_311_s80_0_sg0_5_ms20_colored.png,D:\gemma4\segmentation_lattuce-desease\felzenszwalb_masks_output\train\HLTY\HLTY_311_s80_0_sg0_5_ms20_info.txt
train,HLTY,healthy,D:\gemma4\segmentation_lattuce-desease\Roboflow_Dataset\train\HLTY\HLTY_312.JPG,HLTY_312,1,HLTY_312_s80_0_sg0_5_ms20,D:\gemma4\segmentation_lattuce-desease\felzenszwalb_masks_output\train\HLTY\HLTY_312_s80_0_sg0_5_ms20_raw.png,D:\gemma4\segmentation_lattuce-desease\felzenszwalb_masks_output\train\HLTY\HLTY_312_s80_0_sg0_5_ms20_boundary.png,D:\gemma4\segmentation_lattuce-desease\felzenszwalb_masks_output\train\HLTY\HLTY_312_s80_0_sg0_5_ms20_colored.png,D:\gemma4\segmentation_lattuce-desease\felzenszwalb_masks_output\train\HLTY\HLTY_312_s80_0_sg0_5_ms20_info.txt
train,HLTY,healthy,D:\gemma4\segmentation_lattuce-desease\Roboflow_Dataset\train\HLTY\HLTY_315.JPG,HLTY_315,1,HLTY_315_s80_0_sg0_5_ms20,D:\gemma4\segmentation_lattuce-desease\felzenszwalb_masks_output\train\HLTY\HLTY_315_s80_0_sg0_5_ms20_raw.png,D:\gemma4\segmentation_lattuce-desease\felzenszwalb_masks_output\train\HLTY\HLTY_315_s80_0_sg0_5_ms20_boundary.png,D:\gemma4\segmentation_lattuce-desease\felzenszwalb_masks_output\train\HLTY\HLTY_315_s80_0_sg0_5_ms20_colored.png,D:\gemma4\segmentation_lattuce-desease\felzenszwalb_masks_output\train\HLTY\HLTY_315_s80_0_sg0_5_ms20_info.txt
train,HLTY,healthy,D:\gemma4\segmentation_lattuce-desease\Roboflow_Dataset\train\HLTY\HLTY_316.JPG,HLTY_316,1,HLTY_316_s80_0_sg0_5_ms20,D:\gemma4\segmentation_lattuce-desease\felzenszwalb_masks_output\train\HLTY\HLTY_316_s80_0_sg0_5_ms20_raw.png,D:\gemma4\segmentation_lattuce-desease\felzenszwalb_masks_output\train\HLTY\HLTY_316_s80_0_sg0_5_ms20_boundary.png,D:\gemma4\segmentation_lattuce-desease\felzenszwalb_masks_output\train\HLTY\HLTY_316_s80_0_sg0_5_ms20_colored.png,D:\gemma4\segmentation_lattuce-desease\felzenszwalb_masks_output\train\HLTY\HLTY_316_s80_0_sg0_5_ms20_info.txt
train,HLTY,healthy,D:\gemma4\segmentation_lattuce-desease\Roboflow_Dataset\train\HLTY\HLTY_317.JPG,HLTY_317,1,HLTY_317_s80_0_sg0_5_ms20,D:\gemma4\segmentation_lattuce-desease\felzenszwalb_masks_output\train\HLTY\HLTY_317_s80_0_sg0_5_ms20_raw.png,D:\gemma4\segmentation_lattuce-desease\felzenszwalb_masks_output\train\HLTY\HLTY_317_s80_0_sg0_5_ms20_boundary.png,D:\gemma4\segmentation_lattuce-desease\felzenszwalb_masks_output\train\HLTY\HLTY_317_s80_0_sg0_5_ms20_colored.png,D:\gemma4\segmentation_lattuce-desease\felzenszwalb_masks_output\train\HLTY\HLTY_317_s80_0_sg0_5_ms20_info.txt
train,HLTY,healthy,D:\gemma4\segmentation_lattuce-desease\Roboflow_Dataset\train\HLTY\HLTY_318.JPG,HLTY_318,1,HLTY_318_s80_0_sg0_5_ms20,D:\gemma4\segmentation_lattuce-desease\felzenszwalb_masks_output\train\HLTY\HLTY_318_s80_0_sg0_5_ms20_raw.png,D:\gemma4\segmentation_lattuce-desease\felzenszwalb_masks_output\train\HLTY\HLTY_318_s80_0_sg0_5_ms20_boundary.png,D:\gemma4\segmentation_lattuce-desease\felzenszwalb_masks_output\train\HLTY\HLTY_318_s80_0_sg0_5_ms20_colored.png,D:\gemma4\segmentation_lattuce-desease\felzenszwalb_masks_output\train\HLTY\HLTY_318_s80_0_sg0_5_ms20_info.txt
train,HLTY,healthy,D:\gemma4\segmentation_lattuce-desease\Roboflow_Dataset\train\HLTY\HLTY_319.JPG,HLTY_319,1,HLTY_319_s80_0_sg0_5_ms20,D:\gemma4\segmentation_lattuce-desease\felzenszwalb_masks_output\train\HLTY\HLTY_319_s80_0_sg0_5_ms20_raw.png,D:\gemma4\segmentation_lattuce-desease\felzenszwalb_masks_output\train\HLTY\HLTY_319_s80_0_sg0_5_ms20_boundary.png,D:\gemma4\segmentation_lattuce-desease\felzenszwalb_masks_output\train\HLTY\HLTY_319_s80_0_sg0_5_ms20_colored.png,D:\gemma4\segmentation_lattuce-desease\felzenszwalb_masks_output\train\HLTY\HLTY_319_s80_0_sg0_5_ms20_info.txt
train,HLTY,healthy,D:\gemma4\segmentation_lattuce-desease\Roboflow_Dataset\train\HLTY\HLTY_32.JPG,HLTY_32,1,HLTY_32_s80_0_sg0_5_ms20,D:\gemma4\segmentation_lattuce-desease\felzenszwalb_masks_output\train\HLTY\HLTY_32_s80_0_sg0_5_ms20_raw.png,D:\gemma4\segmentation_lattuce-desease\felzenszwalb_masks_output\train\HLTY\HLTY_32_s80_0_sg0_5_ms20_boundary.png,D:\gemma4\segmentation_lattuce-desease\felzenszwalb_masks_output\train\HLTY\HLTY_32_s80_0_sg0_5_ms20_colored.png,D:\gemma4\segmentation_lattuce-desease\felzenszwalb_masks_output\train\HLTY\HLTY_32_s80_0_sg0_5_ms20_info.txt
train,HLTY,healthy,D:\gemma4\segmentation_lattuce-desease\Roboflow_Dataset\train\HLTY\HLTY_320.JPG,HLTY_320,1,HLTY_320_s80_0_sg0_5_ms20,D:\gemma4\segmentation_lattuce-desease\felzenszwalb_masks_output\train\HLTY\HLTY_320_s80_0_sg0_5_ms20_raw.png,D:\gemma4\segmentation_lattuce-desease\felzenszwalb_masks_output\train\HLTY\HLTY_320_s80_0_sg0_5_ms20_boundary.png,D:\gemma4\segmentation_lattuce-desease\felzenszwalb_masks_output\train\HLTY\HLTY_320_s80_0_sg0_5_ms20_colored.png,D:\gemma4\segmentation_lattuce-desease\felzenszwalb_masks_output\train\HLTY\HLTY_320_s80_0_sg0_5_ms20_info.txt
train,HLTY,healthy,D:\gemma4\segmentation_lattuce-desease\Roboflow_Dataset\train\HLTY\HLTY_322.JPG,HLTY_322,1,HLTY_322_s80_0_sg0_5_ms20,D:\gemma4\segmentation_lattuce-desease\felzenszwalb_masks_output\train\HLTY\HLTY_322_s80_0_sg0_5_ms20_raw.png,D:\gemma4\segmentation_lattuce-desease\felzenszwalb_masks_output\train\HLTY\HLTY_322_s80_0_sg0_5_ms20_boundary.png,D:\gemma4\segmentation_lattuce-desease\felzenszwalb_masks_output\train\HLTY\HLTY_322_s80_0_sg0_5_ms20_colored.png,D:\gemma4\segmentation_lattuce-desease\felzenszwalb_masks_output\train\HLTY\HLTY_322_s80_0_sg0_5_ms20_info.txt
train,HLTY,healthy,D:\gemma4\segmentation_lattuce-desease\Roboflow_Dataset\train\HLTY\HLTY_323.JPG,HLTY_323,1,HLTY_323_s80_0_sg0_5_ms20,D:\gemma4\segmentation_lattuce-desease\felzenszwalb_masks_output\train\HLTY\HLTY_323_s80_0_sg0_5_ms20_raw.png,D:\gemma4\segmentation_lattuce-desease\felzenszwalb_masks_output\train\HLTY\HLTY_323_s80_0_sg0_5_ms20_boundary.png,D:\gemma4\segmentation_lattuce-desease\felzenszwalb_masks_output\train\HLTY\HLTY_323_s80_0_sg0_5_ms20_colored.png,D:\gemma4\segmentation_lattuce-desease\felzenszwalb_masks_output\train\HLTY\HLTY_323_s80_0_sg0_5_ms20_info.txt
train,HLTY,healthy,D:\gemma4\segmentation_lattuce-desease\Roboflow_Dataset\train\HLTY\HLTY_324.JPG,HLTY_324,1,HLTY_324_s80_0_sg0_5_ms20,D:\gemma4\segmentation_lattuce-desease\felzenszwalb_masks_output\train\HLTY\HLTY_324_s80_0_sg0_5_ms20_raw.png,D:\gemma4\segmentation_lattuce-desease\felzenszwalb_masks_output\train\HLTY\HLTY_324_s80_0_sg0_5_ms20_boundary.png,D:\gemma4\segmentation_lattuce-desease\felzenszwalb_masks_output\train\HLTY\HLTY_324_s80_0_sg0_5_ms20_colored.png,D:\gemma4\segmentation_lattuce-desease\felzenszwalb_masks_output\train\HLTY\HLTY_324_s80_0_sg0_5_ms20_info.txt
train,HLTY,healthy,D:\gemma4\segmentation_lattuce-desease\Roboflow_Dataset\train\HLTY\HLTY_325.JPG,HLTY_325,1,HLTY_325_s80_0_sg0_5_ms20,D:\gemma4\segmentation_lattuce-desease\felzenszwalb_masks_output\train\HLTY\HLTY_325_s80_0_sg0_5_ms20_raw.png,D:\gemma4\segmentation_lattuce-desease\felzenszwalb_masks_output\train\HLTY\HLTY_325_s80_0_sg0_5_ms20_boundary.png,D:\gemma4\segmentation_lattuce-desease\felzenszwalb_masks_output\train\HLTY\HLTY_325_s80_0_sg0_5_ms20_colored.png,D:\gemma4\segmentation_lattuce-desease\felzenszwalb_masks_output\train\HLTY\HLTY_325_s80_0_sg0_5_ms20_info.txt
train,HLTY,healthy,D:\gemma4\segmentation_lattuce-desease\Roboflow_Dataset\train\HLTY\HLTY_326.JPG,HLTY_326,1,HLTY_326_s80_0_sg0_5_ms20,D:\gemma4\segmentation_lattuce-desease\felzenszwalb_masks_output\train\HLTY\HLTY_326_s80_0_sg0_5_ms20_raw.png,D:\gemma4\segmentation_lattuce-desease\felzenszwalb_masks_output\train\HLTY\HLTY_326_s80_0_sg0_5_ms20_boundary.png,D:\gemma4\segmentation_lattuce-desease\felzenszwalb_masks_output\train\HLTY\HLTY_326_s80_0_sg0_5_ms20_colored.png,D:\gemma4\segmentation_lattuce-desease\felzenszwalb_masks_output\train\HLTY\HLTY_326_s80_0_sg0_5_ms20_info.txt
train,HLTY,healthy,D:\gemma4\segmentation_lattuce-desease\Roboflow_Dataset\train\HLTY\HLTY_327.JPG,HLTY_327,1,HLTY_327_s80_0_sg0_5_ms20,D:\gemma4\segmentation_lattuce-desease\felzenszwalb_masks_output\train\HLTY\HLTY_327_s80_0_sg0_5_ms20_raw.png,D:\gemma4\segmentation_lattuce-desease\felzenszwalb_masks_output\train\HLTY\HLTY_327_s80_0_sg0_5_ms20_boundary.png,D:\gemma4\segmentation_lattuce-desease\felzenszwalb_masks_output\train\HLTY\HLTY_327_s80_0_sg0_5_ms20_colored.png,D:\gemma4\segmentation_lattuce-desease\felzenszwalb_masks_output\train\HLTY\HLTY_327_s80_0_sg0_5_ms20_info.txt
train,HLTY,healthy,D:\gemma4\segmentation_lattuce-desease\Roboflow_Dataset\train\HLTY\HLTY_328.JPG,HLTY_328,1,HLTY_328_s80_0_sg0_5_ms20,D:\gemma4\segmentation_lattuce-desease\felzenszwalb_masks_output\train\HLTY\HLTY_328_s80_0_sg0_5_ms20_raw.png,D:\gemma4\segmentation_lattuce-desease\felzenszwalb_masks_output\train\HLTY\HLTY_328_s80_0_sg0_5_ms20_boundary.png,D:\gemma4\segmentation_lattuce-desease\felzenszwalb_masks_output\train\HLTY\HLTY_328_s80_0_sg0_5_ms20_colored.png,D:\gemma4\segmentation_lattuce-desease\felzenszwalb_masks_output\train\HLTY\HLTY_328_s80_0_sg0_5_ms20_info.txt
train,HLTY,healthy,D:\gemma4\segmentation_lattuce-desease\Roboflow_Dataset\train\HLTY\HLTY_329.JPG,HLTY_329,1,HLTY_329_s80_0_sg0_5_ms20,D:\gemma4\segmentation_lattuce-desease\felzenszwalb_masks_output\train\HLTY\HLTY_329_s80_0_sg0_5_ms20_raw.png,D:\gemma4\segmentation_lattuce-desease\felzenszwalb_masks_output\train\HLTY\HLTY_329_s80_0_sg0_5_ms20_boundary.png,D:\gemma4\segmentation_lattuce-desease\felzenszwalb_masks_output\train\HLTY\HLTY_329_s80_0_sg0_5_ms20_colored.png,D:\gemma4\segmentation_lattuce-desease\felzenszwalb_masks_output\train\HLTY\HLTY_329_s80_0_sg0_5_ms20_info.txt
train,HLTY,healthy,D:\gemma4\segmentation_lattuce-desease\Roboflow_Dataset\train\HLTY\HLTY_331.JPG,HLTY_331,1,HLTY_331_s80_0_sg0_5_ms20,D:\gemma4\segmentation_lattuce-desease\felzenszwalb_masks_output\train\HLTY\HLTY_331_s80_0_sg0_5_ms20_raw.png,D:\gemma4\segmentation_lattuce-desease\felzenszwalb_masks_output\train\HLTY\HLTY_331_s80_0_sg0_5_ms20_boundary.png,D:\gemma4\segmentation_lattuce-desease\felzenszwalb_masks_output\train\HLTY\HLTY_331_s80_0_sg0_5_ms20_colored.png,D:\gemma4\segmentation_lattuce-desease\felzenszwalb_masks_output\train\HLTY\HLTY_331_s80_0_sg0_5_ms20_info.txt
train,HLTY,healthy,D:\gemma4\segmentation_lattuce-desease\Roboflow_Dataset\train\HLTY\HLTY_332.JPG,HLTY_332,1,HLTY_332_s80_0_sg0_5_ms20,D:\gemma4\segmentation_lattuce-desease\felzenszwalb_masks_output\train\HLTY\HLTY_332_s80_0_sg0_5_ms20_raw.png,D:\gemma4\segmentation_lattuce-desease\felzenszwalb_masks_output\train\HLTY\HLTY_332_s80_0_sg0_5_ms20_boundary.png,D:\gemma4\segmentation_lattuce-desease\felzenszwalb_masks_output\train\HLTY\HLTY_332_s80_0_sg0_5_ms20_colored.png,D:\gemma4\segmentation_lattuce-desease\felzenszwalb_masks_output\train\HLTY\HLTY_332_s80_0_sg0_5_ms20_info.txt
train,HLTY,healthy,D:\gemma4\segmentation_lattuce-desease\Roboflow_Dataset\train\HLTY\HLTY_333.JPG,HLTY_333,1,HLTY_333_s80_0_sg0_5_ms20,D:\gemma4\segmentation_lattuce-desease\felzenszwalb_masks_output\train\HLTY\HLTY_333_s80_0_sg0_5_ms20_raw.png,D:\gemma4\segmentation_lattuce-desease\felzenszwalb_masks_output\train\HLTY\HLTY_333_s80_0_sg0_5_ms20_boundary.png,D:\gemma4\segmentation_lattuce-desease\felzenszwalb_masks_output\train\HLTY\HLTY_333_s80_0_sg0_5_ms20_colored.png,D:\gemma4\segmentation_lattuce-desease\felzenszwalb_masks_output\train\HLTY\HLTY_333_s80_0_sg0_5_ms20_info.txt
train,HLTY,healthy,D:\gemma4\segmentation_lattuce-desease\Roboflow_Dataset\train\HLTY\HLTY_334.JPG,HLTY_334,1,HLTY_334_s80_0_sg0_5_ms20,D:\gemma4\segmentation_lattuce-desease\felzenszwalb_masks_output\train\HLTY\HLTY_334_s80_0_sg0_5_ms20_raw.png,D:\gemma4\segmentation_lattuce-desease\felzenszwalb_masks_output\train\HLTY\HLTY_334_s80_0_sg0_5_ms20_boundary.png,D:\gemma4\segmentation_lattuce-desease\felzenszwalb_masks_output\train\HLTY\HLTY_334_s80_0_sg0_5_ms20_colored.png,D:\gemma4\segmentation_lattuce-desease\felzenszwalb_masks_output\train\HLTY\HLTY_334_s80_0_sg0_5_ms20_info.txt
train,HLTY,healthy,D:\gemma4\segmentation_lattuce-desease\Roboflow_Dataset\train\HLTY\HLTY_335.JPG,HLTY_335,1,HLTY_335_s80_0_sg0_5_ms20,D:\gemma4\segmentation_lattuce-desease\felzenszwalb_masks_output\train\HLTY\HLTY_335_s80_0_sg0_5_ms20_raw.png,D:\gemma4\segmentation_lattuce-desease\felzenszwalb_masks_output\train\HLTY\HLTY_335_s80_0_sg0_5_ms20_boundary.png,D:\gemma4\segmentation_lattuce-desease\felzenszwalb_masks_output\train\HLTY\HLTY_335_s80_0_sg0_5_ms20_colored.png,D:\gemma4\segmentation_lattuce-desease\felzenszwalb_masks_output\train\HLTY\HLTY_335_s80_0_sg0_5_ms20_info.txt
train,HLTY,healthy,D:\gemma4\segmentation_lattuce-desease\Roboflow_Dataset\train\HLTY\HLTY_336.JPG,HLTY_336,1,HLTY_336_s80_0_sg0_5_ms20,D:\gemma4\segmentation_lattuce-desease\felzenszwalb_masks_output\train\HLTY\HLTY_336_s80_0_sg0_5_ms20_raw.png,D:\gemma4\segmentation_lattuce-desease\felzenszwalb_masks_output\train\HLTY\HLTY_336_s80_0_sg0_5_ms20_boundary.png,D:\gemma4\segmentation_lattuce-desease\felzenszwalb_masks_output\train\HLTY\HLTY_336_s80_0_sg0_5_ms20_colored.png,D:\gemma4\segmentation_lattuce-desease\felzenszwalb_masks_output\train\HLTY\HLTY_336_s80_0_sg0_5_ms20_info.txt
train,HLTY,healthy,D:\gemma4\segmentation_lattuce-desease\Roboflow_Dataset\train\HLTY\HLTY_338.JPG,HLTY_338,1,HLTY_338_s80_0_sg0_5_ms20,D:\gemma4\segmentation_lattuce-desease\felzenszwalb_masks_output\train\HLTY\HLTY_338_s80_0_sg0_5_ms20_raw.png,D:\gemma4\segmentation_lattuce-desease\felzenszwalb_masks_output\train\HLTY\HLTY_338_s80_0_sg0_5_ms20_boundary.png,D:\gemma4\segmentation_lattuce-desease\felzenszwalb_masks_output\train\HLTY\HLTY_338_s80_0_sg0_5_ms20_colored.png,D:\gemma4\segmentation_lattuce-desease\felzenszwalb_masks_output\train\HLTY\HLTY_338_s80_0_sg0_5_ms20_info.txt
train,HLTY,healthy,D:\gemma4\segmentation_lattuce-desease\Roboflow_Dataset\train\HLTY\HLTY_34.JPG,HLTY_34,1,HLTY_34_s80_0_sg0_5_ms20,D:\gemma4\segmentation_lattuce-desease\felzenszwalb_masks_output\train\HLTY\HLTY_34_s80_0_sg0_5_ms20_raw.png,D:\gemma4\segmentation_lattuce-desease\felzenszwalb_masks_output\train\HLTY\HLTY_34_s80_0_sg0_5_ms20_boundary.png,D:\gemma4\segmentation_lattuce-desease\felzenszwalb_masks_output\train\HLTY\HLTY_34_s80_0_sg0_5_ms20_colored.png,D:\gemma4\segmentation_lattuce-desease\felzenszwalb_masks_output\train\HLTY\HLTY_34_s80_0_sg0_5_ms20_info.txt
train,HLTY,healthy,D:\gemma4\segmentation_lattuce-desease\Roboflow_Dataset\train\HLTY\HLTY_340.JPG,HLTY_340,1,HLTY_340_s80_0_sg0_5_ms20,D:\gemma4\segmentation_lattuce-desease\felzenszwalb_masks_output\train\HLTY\HLTY_340_s80_0_sg0_5_ms20_raw.png,D:\gemma4\segmentation_lattuce-desease\felzenszwalb_masks_output\train\HLTY\HLTY_340_s80_0_sg0_5_ms20_boundary.png,D:\gemma4\segmentation_lattuce-desease\felzenszwalb_masks_output\train\HLTY\HLTY_340_s80_0_sg0_5_ms20_colored.png,D:\gemma4\segmentation_lattuce-desease\felzenszwalb_masks_output\train\HLTY\HLTY_340_s80_0_sg0_5_ms20_info.txt
train,HLTY,healthy,D:\gemma4\segmentation_lattuce-desease\Roboflow_Dataset\train\HLTY\HLTY_341.JPG,HLTY_341,1,HLTY_341_s80_0_sg0_5_ms20,D:\gemma4\segmentation_lattuce-desease\felzenszwalb_masks_output\train\HLTY\HLTY_341_s80_0_sg0_5_ms20_raw.png,D:\gemma4\segmentation_lattuce-desease\felzenszwalb_masks_output\train\HLTY\HLTY_341_s80_0_sg0_5_ms20_boundary.png,D:\gemma4\segmentation_lattuce-desease\felzenszwalb_masks_output\train\HLTY\HLTY_341_s80_0_sg0_5_ms20_colored.png,D:\gemma4\segmentation_lattuce-desease\felzenszwalb_masks_output\train\HLTY\HLTY_341_s80_0_sg0_5_ms20_info.txt
train,HLTY,healthy,D:\gemma4\segmentation_lattuce-desease\Roboflow_Dataset\train\HLTY\HLTY_343.JPG,HLTY_343,1,HLTY_343_s80_0_sg0_5_ms20,D:\gemma4\segmentation_lattuce-desease\felzenszwalb_masks_output\train\HLTY\HLTY_343_s80_0_sg0_5_ms20_raw.png,D:\gemma4\segmentation_lattuce-desease\felzenszwalb_masks_output\train\HLTY\HLTY_343_s80_0_sg0_5_ms20_boundary.png,D:\gemma4\segmentation_lattuce-desease\felzenszwalb_masks_output\train\HLTY\HLTY_343_s80_0_sg0_5_ms20_colored.png,D:\gemma4\segmentation_lattuce-desease\felzenszwalb_masks_output\train\HLTY\HLTY_343_s80_0_sg0_5_ms20_info.txt
train,HLTY,healthy,D:\gemma4\segmentation_lattuce-desease\Roboflow_Dataset\train\HLTY\HLTY_344.JPG,HLTY_344,1,HLTY_344_s80_0_sg0_5_ms20,D:\gemma4\segmentation_lattuce-desease\felzenszwalb_masks_output\train\HLTY\HLTY_344_s80_0_sg0_5_ms20_raw.png,D:\gemma4\segmentation_lattuce-desease\felzenszwalb_masks_output\train\HLTY\HLTY_344_s80_0_sg0_5_ms20_boundary.png,D:\gemma4\segmentation_lattuce-desease\felzenszwalb_masks_output\train\HLTY\HLTY_344_s80_0_sg0_5_ms20_colored.png,D:\gemma4\segmentation_lattuce-desease\felzenszwalb_masks_output\train\HLTY\HLTY_344_s80_0_sg0_5_ms20_info.txt
train,HLTY,healthy,D:\gemma4\segmentation_lattuce-desease\Roboflow_Dataset\train\HLTY\HLTY_345.JPG,HLTY_345,1,HLTY_345_s80_0_sg0_5_ms20,D:\gemma4\segmentation_lattuce-desease\felzenszwalb_masks_output\train\HLTY\HLTY_345_s80_0_sg0_5_ms20_raw.png,D:\gemma4\segmentation_lattuce-desease\felzenszwalb_masks_output\train\HLTY\HLTY_345_s80_0_sg0_5_ms20_boundary.png,D:\gemma4\segmentation_lattuce-desease\felzenszwalb_masks_output\train\HLTY\HLTY_345_s80_0_sg0_5_ms20_colored.png,D:\gemma4\segmentation_lattuce-desease\felzenszwalb_masks_output\train\HLTY\HLTY_345_s80_0_sg0_5_ms20_info.txt
train,HLTY,healthy,D:\gemma4\segmentation_lattuce-desease\Roboflow_Dataset\train\HLTY\HLTY_346.jpg,HLTY_346,1,HLTY_346_s80_0_sg0_5_ms20,D:\gemma4\segmentation_lattuce-desease\felzenszwalb_masks_output\train\HLTY\HLTY_346_s80_0_sg0_5_ms20_raw.png,D:\gemma4\segmentation_lattuce-desease\felzenszwalb_masks_output\train\HLTY\HLTY_346_s80_0_sg0_5_ms20_boundary.png,D:\gemma4\segmentation_lattuce-desease\felzenszwalb_masks_output\train\HLTY\HLTY_346_s80_0_sg0_5_ms20_colored.png,D:\gemma4\segmentation_lattuce-desease\felzenszwalb_masks_output\train\HLTY\HLTY_346_s80_0_sg0_5_ms20_info.txt
train,HLTY,healthy,D:\gemma4\segmentation_lattuce-desease\Roboflow_Dataset\train\HLTY\HLTY_347.JPG,HLTY_347,1,HLTY_347_s80_0_sg0_5_ms20,D:\gemma4\segmentation_lattuce-desease\felzenszwalb_masks_output\train\HLTY\HLTY_347_s80_0_sg0_5_ms20_raw.png,D:\gemma4\segmentation_lattuce-desease\felzenszwalb_masks_output\train\HLTY\HLTY_347_s80_0_sg0_5_ms20_boundary.png,D:\gemma4\segmentation_lattuce-desease\felzenszwalb_masks_output\train\HLTY\HLTY_347_s80_0_sg0_5_ms20_colored.png,D:\gemma4\segmentation_lattuce-desease\felzenszwalb_masks_output\train\HLTY\HLTY_347_s80_0_sg0_5_ms20_info.txt
train,HLTY,healthy,D:\gemma4\segmentation_lattuce-desease\Roboflow_Dataset\train\HLTY\HLTY_348.JPG,HLTY_348,1,HLTY_348_s80_0_sg0_5_ms20,D:\gemma4\segmentation_lattuce-desease\felzenszwalb_masks_output\train\HLTY\HLTY_348_s80_0_sg0_5_ms20_raw.png,D:\gemma4\segmentation_lattuce-desease\felzenszwalb_masks_output\train\HLTY\HLTY_348_s80_0_sg0_5_ms20_boundary.png,D:\gemma4\segmentation_lattuce-desease\felzenszwalb_masks_output\train\HLTY\HLTY_348_s80_0_sg0_5_ms20_colored.png,D:\gemma4\segmentation_lattuce-desease\felzenszwalb_masks_output\train\HLTY\HLTY_348_s80_0_sg0_5_ms20_info.txt
train,HLTY,healthy,D:\gemma4\segmentation_lattuce-desease\Roboflow_Dataset\train\HLTY\HLTY_349.JPG,HLTY_349,1,HLTY_349_s80_0_sg0_5_ms20,D:\gemma4\segmentation_lattuce-desease\felzenszwalb_masks_output\train\HLTY\HLTY_349_s80_0_sg0_5_ms20_raw.png,D:\gemma4\segmentation_lattuce-desease\felzenszwalb_masks_output\train\HLTY\HLTY_349_s80_0_sg0_5_ms20_boundary.png,D:\gemma4\segmentation_lattuce-desease\felzenszwalb_masks_output\train\HLTY\HLTY_349_s80_0_sg0_5_ms20_colored.png,D:\gemma4\segmentation_lattuce-desease\felzenszwalb_masks_output\train\HLTY\HLTY_349_s80_0_sg0_5_ms20_info.txt
train,HLTY,healthy,D:\gemma4\segmentation_lattuce-desease\Roboflow_Dataset\train\HLTY\HLTY_35.JPG,HLTY_35,1,HLTY_35_s80_0_sg0_5_ms20,D:\gemma4\segmentation_lattuce-desease\felzenszwalb_masks_output\train\HLTY\HLTY_35_s80_0_sg0_5_ms20_raw.png,D:\gemma4\segmentation_lattuce-desease\felzenszwalb_masks_output\train\HLTY\HLTY_35_s80_0_sg0_5_ms20_boundary.png,D:\gemma4\segmentation_lattuce-desease\felzenszwalb_masks_output\train\HLTY\HLTY_35_s80_0_sg0_5_ms20_colored.png,D:\gemma4\segmentation_lattuce-desease\felzenszwalb_masks_output\train\HLTY\HLTY_35_s80_0_sg0_5_ms20_info.txt
train,HLTY,healthy,D:\gemma4\segmentation_lattuce-desease\Roboflow_Dataset\train\HLTY\HLTY_350.JPG,HLTY_350,1,HLTY_350_s80_0_sg0_5_ms20,D:\gemma4\segmentation_lattuce-desease\felzenszwalb_masks_output\train\HLTY\HLTY_350_s80_0_sg0_5_ms20_raw.png,D:\gemma4\segmentation_lattuce-desease\felzenszwalb_masks_output\train\HLTY\HLTY_350_s80_0_sg0_5_ms20_boundary.png,D:\gemma4\segmentation_lattuce-desease\felzenszwalb_masks_output\train\HLTY\HLTY_350_s80_0_sg0_5_ms20_colored.png,D:\gemma4\segmentation_lattuce-desease\felzenszwalb_masks_output\train\HLTY\HLTY_350_s80_0_sg0_5_ms20_info.txt
train,HLTY,healthy,D:\gemma4\segmentation_lattuce-desease\Roboflow_Dataset\train\HLTY\HLTY_351.JPG,HLTY_351,1,HLTY_351_s80_0_sg0_5_ms20,D:\gemma4\segmentation_lattuce-desease\felzenszwalb_masks_output\train\HLTY\HLTY_351_s80_0_sg0_5_ms20_raw.png,D:\gemma4\segmentation_lattuce-desease\felzenszwalb_masks_output\train\HLTY\HLTY_351_s80_0_sg0_5_ms20_boundary.png,D:\gemma4\segmentation_lattuce-desease\felzenszwalb_masks_output\train\HLTY\HLTY_351_s80_0_sg0_5_ms20_colored.png,D:\gemma4\segmentation_lattuce-desease\felzenszwalb_masks_output\train\HLTY\HLTY_351_s80_0_sg0_5_ms20_info.txt
train,HLTY,healthy,D:\gemma4\segmentation_lattuce-desease\Roboflow_Dataset\train\HLTY\HLTY_352.JPG,HLTY_352,1,HLTY_352_s80_0_sg0_5_ms20,D:\gemma4\segmentation_lattuce-desease\felzenszwalb_masks_output\train\HLTY\HLTY_352_s80_0_sg0_5_ms20_raw.png,D:\gemma4\segmentation_lattuce-desease\felzenszwalb_masks_output\train\HLTY\HLTY_352_s80_0_sg0_5_ms20_boundary.png,D:\gemma4\segmentation_lattuce-desease\felzenszwalb_masks_output\train\HLTY\HLTY_352_s80_0_sg0_5_ms20_colored.png,D:\gemma4\segmentation_lattuce-desease\felzenszwalb_masks_output\train\HLTY\HLTY_352_s80_0_sg0_5_ms20_info.txt
train,HLTY,healthy,D:\gemma4\segmentation_lattuce-desease\Roboflow_Dataset\train\HLTY\HLTY_353.JPG,HLTY_353,1,HLTY_353_s80_0_sg0_5_ms20,D:\gemma4\segmentation_lattuce-desease\felzenszwalb_masks_output\train\HLTY\HLTY_353_s80_0_sg0_5_ms20_raw.png,D:\gemma4\segmentation_lattuce-desease\felzenszwalb_masks_output\train\HLTY\HLTY_353_s80_0_sg0_5_ms20_boundary.png,D:\gemma4\segmentation_lattuce-desease\felzenszwalb_masks_output\train\HLTY\HLTY_353_s80_0_sg0_5_ms20_colored.png,D:\gemma4\segmentation_lattuce-desease\felzenszwalb_masks_output\train\HLTY\HLTY_353_s80_0_sg0_5_ms20_info.txt
train,HLTY,healthy,D:\gemma4\segmentation_lattuce-desease\Roboflow_Dataset\train\HLTY\HLTY_354.JPG,HLTY_354,1,HLTY_354_s80_0_sg0_5_ms20,D:\gemma4\segmentation_lattuce-desease\felzenszwalb_masks_output\train\HLTY\HLTY_354_s80_0_sg0_5_ms20_raw.png,D:\gemma4\segmentation_lattuce-desease\felzenszwalb_masks_output\train\HLTY\HLTY_354_s80_0_sg0_5_ms20_boundary.png,D:\gemma4\segmentation_lattuce-desease\felzenszwalb_masks_output\train\HLTY\HLTY_354_s80_0_sg0_5_ms20_colored.png,D:\gemma4\segmentation_lattuce-desease\felzenszwalb_masks_output\train\HLTY\HLTY_354_s80_0_sg0_5_ms20_info.txt
train,HLTY,healthy,D:\gemma4\segmentation_lattuce-desease\Roboflow_Dataset\train\HLTY\HLTY_355.JPG,HLTY_355,1,HLTY_355_s80_0_sg0_5_ms20,D:\gemma4\segmentation_lattuce-desease\felzenszwalb_masks_output\train\HLTY\HLTY_355_s80_0_sg0_5_ms20_raw.png,D:\gemma4\segmentation_lattuce-desease\felzenszwalb_masks_output\train\HLTY\HLTY_355_s80_0_sg0_5_ms20_boundary.png,D:\gemma4\segmentation_lattuce-desease\felzenszwalb_masks_output\train\HLTY\HLTY_355_s80_0_sg0_5_ms20_colored.png,D:\gemma4\segmentation_lattuce-desease\felzenszwalb_masks_output\train\HLTY\HLTY_355_s80_0_sg0_5_ms20_info.txt
train,HLTY,healthy,D:\gemma4\segmentation_lattuce-desease\Roboflow_Dataset\train\HLTY\HLTY_356.JPG,HLTY_356,1,HLTY_356_s80_0_sg0_5_ms20,D:\gemma4\segmentation_lattuce-desease\felzenszwalb_masks_output\train\HLTY\HLTY_356_s80_0_sg0_5_ms20_raw.png,D:\gemma4\segmentation_lattuce-desease\felzenszwalb_masks_output\train\HLTY\HLTY_356_s80_0_sg0_5_ms20_boundary.png,D:\gemma4\segmentation_lattuce-desease\felzenszwalb_masks_output\train\HLTY\HLTY_356_s80_0_sg0_5_ms20_colored.png,D:\gemma4\segmentation_lattuce-desease\felzenszwalb_masks_output\train\HLTY\HLTY_356_s80_0_sg0_5_ms20_info.txt
train,HLTY,healthy,D:\gemma4\segmentation_lattuce-desease\Roboflow_Dataset\train\HLTY\HLTY_357.JPG,HLTY_357,1,HLTY_357_s80_0_sg0_5_ms20,D:\gemma4\segmentation_lattuce-desease\felzenszwalb_masks_output\train\HLTY\HLTY_357_s80_0_sg0_5_ms20_raw.png,D:\gemma4\segmentation_lattuce-desease\felzenszwalb_masks_output\train\HLTY\HLTY_357_s80_0_sg0_5_ms20_boundary.png,D:\gemma4\segmentation_lattuce-desease\felzenszwalb_masks_output\train\HLTY\HLTY_357_s80_0_sg0_5_ms20_colored.png,D:\gemma4\segmentation_lattuce-desease\felzenszwalb_masks_output\train\HLTY\HLTY_357_s80_0_sg0_5_ms20_info.txt
train,HLTY,healthy,D:\gemma4\segmentation_lattuce-desease\Roboflow_Dataset\train\HLTY\HLTY_359.JPG,HLTY_359,1,HLTY_359_s80_0_sg0_5_ms20,D:\gemma4\segmentation_lattuce-desease\felzenszwalb_masks_output\train\HLTY\HLTY_359_s80_0_sg0_5_ms20_raw.png,D:\gemma4\segmentation_lattuce-desease\felzenszwalb_masks_output\train\HLTY\HLTY_359_s80_0_sg0_5_ms20_boundary.png,D:\gemma4\segmentation_lattuce-desease\felzenszwalb_masks_output\train\HLTY\HLTY_359_s80_0_sg0_5_ms20_colored.png,D:\gemma4\segmentation_lattuce-desease\felzenszwalb_masks_output\train\HLTY\HLTY_359_s80_0_sg0_5_ms20_info.txt
train,HLTY,healthy,D:\gemma4\segmentation_lattuce-desease\Roboflow_Dataset\train\HLTY\HLTY_36.JPG,HLTY_36,1,HLTY_36_s80_0_sg0_5_ms20,D:\gemma4\segmentation_lattuce-desease\felzenszwalb_masks_output\train\HLTY\HLTY_36_s80_0_sg0_5_ms20_raw.png,D:\gemma4\segmentation_lattuce-desease\felzenszwalb_masks_output\train\HLTY\HLTY_36_s80_0_sg0_5_ms20_boundary.png,D:\gemma4\segmentation_lattuce-desease\felzenszwalb_masks_output\train\HLTY\HLTY_36_s80_0_sg0_5_ms20_colored.png,D:\gemma4\segmentation_lattuce-desease\felzenszwalb_masks_output\train\HLTY\HLTY_36_s80_0_sg0_5_ms20_info.txt
train,HLTY,healthy,D:\gemma4\segmentation_lattuce-desease\Roboflow_Dataset\train\HLTY\HLTY_360.JPG,HLTY_360,1,HLTY_360_s80_0_sg0_5_ms20,D:\gemma4\segmentation_lattuce-desease\felzenszwalb_masks_output\train\HLTY\HLTY_360_s80_0_sg0_5_ms20_raw.png,D:\gemma4\segmentation_lattuce-desease\felzenszwalb_masks_output\train\HLTY\HLTY_360_s80_0_sg0_5_ms20_boundary.png,D:\gemma4\segmentation_lattuce-desease\felzenszwalb_masks_output\train\HLTY\HLTY_360_s80_0_sg0_5_ms20_colored.png,D:\gemma4\segmentation_lattuce-desease\felzenszwalb_masks_output\train\HLTY\HLTY_360_s80_0_sg0_5_ms20_info.txt
train,HLTY,healthy,D:\gemma4\segmentation_lattuce-desease\Roboflow_Dataset\train\HLTY\HLTY_361.JPG,HLTY_361,1,HLTY_361_s80_0_sg0_5_ms20,D:\gemma4\segmentation_lattuce-desease\felzenszwalb_masks_output\train\HLTY\HLTY_361_s80_0_sg0_5_ms20_raw.png,D:\gemma4\segmentation_lattuce-desease\felzenszwalb_masks_output\train\HLTY\HLTY_361_s80_0_sg0_5_ms20_boundary.png,D:\gemma4\segmentation_lattuce-desease\felzenszwalb_masks_output\train\HLTY\HLTY_361_s80_0_sg0_5_ms20_colored.png,D:\gemma4\segmentation_lattuce-desease\felzenszwalb_masks_output\train\HLTY\HLTY_361_s80_0_sg0_5_ms20_info.txt
train,HLTY,healthy,D:\gemma4\segmentation_lattuce-desease\Roboflow_Dataset\train\HLTY\HLTY_362.JPG,HLTY_362,1,HLTY_362_s80_0_sg0_5_ms20,D:\gemma4\segmentation_lattuce-desease\felzenszwalb_masks_output\train\HLTY\HLTY_362_s80_0_sg0_5_ms20_raw.png,D:\gemma4\segmentation_lattuce-desease\felzenszwalb_masks_output\train\HLTY\HLTY_362_s80_0_sg0_5_ms20_boundary.png,D:\gemma4\segmentation_lattuce-desease\felzenszwalb_masks_output\train\HLTY\HLTY_362_s80_0_sg0_5_ms20_colored.png,D:\gemma4\segmentation_lattuce-desease\felzenszwalb_masks_output\train\HLTY\HLTY_362_s80_0_sg0_5_ms20_info.txt
train,HLTY,healthy,D:\gemma4\segmentation_lattuce-desease\Roboflow_Dataset\train\HLTY\HLTY_363.JPG,HLTY_363,1,HLTY_363_s80_0_sg0_5_ms20,D:\gemma4\segmentation_lattuce-desease\felzenszwalb_masks_output\train\HLTY\HLTY_363_s80_0_sg0_5_ms20_raw.png,D:\gemma4\segmentation_lattuce-desease\felzenszwalb_masks_output\train\HLTY\HLTY_363_s80_0_sg0_5_ms20_boundary.png,D:\gemma4\segmentation_lattuce-desease\felzenszwalb_masks_output\train\HLTY\HLTY_363_s80_0_sg0_5_ms20_colored.png,D:\gemma4\segmentation_lattuce-desease\felzenszwalb_masks_output\train\HLTY\HLTY_363_s80_0_sg0_5_ms20_info.txt
train,HLTY,healthy,D:\gemma4\segmentation_lattuce-desease\Roboflow_Dataset\train\HLTY\HLTY_364.JPG,HLTY_364,1,HLTY_364_s80_0_sg0_5_ms20,D:\gemma4\segmentation_lattuce-desease\felzenszwalb_masks_output\train\HLTY\HLTY_364_s80_0_sg0_5_ms20_raw.png,D:\gemma4\segmentation_lattuce-desease\felzenszwalb_masks_output\train\HLTY\HLTY_364_s80_0_sg0_5_ms20_boundary.png,D:\gemma4\segmentation_lattuce-desease\felzenszwalb_masks_output\train\HLTY\HLTY_364_s80_0_sg0_5_ms20_colored.png,D:\gemma4\segmentation_lattuce-desease\felzenszwalb_masks_output\train\HLTY\HLTY_364_s80_0_sg0_5_ms20_info.txt
train,HLTY,healthy,D:\gemma4\segmentation_lattuce-desease\Roboflow_Dataset\train\HLTY\HLTY_365.JPG,HLTY_365,1,HLTY_365_s80_0_sg0_5_ms20,D:\gemma4\segmentation_lattuce-desease\felzenszwalb_masks_output\train\HLTY\HLTY_365_s80_0_sg0_5_ms20_raw.png,D:\gemma4\segmentation_lattuce-desease\felzenszwalb_masks_output\train\HLTY\HLTY_365_s80_0_sg0_5_ms20_boundary.png,D:\gemma4\segmentation_lattuce-desease\felzenszwalb_masks_output\train\HLTY\HLTY_365_s80_0_sg0_5_ms20_colored.png,D:\gemma4\segmentation_lattuce-desease\felzenszwalb_masks_output\train\HLTY\HLTY_365_s80_0_sg0_5_ms20_info.txt
train,HLTY,healthy,D:\gemma4\segmentation_lattuce-desease\Roboflow_Dataset\train\HLTY\HLTY_367.JPG,HLTY_367,1,HLTY_367_s80_0_sg0_5_ms20,D:\gemma4\segmentation_lattuce-desease\felzenszwalb_masks_output\train\HLTY\HLTY_367_s80_0_sg0_5_ms20_raw.png,D:\gemma4\segmentation_lattuce-desease\felzenszwalb_masks_output\train\HLTY\HLTY_367_s80_0_sg0_5_ms20_boundary.png,D:\gemma4\segmentation_lattuce-desease\felzenszwalb_masks_output\train\HLTY\HLTY_367_s80_0_sg0_5_ms20_colored.png,D:\gemma4\segmentation_lattuce-desease\felzenszwalb_masks_output\train\HLTY\HLTY_367_s80_0_sg0_5_ms20_info.txt
train,HLTY,healthy,D:\gemma4\segmentation_lattuce-desease\Roboflow_Dataset\train\HLTY\HLTY_368.JPG,HLTY_368,1,HLTY_368_s80_0_sg0_5_ms20,D:\gemma4\segmentation_lattuce-desease\felzenszwalb_masks_output\train\HLTY\HLTY_368_s80_0_sg0_5_ms20_raw.png,D:\gemma4\segmentation_lattuce-desease\felzenszwalb_masks_output\train\HLTY\HLTY_368_s80_0_sg0_5_ms20_boundary.png,D:\gemma4\segmentation_lattuce-desease\felzenszwalb_masks_output\train\HLTY\HLTY_368_s80_0_sg0_5_ms20_colored.png,D:\gemma4\segmentation_lattuce-desease\felzenszwalb_masks_output\train\HLTY\HLTY_368_s80_0_sg0_5_ms20_info.txt
train,HLTY,healthy,D:\gemma4\segmentation_lattuce-desease\Roboflow_Dataset\train\HLTY\HLTY_37.JPG,HLTY_37,1,HLTY_37_s80_0_sg0_5_ms20,D:\gemma4\segmentation_lattuce-desease\felzenszwalb_masks_output\train\HLTY\HLTY_37_s80_0_sg0_5_ms20_raw.png,D:\gemma4\segmentation_lattuce-desease\felzenszwalb_masks_output\train\HLTY\HLTY_37_s80_0_sg0_5_ms20_boundary.png,D:\gemma4\segmentation_lattuce-desease\felzenszwalb_masks_output\train\HLTY\HLTY_37_s80_0_sg0_5_ms20_colored.png,D:\gemma4\segmentation_lattuce-desease\felzenszwalb_masks_output\train\HLTY\HLTY_37_s80_0_sg0_5_ms20_info.txt
train,HLTY,healthy,D:\gemma4\segmentation_lattuce-desease\Roboflow_Dataset\train\HLTY\HLTY_371.JPG,HLTY_371,1,HLTY_371_s80_0_sg0_5_ms20,D:\gemma4\segmentation_lattuce-desease\felzenszwalb_masks_output\train\HLTY\HLTY_371_s80_0_sg0_5_ms20_raw.png,D:\gemma4\segmentation_lattuce-desease\felzenszwalb_masks_output\train\HLTY\HLTY_371_s80_0_sg0_5_ms20_boundary.png,D:\gemma4\segmentation_lattuce-desease\felzenszwalb_masks_output\train\HLTY\HLTY_371_s80_0_sg0_5_ms20_colored.png,D:\gemma4\segmentation_lattuce-desease\felzenszwalb_masks_output\train\HLTY\HLTY_371_s80_0_sg0_5_ms20_info.txt
train,HLTY,healthy,D:\gemma4\segmentation_lattuce-desease\Roboflow_Dataset\train\HLTY\HLTY_374.JPG,HLTY_374,1,HLTY_374_s80_0_sg0_5_ms20,D:\gemma4\segmentation_lattuce-desease\felzenszwalb_masks_output\train\HLTY\HLTY_374_s80_0_sg0_5_ms20_raw.png,D:\gemma4\segmentation_lattuce-desease\felzenszwalb_masks_output\train\HLTY\HLTY_374_s80_0_sg0_5_ms20_boundary.png,D:\gemma4\segmentation_lattuce-desease\felzenszwalb_masks_output\train\HLTY\HLTY_374_s80_0_sg0_5_ms20_colored.png,D:\gemma4\segmentation_lattuce-desease\felzenszwalb_masks_output\train\HLTY\HLTY_374_s80_0_sg0_5_ms20_info.txt
train,HLTY,healthy,D:\gemma4\segmentation_lattuce-desease\Roboflow_Dataset\train\HLTY\HLTY_376.JPG,HLTY_376,1,HLTY_376_s80_0_sg0_5_ms20,D:\gemma4\segmentation_lattuce-desease\felzenszwalb_masks_output\train\HLTY\HLTY_376_s80_0_sg0_5_ms20_raw.png,D:\gemma4\segmentation_lattuce-desease\felzenszwalb_masks_output\train\HLTY\HLTY_376_s80_0_sg0_5_ms20_boundary.png,D:\gemma4\segmentation_lattuce-desease\felzenszwalb_masks_output\train\HLTY\HLTY_376_s80_0_sg0_5_ms20_colored.png,D:\gemma4\segmentation_lattuce-desease\felzenszwalb_masks_output\train\HLTY\HLTY_376_s80_0_sg0_5_ms20_info.txt
train,HLTY,healthy,D:\gemma4\segmentation_lattuce-desease\Roboflow_Dataset\train\HLTY\HLTY_379.JPG,HLTY_379,1,HLTY_379_s80_0_sg0_5_ms20,D:\gemma4\segmentation_lattuce-desease\felzenszwalb_masks_output\train\HLTY\HLTY_379_s80_0_sg0_5_ms20_raw.png,D:\gemma4\segmentation_lattuce-desease\felzenszwalb_masks_output\train\HLTY\HLTY_379_s80_0_sg0_5_ms20_boundary.png,D:\gemma4\segmentation_lattuce-desease\felzenszwalb_masks_output\train\HLTY\HLTY_379_s80_0_sg0_5_ms20_colored.png,D:\gemma4\segmentation_lattuce-desease\felzenszwalb_masks_output\train\HLTY\HLTY_379_s80_0_sg0_5_ms20_info.txt
train,HLTY,healthy,D:\gemma4\segmentation_lattuce-desease\Roboflow_Dataset\train\HLTY\HLTY_38.JPG,HLTY_38,1,HLTY_38_s80_0_sg0_5_ms20,D:\gemma4\segmentation_lattuce-desease\felzenszwalb_masks_output\train\HLTY\HLTY_38_s80_0_sg0_5_ms20_raw.png,D:\gemma4\segmentation_lattuce-desease\felzenszwalb_masks_output\train\HLTY\HLTY_38_s80_0_sg0_5_ms20_boundary.png,D:\gemma4\segmentation_lattuce-desease\felzenszwalb_masks_output\train\HLTY\HLTY_38_s80_0_sg0_5_ms20_colored.png,D:\gemma4\segmentation_lattuce-desease\felzenszwalb_masks_output\train\HLTY\HLTY_38_s80_0_sg0_5_ms20_info.txt
train,HLTY,healthy,D:\gemma4\segmentation_lattuce-desease\Roboflow_Dataset\train\HLTY\HLTY_380.JPG,HLTY_380,1,HLTY_380_s80_0_sg0_5_ms20,D:\gemma4\segmentation_lattuce-desease\felzenszwalb_masks_output\train\HLTY\HLTY_380_s80_0_sg0_5_ms20_raw.png,D:\gemma4\segmentation_lattuce-desease\felzenszwalb_masks_output\train\HLTY\HLTY_380_s80_0_sg0_5_ms20_boundary.png,D:\gemma4\segmentation_lattuce-desease\felzenszwalb_masks_output\train\HLTY\HLTY_380_s80_0_sg0_5_ms20_colored.png,D:\gemma4\segmentation_lattuce-desease\felzenszwalb_masks_output\train\HLTY\HLTY_380_s80_0_sg0_5_ms20_info.txt
train,HLTY,healthy,D:\gemma4\segmentation_lattuce-desease\Roboflow_Dataset\train\HLTY\HLTY_381.JPG,HLTY_381,1,HLTY_381_s80_0_sg0_5_ms20,D:\gemma4\segmentation_lattuce-desease\felzenszwalb_masks_output\train\HLTY\HLTY_381_s80_0_sg0_5_ms20_raw.png,D:\gemma4\segmentation_lattuce-desease\felzenszwalb_masks_output\train\HLTY\HLTY_381_s80_0_sg0_5_ms20_boundary.png,D:\gemma4\segmentation_lattuce-desease\felzenszwalb_masks_output\train\HLTY\HLTY_381_s80_0_sg0_5_ms20_colored.png,D:\gemma4\segmentation_lattuce-desease\felzenszwalb_masks_output\train\HLTY\HLTY_381_s80_0_sg0_5_ms20_info.txt
train,HLTY,healthy,D:\gemma4\segmentation_lattuce-desease\Roboflow_Dataset\train\HLTY\HLTY_382.JPG,HLTY_382,1,HLTY_382_s80_0_sg0_5_ms20,D:\gemma4\segmentation_lattuce-desease\felzenszwalb_masks_output\train\HLTY\HLTY_382_s80_0_sg0_5_ms20_raw.png,D:\gemma4\segmentation_lattuce-desease\felzenszwalb_masks_output\train\HLTY\HLTY_382_s80_0_sg0_5_ms20_boundary.png,D:\gemma4\segmentation_lattuce-desease\felzenszwalb_masks_output\train\HLTY\HLTY_382_s80_0_sg0_5_ms20_colored.png,D:\gemma4\segmentation_lattuce-desease\felzenszwalb_masks_output\train\HLTY\HLTY_382_s80_0_sg0_5_ms20_info.txt
train,HLTY,healthy,D:\gemma4\segmentation_lattuce-desease\Roboflow_Dataset\train\HLTY\HLTY_384.JPG,HLTY_384,1,HLTY_384_s80_0_sg0_5_ms20,D:\gemma4\segmentation_lattuce-desease\felzenszwalb_masks_output\train\HLTY\HLTY_384_s80_0_sg0_5_ms20_raw.png,D:\gemma4\segmentation_lattuce-desease\felzenszwalb_masks_output\train\HLTY\HLTY_384_s80_0_sg0_5_ms20_boundary.png,D:\gemma4\segmentation_lattuce-desease\felzenszwalb_masks_output\train\HLTY\HLTY_384_s80_0_sg0_5_ms20_colored.png,D:\gemma4\segmentation_lattuce-desease\felzenszwalb_masks_output\train\HLTY\HLTY_384_s80_0_sg0_5_ms20_info.txt
train,HLTY,healthy,D:\gemma4\segmentation_lattuce-desease\Roboflow_Dataset\train\HLTY\HLTY_385.JPG,HLTY_385,1,HLTY_385_s80_0_sg0_5_ms20,D:\gemma4\segmentation_lattuce-desease\felzenszwalb_masks_output\train\HLTY\HLTY_385_s80_0_sg0_5_ms20_raw.png,D:\gemma4\segmentation_lattuce-desease\felzenszwalb_masks_output\train\HLTY\HLTY_385_s80_0_sg0_5_ms20_boundary.png,D:\gemma4\segmentation_lattuce-desease\felzenszwalb_masks_output\train\HLTY\HLTY_385_s80_0_sg0_5_ms20_colored.png,D:\gemma4\segmentation_lattuce-desease\felzenszwalb_masks_output\train\HLTY\HLTY_385_s80_0_sg0_5_ms20_info.txt
train,HLTY,healthy,D:\gemma4\segmentation_lattuce-desease\Roboflow_Dataset\train\HLTY\HLTY_387.JPG,HLTY_387,1,HLTY_387_s80_0_sg0_5_ms20,D:\gemma4\segmentation_lattuce-desease\felzenszwalb_masks_output\train\HLTY\HLTY_387_s80_0_sg0_5_ms20_raw.png,D:\gemma4\segmentation_lattuce-desease\felzenszwalb_masks_output\train\HLTY\HLTY_387_s80_0_sg0_5_ms20_boundary.png,D:\gemma4\segmentation_lattuce-desease\felzenszwalb_masks_output\train\HLTY\HLTY_387_s80_0_sg0_5_ms20_colored.png,D:\gemma4\segmentation_lattuce-desease\felzenszwalb_masks_output\train\HLTY\HLTY_387_s80_0_sg0_5_ms20_info.txt
train,HLTY,healthy,D:\gemma4\segmentation_lattuce-desease\Roboflow_Dataset\train\HLTY\HLTY_388.JPG,HLTY_388,1,HLTY_388_s80_0_sg0_5_ms20,D:\gemma4\segmentation_lattuce-desease\felzenszwalb_masks_output\train\HLTY\HLTY_388_s80_0_sg0_5_ms20_raw.png,D:\gemma4\segmentation_lattuce-desease\felzenszwalb_masks_output\train\HLTY\HLTY_388_s80_0_sg0_5_ms20_boundary.png,D:\gemma4\segmentation_lattuce-desease\felzenszwalb_masks_output\train\HLTY\HLTY_388_s80_0_sg0_5_ms20_colored.png,D:\gemma4\segmentation_lattuce-desease\felzenszwalb_masks_output\train\HLTY\HLTY_388_s80_0_sg0_5_ms20_info.txt
train,HLTY,healthy,D:\gemma4\segmentation_lattuce-desease\Roboflow_Dataset\train\HLTY\HLTY_389.JPG,HLTY_389,1,HLTY_389_s80_0_sg0_5_ms20,D:\gemma4\segmentation_lattuce-desease\felzenszwalb_masks_output\train\HLTY\HLTY_389_s80_0_sg0_5_ms20_raw.png,D:\gemma4\segmentation_lattuce-desease\felzenszwalb_masks_output\train\HLTY\HLTY_389_s80_0_sg0_5_ms20_boundary.png,D:\gemma4\segmentation_lattuce-desease\felzenszwalb_masks_output\train\HLTY\HLTY_389_s80_0_sg0_5_ms20_colored.png,D:\gemma4\segmentation_lattuce-desease\felzenszwalb_masks_output\train\HLTY\HLTY_389_s80_0_sg0_5_ms20_info.txt
train,HLTY,healthy,D:\gemma4\segmentation_lattuce-desease\Roboflow_Dataset\train\HLTY\HLTY_39.JPG,HLTY_39,1,HLTY_39_s80_0_sg0_5_ms20,D:\gemma4\segmentation_lattuce-desease\felzenszwalb_masks_output\train\HLTY\HLTY_39_s80_0_sg0_5_ms20_raw.png,D:\gemma4\segmentation_lattuce-desease\felzenszwalb_masks_output\train\HLTY\HLTY_39_s80_0_sg0_5_ms20_boundary.png,D:\gemma4\segmentation_lattuce-desease\felzenszwalb_masks_output\train\HLTY\HLTY_39_s80_0_sg0_5_ms20_colored.png,D:\gemma4\segmentation_lattuce-desease\felzenszwalb_masks_output\train\HLTY\HLTY_39_s80_0_sg0_5_ms20_info.txt
train,HLTY,healthy,D:\gemma4\segmentation_lattuce-desease\Roboflow_Dataset\train\HLTY\HLTY_391.JPG,HLTY_391,1,HLTY_391_s80_0_sg0_5_ms20,D:\gemma4\segmentation_lattuce-desease\felzenszwalb_masks_output\train\HLTY\HLTY_391_s80_0_sg0_5_ms20_raw.png,D:\gemma4\segmentation_lattuce-desease\felzenszwalb_masks_output\train\HLTY\HLTY_391_s80_0_sg0_5_ms20_boundary.png,D:\gemma4\segmentation_lattuce-desease\felzenszwalb_masks_output\train\HLTY\HLTY_391_s80_0_sg0_5_ms20_colored.png,D:\gemma4\segmentation_lattuce-desease\felzenszwalb_masks_output\train\HLTY\HLTY_391_s80_0_sg0_5_ms20_info.txt
train,HLTY,healthy,D:\gemma4\segmentation_lattuce-desease\Roboflow_Dataset\train\HLTY\HLTY_392.JPG,HLTY_392,1,HLTY_392_s80_0_sg0_5_ms20,D:\gemma4\segmentation_lattuce-desease\felzenszwalb_masks_output\train\HLTY\HLTY_392_s80_0_sg0_5_ms20_raw.png,D:\gemma4\segmentation_lattuce-desease\felzenszwalb_masks_output\train\HLTY\HLTY_392_s80_0_sg0_5_ms20_boundary.png,D:\gemma4\segmentation_lattuce-desease\felzenszwalb_masks_output\train\HLTY\HLTY_392_s80_0_sg0_5_ms20_colored.png,D:\gemma4\segmentation_lattuce-desease\felzenszwalb_masks_output\train\HLTY\HLTY_392_s80_0_sg0_5_ms20_info.txt
train,HLTY,healthy,D:\gemma4\segmentation_lattuce-desease\Roboflow_Dataset\train\HLTY\HLTY_393.JPG,HLTY_393,1,HLTY_393_s80_0_sg0_5_ms20,D:\gemma4\segmentation_lattuce-desease\felzenszwalb_masks_output\train\HLTY\HLTY_393_s80_0_sg0_5_ms20_raw.png,D:\gemma4\segmentation_lattuce-desease\felzenszwalb_masks_output\train\HLTY\HLTY_393_s80_0_sg0_5_ms20_boundary.png,D:\gemma4\segmentation_lattuce-desease\felzenszwalb_masks_output\train\HLTY\HLTY_393_s80_0_sg0_5_ms20_colored.png,D:\gemma4\segmentation_lattuce-desease\felzenszwalb_masks_output\train\HLTY\HLTY_393_s80_0_sg0_5_ms20_info.txt
train,HLTY,healthy,D:\gemma4\segmentation_lattuce-desease\Roboflow_Dataset\train\HLTY\HLTY_394.JPG,HLTY_394,1,HLTY_394_s80_0_sg0_5_ms20,D:\gemma4\segmentation_lattuce-desease\felzenszwalb_masks_output\train\HLTY\HLTY_394_s80_0_sg0_5_ms20_raw.png,D:\gemma4\segmentation_lattuce-desease\felzenszwalb_masks_output\train\HLTY\HLTY_394_s80_0_sg0_5_ms20_boundary.png,D:\gemma4\segmentation_lattuce-desease\felzenszwalb_masks_output\train\HLTY\HLTY_394_s80_0_sg0_5_ms20_colored.png,D:\gemma4\segmentation_lattuce-desease\felzenszwalb_masks_output\train\HLTY\HLTY_394_s80_0_sg0_5_ms20_info.txt
train,HLTY,healthy,D:\gemma4\segmentation_lattuce-desease\Roboflow_Dataset\train\HLTY\HLTY_395.JPG,HLTY_395,1,HLTY_395_s80_0_sg0_5_ms20,D:\gemma4\segmentation_lattuce-desease\felzenszwalb_masks_output\train\HLTY\HLTY_395_s80_0_sg0_5_ms20_raw.png,D:\gemma4\segmentation_lattuce-desease\felzenszwalb_masks_output\train\HLTY\HLTY_395_s80_0_sg0_5_ms20_boundary.png,D:\gemma4\segmentation_lattuce-desease\felzenszwalb_masks_output\train\HLTY\HLTY_395_s80_0_sg0_5_ms20_colored.png,D:\gemma4\segmentation_lattuce-desease\felzenszwalb_masks_output\train\HLTY\HLTY_395_s80_0_sg0_5_ms20_info.txt
train,HLTY,healthy,D:\gemma4\segmentation_lattuce-desease\Roboflow_Dataset\train\HLTY\HLTY_396.JPG,HLTY_396,1,HLTY_396_s80_0_sg0_5_ms20,D:\gemma4\segmentation_lattuce-desease\felzenszwalb_masks_output\train\HLTY\HLTY_396_s80_0_sg0_5_ms20_raw.png,D:\gemma4\segmentation_lattuce-desease\felzenszwalb_masks_output\train\HLTY\HLTY_396_s80_0_sg0_5_ms20_boundary.png,D:\gemma4\segmentation_lattuce-desease\felzenszwalb_masks_output\train\HLTY\HLTY_396_s80_0_sg0_5_ms20_colored.png,D:\gemma4\segmentation_lattuce-desease\felzenszwalb_masks_output\train\HLTY\HLTY_396_s80_0_sg0_5_ms20_info.txt
train,HLTY,healthy,D:\gemma4\segmentation_lattuce-desease\Roboflow_Dataset\train\HLTY\HLTY_397.JPG,HLTY_397,1,HLTY_397_s80_0_sg0_5_ms20,D:\gemma4\segmentation_lattuce-desease\felzenszwalb_masks_output\train\HLTY\HLTY_397_s80_0_sg0_5_ms20_raw.png,D:\gemma4\segmentation_lattuce-desease\felzenszwalb_masks_output\train\HLTY\HLTY_397_s80_0_sg0_5_ms20_boundary.png,D:\gemma4\segmentation_lattuce-desease\felzenszwalb_masks_output\train\HLTY\HLTY_397_s80_0_sg0_5_ms20_colored.png,D:\gemma4\segmentation_lattuce-desease\felzenszwalb_masks_output\train\HLTY\HLTY_397_s80_0_sg0_5_ms20_info.txt
train,HLTY,healthy,D:\gemma4\segmentation_lattuce-desease\Roboflow_Dataset\train\HLTY\HLTY_398.JPG,HLTY_398,1,HLTY_398_s80_0_sg0_5_ms20,D:\gemma4\segmentation_lattuce-desease\felzenszwalb_masks_output\train\HLTY\HLTY_398_s80_0_sg0_5_ms20_raw.png,D:\gemma4\segmentation_lattuce-desease\felzenszwalb_masks_output\train\HLTY\HLTY_398_s80_0_sg0_5_ms20_boundary.png,D:\gemma4\segmentation_lattuce-desease\felzenszwalb_masks_output\train\HLTY\HLTY_398_s80_0_sg0_5_ms20_colored.png,D:\gemma4\segmentation_lattuce-desease\felzenszwalb_masks_output\train\HLTY\HLTY_398_s80_0_sg0_5_ms20_info.txt
train,HLTY,healthy,D:\gemma4\segmentation_lattuce-desease\Roboflow_Dataset\train\HLTY\HLTY_399.JPG,HLTY_399,1,HLTY_399_s80_0_sg0_5_ms20,D:\gemma4\segmentation_lattuce-desease\felzenszwalb_masks_output\train\HLTY\HLTY_399_s80_0_sg0_5_ms20_raw.png,D:\gemma4\segmentation_lattuce-desease\felzenszwalb_masks_output\train\HLTY\HLTY_399_s80_0_sg0_5_ms20_boundary.png,D:\gemma4\segmentation_lattuce-desease\felzenszwalb_masks_output\train\HLTY\HLTY_399_s80_0_sg0_5_ms20_colored.png,D:\gemma4\segmentation_lattuce-desease\felzenszwalb_masks_output\train\HLTY\HLTY_399_s80_0_sg0_5_ms20_info.txt
train,HLTY,healthy,D:\gemma4\segmentation_lattuce-desease\Roboflow_Dataset\train\HLTY\HLTY_4.JPG,HLTY_4,1,HLTY_4_s80_0_sg0_5_ms20,D:\gemma4\segmentation_lattuce-desease\felzenszwalb_masks_output\train\HLTY\HLTY_4_s80_0_sg0_5_ms20_raw.png,D:\gemma4\segmentation_lattuce-desease\felzenszwalb_masks_output\train\HLTY\HLTY_4_s80_0_sg0_5_ms20_boundary.png,D:\gemma4\segmentation_lattuce-desease\felzenszwalb_masks_output\train\HLTY\HLTY_4_s80_0_sg0_5_ms20_colored.png,D:\gemma4\segmentation_lattuce-desease\felzenszwalb_masks_output\train\HLTY\HLTY_4_s80_0_sg0_5_ms20_info.txt
train,HLTY,healthy,D:\gemma4\segmentation_lattuce-desease\Roboflow_Dataset\train\HLTY\HLTY_40.JPG,HLTY_40,1,HLTY_40_s80_0_sg0_5_ms20,D:\gemma4\segmentation_lattuce-desease\felzenszwalb_masks_output\train\HLTY\HLTY_40_s80_0_sg0_5_ms20_raw.png,D:\gemma4\segmentation_lattuce-desease\felzenszwalb_masks_output\train\HLTY\HLTY_40_s80_0_sg0_5_ms20_boundary.png,D:\gemma4\segmentation_lattuce-desease\felzenszwalb_masks_output\train\HLTY\HLTY_40_s80_0_sg0_5_ms20_colored.png,D:\gemma4\segmentation_lattuce-desease\felzenszwalb_masks_output\train\HLTY\HLTY_40_s80_0_sg0_5_ms20_info.txt
train,HLTY,healthy,D:\gemma4\segmentation_lattuce-desease\Roboflow_Dataset\train\HLTY\HLTY_400.JPG,HLTY_400,1,HLTY_400_s80_0_sg0_5_ms20,D:\gemma4\segmentation_lattuce-desease\felzenszwalb_masks_output\train\HLTY\HLTY_400_s80_0_sg0_5_ms20_raw.png,D:\gemma4\segmentation_lattuce-desease\felzenszwalb_masks_output\train\HLTY\HLTY_400_s80_0_sg0_5_ms20_boundary.png,D:\gemma4\segmentation_lattuce-desease\felzenszwalb_masks_output\train\HLTY\HLTY_400_s80_0_sg0_5_ms20_colored.png,D:\gemma4\segmentation_lattuce-desease\felzenszwalb_masks_output\train\HLTY\HLTY_400_s80_0_sg0_5_ms20_info.txt
train,HLTY,healthy,D:\gemma4\segmentation_lattuce-desease\Roboflow_Dataset\train\HLTY\HLTY_401.JPG,HLTY_401,1,HLTY_401_s80_0_sg0_5_ms20,D:\gemma4\segmentation_lattuce-desease\felzenszwalb_masks_output\train\HLTY\HLTY_401_s80_0_sg0_5_ms20_raw.png,D:\gemma4\segmentation_lattuce-desease\felzenszwalb_masks_output\train\HLTY\HLTY_401_s80_0_sg0_5_ms20_boundary.png,D:\gemma4\segmentation_lattuce-desease\felzenszwalb_masks_output\train\HLTY\HLTY_401_s80_0_sg0_5_ms20_colored.png,D:\gemma4\segmentation_lattuce-desease\felzenszwalb_masks_output\train\HLTY\HLTY_401_s80_0_sg0_5_ms20_info.txt
train,HLTY,healthy,D:\gemma4\segmentation_lattuce-desease\Roboflow_Dataset\train\HLTY\HLTY_402.JPG,HLTY_402,1,HLTY_402_s80_0_sg0_5_ms20,D:\gemma4\segmentation_lattuce-desease\felzenszwalb_masks_output\train\HLTY\HLTY_402_s80_0_sg0_5_ms20_raw.png,D:\gemma4\segmentation_lattuce-desease\felzenszwalb_masks_output\train\HLTY\HLTY_402_s80_0_sg0_5_ms20_boundary.png,D:\gemma4\segmentation_lattuce-desease\felzenszwalb_masks_output\train\HLTY\HLTY_402_s80_0_sg0_5_ms20_colored.png,D:\gemma4\segmentation_lattuce-desease\felzenszwalb_masks_output\train\HLTY\HLTY_402_s80_0_sg0_5_ms20_info.txt
train,HLTY,healthy,D:\gemma4\segmentation_lattuce-desease\Roboflow_Dataset\train\HLTY\HLTY_404.JPG,HLTY_404,1,HLTY_404_s80_0_sg0_5_ms20,D:\gemma4\segmentation_lattuce-desease\felzenszwalb_masks_output\train\HLTY\HLTY_404_s80_0_sg0_5_ms20_raw.png,D:\gemma4\segmentation_lattuce-desease\felzenszwalb_masks_output\train\HLTY\HLTY_404_s80_0_sg0_5_ms20_boundary.png,D:\gemma4\segmentation_lattuce-desease\felzenszwalb_masks_output\train\HLTY\HLTY_404_s80_0_sg0_5_ms20_colored.png,D:\gemma4\segmentation_lattuce-desease\felzenszwalb_masks_output\train\HLTY\HLTY_404_s80_0_sg0_5_ms20_info.txt
train,HLTY,healthy,D:\gemma4\segmentation_lattuce-desease\Roboflow_Dataset\train\HLTY\HLTY_406.JPG,HLTY_406,1,HLTY_406_s80_0_sg0_5_ms20,D:\gemma4\segmentation_lattuce-desease\felzenszwalb_masks_output\train\HLTY\HLTY_406_s80_0_sg0_5_ms20_raw.png,D:\gemma4\segmentation_lattuce-desease\felzenszwalb_masks_output\train\HLTY\HLTY_406_s80_0_sg0_5_ms20_boundary.png,D:\gemma4\segmentation_lattuce-desease\felzenszwalb_masks_output\train\HLTY\HLTY_406_s80_0_sg0_5_ms20_colored.png,D:\gemma4\segmentation_lattuce-desease\felzenszwalb_masks_output\train\HLTY\HLTY_406_s80_0_sg0_5_ms20_info.txt
train,HLTY,healthy,D:\gemma4\segmentation_lattuce-desease\Roboflow_Dataset\train\HLTY\HLTY_407.JPG,HLTY_407,1,HLTY_407_s80_0_sg0_5_ms20,D:\gemma4\segmentation_lattuce-desease\felzenszwalb_masks_output\train\HLTY\HLTY_407_s80_0_sg0_5_ms20_raw.png,D:\gemma4\segmentation_lattuce-desease\felzenszwalb_masks_output\train\HLTY\HLTY_407_s80_0_sg0_5_ms20_boundary.png,D:\gemma4\segmentation_lattuce-desease\felzenszwalb_masks_output\train\HLTY\HLTY_407_s80_0_sg0_5_ms20_colored.png,D:\gemma4\segmentation_lattuce-desease\felzenszwalb_masks_output\train\HLTY\HLTY_407_s80_0_sg0_5_ms20_info.txt
train,HLTY,healthy,D:\gemma4\segmentation_lattuce-desease\Roboflow_Dataset\train\HLTY\HLTY_409.JPG,HLTY_409,1,HLTY_409_s80_0_sg0_5_ms20,D:\gemma4\segmentation_lattuce-desease\felzenszwalb_masks_output\train\HLTY\HLTY_409_s80_0_sg0_5_ms20_raw.png,D:\gemma4\segmentation_lattuce-desease\felzenszwalb_masks_output\train\HLTY\HLTY_409_s80_0_sg0_5_ms20_boundary.png,D:\gemma4\segmentation_lattuce-desease\felzenszwalb_masks_output\train\HLTY\HLTY_409_s80_0_sg0_5_ms20_colored.png,D:\gemma4\segmentation_lattuce-desease\felzenszwalb_masks_output\train\HLTY\HLTY_409_s80_0_sg0_5_ms20_info.txt
train,HLTY,healthy,D:\gemma4\segmentation_lattuce-desease\Roboflow_Dataset\train\HLTY\HLTY_41.JPG,HLTY_41,1,HLTY_41_s80_0_sg0_5_ms20,D:\gemma4\segmentation_lattuce-desease\felzenszwalb_masks_output\train\HLTY\HLTY_41_s80_0_sg0_5_ms20_raw.png,D:\gemma4\segmentation_lattuce-desease\felzenszwalb_masks_output\train\HLTY\HLTY_41_s80_0_sg0_5_ms20_boundary.png,D:\gemma4\segmentation_lattuce-desease\felzenszwalb_masks_output\train\HLTY\HLTY_41_s80_0_sg0_5_ms20_colored.png,D:\gemma4\segmentation_lattuce-desease\felzenszwalb_masks_output\train\HLTY\HLTY_41_s80_0_sg0_5_ms20_info.txt
train,HLTY,healthy,D:\gemma4\segmentation_lattuce-desease\Roboflow_Dataset\train\HLTY\HLTY_410.JPG,HLTY_410,1,HLTY_410_s80_0_sg0_5_ms20,D:\gemma4\segmentation_lattuce-desease\felzenszwalb_masks_output\train\HLTY\HLTY_410_s80_0_sg0_5_ms20_raw.png,D:\gemma4\segmentation_lattuce-desease\felzenszwalb_masks_output\train\HLTY\HLTY_410_s80_0_sg0_5_ms20_boundary.png,D:\gemma4\segmentation_lattuce-desease\felzenszwalb_masks_output\train\HLTY\HLTY_410_s80_0_sg0_5_ms20_colored.png,D:\gemma4\segmentation_lattuce-desease\felzenszwalb_masks_output\train\HLTY\HLTY_410_s80_0_sg0_5_ms20_info.txt
train,HLTY,healthy,D:\gemma4\segmentation_lattuce-desease\Roboflow_Dataset\train\HLTY\HLTY_411.JPG,HLTY_411,1,HLTY_411_s80_0_sg0_5_ms20,D:\gemma4\segmentation_lattuce-desease\felzenszwalb_masks_output\train\HLTY\HLTY_411_s80_0_sg0_5_ms20_raw.png,D:\gemma4\segmentation_lattuce-desease\felzenszwalb_masks_output\train\HLTY\HLTY_411_s80_0_sg0_5_ms20_boundary.png,D:\gemma4\segmentation_lattuce-desease\felzenszwalb_masks_output\train\HLTY\HLTY_411_s80_0_sg0_5_ms20_colored.png,D:\gemma4\segmentation_lattuce-desease\felzenszwalb_masks_output\train\HLTY\HLTY_411_s80_0_sg0_5_ms20_info.txt
train,HLTY,healthy,D:\gemma4\segmentation_lattuce-desease\Roboflow_Dataset\train\HLTY\HLTY_412.JPG,HLTY_412,1,HLTY_412_s80_0_sg0_5_ms20,D:\gemma4\segmentation_lattuce-desease\felzenszwalb_masks_output\train\HLTY\HLTY_412_s80_0_sg0_5_ms20_raw.png,D:\gemma4\segmentation_lattuce-desease\felzenszwalb_masks_output\train\HLTY\HLTY_412_s80_0_sg0_5_ms20_boundary.png,D:\gemma4\segmentation_lattuce-desease\felzenszwalb_masks_output\train\HLTY\HLTY_412_s80_0_sg0_5_ms20_colored.png,D:\gemma4\segmentation_lattuce-desease\felzenszwalb_masks_output\train\HLTY\HLTY_412_s80_0_sg0_5_ms20_info.txt
train,HLTY,healthy,D:\gemma4\segmentation_lattuce-desease\Roboflow_Dataset\train\HLTY\HLTY_413.JPG,HLTY_413,1,HLTY_413_s80_0_sg0_5_ms20,D:\gemma4\segmentation_lattuce-desease\felzenszwalb_masks_output\train\HLTY\HLTY_413_s80_0_sg0_5_ms20_raw.png,D:\gemma4\segmentation_lattuce-desease\felzenszwalb_masks_output\train\HLTY\HLTY_413_s80_0_sg0_5_ms20_boundary.png,D:\gemma4\segmentation_lattuce-desease\felzenszwalb_masks_output\train\HLTY\HLTY_413_s80_0_sg0_5_ms20_colored.png,D:\gemma4\segmentation_lattuce-desease\felzenszwalb_masks_output\train\HLTY\HLTY_413_s80_0_sg0_5_ms20_info.txt
train,HLTY,healthy,D:\gemma4\segmentation_lattuce-desease\Roboflow_Dataset\train\HLTY\HLTY_414.JPG,HLTY_414,1,HLTY_414_s80_0_sg0_5_ms20,D:\gemma4\segmentation_lattuce-desease\felzenszwalb_masks_output\train\HLTY\HLTY_414_s80_0_sg0_5_ms20_raw.png,D:\gemma4\segmentation_lattuce-desease\felzenszwalb_masks_output\train\HLTY\HLTY_414_s80_0_sg0_5_ms20_boundary.png,D:\gemma4\segmentation_lattuce-desease\felzenszwalb_masks_output\train\HLTY\HLTY_414_s80_0_sg0_5_ms20_colored.png,D:\gemma4\segmentation_lattuce-desease\felzenszwalb_masks_output\train\HLTY\HLTY_414_s80_0_sg0_5_ms20_info.txt
train,HLTY,healthy,D:\gemma4\segmentation_lattuce-desease\Roboflow_Dataset\train\HLTY\HLTY_415.JPG,HLTY_415,1,HLTY_415_s80_0_sg0_5_ms20,D:\gemma4\segmentation_lattuce-desease\felzenszwalb_masks_output\train\HLTY\HLTY_415_s80_0_sg0_5_ms20_raw.png,D:\gemma4\segmentation_lattuce-desease\felzenszwalb_masks_output\train\HLTY\HLTY_415_s80_0_sg0_5_ms20_boundary.png,D:\gemma4\segmentation_lattuce-desease\felzenszwalb_masks_output\train\HLTY\HLTY_415_s80_0_sg0_5_ms20_colored.png,D:\gemma4\segmentation_lattuce-desease\felzenszwalb_masks_output\train\HLTY\HLTY_415_s80_0_sg0_5_ms20_info.txt
train,HLTY,healthy,D:\gemma4\segmentation_lattuce-desease\Roboflow_Dataset\train\HLTY\HLTY_416.JPG,HLTY_416,1,HLTY_416_s80_0_sg0_5_ms20,D:\gemma4\segmentation_lattuce-desease\felzenszwalb_masks_output\train\HLTY\HLTY_416_s80_0_sg0_5_ms20_raw.png,D:\gemma4\segmentation_lattuce-desease\felzenszwalb_masks_output\train\HLTY\HLTY_416_s80_0_sg0_5_ms20_boundary.png,D:\gemma4\segmentation_lattuce-desease\felzenszwalb_masks_output\train\HLTY\HLTY_416_s80_0_sg0_5_ms20_colored.png,D:\gemma4\segmentation_lattuce-desease\felzenszwalb_masks_output\train\HLTY\HLTY_416_s80_0_sg0_5_ms20_info.txt
train,HLTY,healthy,D:\gemma4\segmentation_lattuce-desease\Roboflow_Dataset\train\HLTY\HLTY_417.JPG,HLTY_417,1,HLTY_417_s80_0_sg0_5_ms20,D:\gemma4\segmentation_lattuce-desease\felzenszwalb_masks_output\train\HLTY\HLTY_417_s80_0_sg0_5_ms20_raw.png,D:\gemma4\segmentation_lattuce-desease\felzenszwalb_masks_output\train\HLTY\HLTY_417_s80_0_sg0_5_ms20_boundary.png,D:\gemma4\segmentation_lattuce-desease\felzenszwalb_masks_output\train\HLTY\HLTY_417_s80_0_sg0_5_ms20_colored.png,D:\gemma4\segmentation_lattuce-desease\felzenszwalb_masks_output\train\HLTY\HLTY_417_s80_0_sg0_5_ms20_info.txt
train,HLTY,healthy,D:\gemma4\segmentation_lattuce-desease\Roboflow_Dataset\train\HLTY\HLTY_42.JPG,HLTY_42,1,HLTY_42_s80_0_sg0_5_ms20,D:\gemma4\segmentation_lattuce-desease\felzenszwalb_masks_output\train\HLTY\HLTY_42_s80_0_sg0_5_ms20_raw.png,D:\gemma4\segmentation_lattuce-desease\felzenszwalb_masks_output\train\HLTY\HLTY_42_s80_0_sg0_5_ms20_boundary.png,D:\gemma4\segmentation_lattuce-desease\felzenszwalb_masks_output\train\HLTY\HLTY_42_s80_0_sg0_5_ms20_colored.png,D:\gemma4\segmentation_lattuce-desease\felzenszwalb_masks_output\train\HLTY\HLTY_42_s80_0_sg0_5_ms20_info.txt
train,HLTY,healthy,D:\gemma4\segmentation_lattuce-desease\Roboflow_Dataset\train\HLTY\HLTY_421.JPG,HLTY_421,1,HLTY_421_s80_0_sg0_5_ms20,D:\gemma4\segmentation_lattuce-desease\felzenszwalb_masks_output\train\HLTY\HLTY_421_s80_0_sg0_5_ms20_raw.png,D:\gemma4\segmentation_lattuce-desease\felzenszwalb_masks_output\train\HLTY\HLTY_421_s80_0_sg0_5_ms20_boundary.png,D:\gemma4\segmentation_lattuce-desease\felzenszwalb_masks_output\train\HLTY\HLTY_421_s80_0_sg0_5_ms20_colored.png,D:\gemma4\segmentation_lattuce-desease\felzenszwalb_masks_output\train\HLTY\HLTY_421_s80_0_sg0_5_ms20_info.txt
train,HLTY,healthy,D:\gemma4\segmentation_lattuce-desease\Roboflow_Dataset\train\HLTY\HLTY_422.JPG,HLTY_422,1,HLTY_422_s80_0_sg0_5_ms20,D:\gemma4\segmentation_lattuce-desease\felzenszwalb_masks_output\train\HLTY\HLTY_422_s80_0_sg0_5_ms20_raw.png,D:\gemma4\segmentation_lattuce-desease\felzenszwalb_masks_output\train\HLTY\HLTY_422_s80_0_sg0_5_ms20_boundary.png,D:\gemma4\segmentation_lattuce-desease\felzenszwalb_masks_output\train\HLTY\HLTY_422_s80_0_sg0_5_ms20_colored.png,D:\gemma4\segmentation_lattuce-desease\felzenszwalb_masks_output\train\HLTY\HLTY_422_s80_0_sg0_5_ms20_info.txt
train,HLTY,healthy,D:\gemma4\segmentation_lattuce-desease\Roboflow_Dataset\train\HLTY\HLTY_423.JPG,HLTY_423,1,HLTY_423_s80_0_sg0_5_ms20,D:\gemma4\segmentation_lattuce-desease\felzenszwalb_masks_output\train\HLTY\HLTY_423_s80_0_sg0_5_ms20_raw.png,D:\gemma4\segmentation_lattuce-desease\felzenszwalb_masks_output\train\HLTY\HLTY_423_s80_0_sg0_5_ms20_boundary.png,D:\gemma4\segmentation_lattuce-desease\felzenszwalb_masks_output\train\HLTY\HLTY_423_s80_0_sg0_5_ms20_colored.png,D:\gemma4\segmentation_lattuce-desease\felzenszwalb_masks_output\train\HLTY\HLTY_423_s80_0_sg0_5_ms20_info.txt
train,HLTY,healthy,D:\gemma4\segmentation_lattuce-desease\Roboflow_Dataset\train\HLTY\HLTY_426.JPG,HLTY_426,1,HLTY_426_s80_0_sg0_5_ms20,D:\gemma4\segmentation_lattuce-desease\felzenszwalb_masks_output\train\HLTY\HLTY_426_s80_0_sg0_5_ms20_raw.png,D:\gemma4\segmentation_lattuce-desease\felzenszwalb_masks_output\train\HLTY\HLTY_426_s80_0_sg0_5_ms20_boundary.png,D:\gemma4\segmentation_lattuce-desease\felzenszwalb_masks_output\train\HLTY\HLTY_426_s80_0_sg0_5_ms20_colored.png,D:\gemma4\segmentation_lattuce-desease\felzenszwalb_masks_output\train\HLTY\HLTY_426_s80_0_sg0_5_ms20_info.txt
train,HLTY,healthy,D:\gemma4\segmentation_lattuce-desease\Roboflow_Dataset\train\HLTY\HLTY_427.JPG,HLTY_427,1,HLTY_427_s80_0_sg0_5_ms20,D:\gemma4\segmentation_lattuce-desease\felzenszwalb_masks_output\train\HLTY\HLTY_427_s80_0_sg0_5_ms20_raw.png,D:\gemma4\segmentation_lattuce-desease\felzenszwalb_masks_output\train\HLTY\HLTY_427_s80_0_sg0_5_ms20_boundary.png,D:\gemma4\segmentation_lattuce-desease\felzenszwalb_masks_output\train\HLTY\HLTY_427_s80_0_sg0_5_ms20_colored.png,D:\gemma4\segmentation_lattuce-desease\felzenszwalb_masks_output\train\HLTY\HLTY_427_s80_0_sg0_5_ms20_info.txt
train,HLTY,healthy,D:\gemma4\segmentation_lattuce-desease\Roboflow_Dataset\train\HLTY\HLTY_428.JPG,HLTY_428,1,HLTY_428_s80_0_sg0_5_ms20,D:\gemma4\segmentation_lattuce-desease\felzenszwalb_masks_output\train\HLTY\HLTY_428_s80_0_sg0_5_ms20_raw.png,D:\gemma4\segmentation_lattuce-desease\felzenszwalb_masks_output\train\HLTY\HLTY_428_s80_0_sg0_5_ms20_boundary.png,D:\gemma4\segmentation_lattuce-desease\felzenszwalb_masks_output\train\HLTY\HLTY_428_s80_0_sg0_5_ms20_colored.png,D:\gemma4\segmentation_lattuce-desease\felzenszwalb_masks_output\train\HLTY\HLTY_428_s80_0_sg0_5_ms20_info.txt
train,HLTY,healthy,D:\gemma4\segmentation_lattuce-desease\Roboflow_Dataset\train\HLTY\HLTY_429.JPG,HLTY_429,1,HLTY_429_s80_0_sg0_5_ms20,D:\gemma4\segmentation_lattuce-desease\felzenszwalb_masks_output\train\HLTY\HLTY_429_s80_0_sg0_5_ms20_raw.png,D:\gemma4\segmentation_lattuce-desease\felzenszwalb_masks_output\train\HLTY\HLTY_429_s80_0_sg0_5_ms20_boundary.png,D:\gemma4\segmentation_lattuce-desease\felzenszwalb_masks_output\train\HLTY\HLTY_429_s80_0_sg0_5_ms20_colored.png,D:\gemma4\segmentation_lattuce-desease\felzenszwalb_masks_output\train\HLTY\HLTY_429_s80_0_sg0_5_ms20_info.txt
train,HLTY,healthy,D:\gemma4\segmentation_lattuce-desease\Roboflow_Dataset\train\HLTY\HLTY_43.JPG,HLTY_43,1,HLTY_43_s80_0_sg0_5_ms20,D:\gemma4\segmentation_lattuce-desease\felzenszwalb_masks_output\train\HLTY\HLTY_43_s80_0_sg0_5_ms20_raw.png,D:\gemma4\segmentation_lattuce-desease\felzenszwalb_masks_output\train\HLTY\HLTY_43_s80_0_sg0_5_ms20_boundary.png,D:\gemma4\segmentation_lattuce-desease\felzenszwalb_masks_output\train\HLTY\HLTY_43_s80_0_sg0_5_ms20_colored.png,D:\gemma4\segmentation_lattuce-desease\felzenszwalb_masks_output\train\HLTY\HLTY_43_s80_0_sg0_5_ms20_info.txt
train,HLTY,healthy,D:\gemma4\segmentation_lattuce-desease\Roboflow_Dataset\train\HLTY\HLTY_430.JPG,HLTY_430,1,HLTY_430_s80_0_sg0_5_ms20,D:\gemma4\segmentation_lattuce-desease\felzenszwalb_masks_output\train\HLTY\HLTY_430_s80_0_sg0_5_ms20_raw.png,D:\gemma4\segmentation_lattuce-desease\felzenszwalb_masks_output\train\HLTY\HLTY_430_s80_0_sg0_5_ms20_boundary.png,D:\gemma4\segmentation_lattuce-desease\felzenszwalb_masks_output\train\HLTY\HLTY_430_s80_0_sg0_5_ms20_colored.png,D:\gemma4\segmentation_lattuce-desease\felzenszwalb_masks_output\train\HLTY\HLTY_430_s80_0_sg0_5_ms20_info.txt
train,HLTY,healthy,D:\gemma4\segmentation_lattuce-desease\Roboflow_Dataset\train\HLTY\HLTY_433.JPG,HLTY_433,1,HLTY_433_s80_0_sg0_5_ms20,D:\gemma4\segmentation_lattuce-desease\felzenszwalb_masks_output\train\HLTY\HLTY_433_s80_0_sg0_5_ms20_raw.png,D:\gemma4\segmentation_lattuce-desease\felzenszwalb_masks_output\train\HLTY\HLTY_433_s80_0_sg0_5_ms20_boundary.png,D:\gemma4\segmentation_lattuce-desease\felzenszwalb_masks_output\train\HLTY\HLTY_433_s80_0_sg0_5_ms20_colored.png,D:\gemma4\segmentation_lattuce-desease\felzenszwalb_masks_output\train\HLTY\HLTY_433_s80_0_sg0_5_ms20_info.txt
train,HLTY,healthy,D:\gemma4\segmentation_lattuce-desease\Roboflow_Dataset\train\HLTY\HLTY_434.JPG,HLTY_434,1,HLTY_434_s80_0_sg0_5_ms20,D:\gemma4\segmentation_lattuce-desease\felzenszwalb_masks_output\train\HLTY\HLTY_434_s80_0_sg0_5_ms20_raw.png,D:\gemma4\segmentation_lattuce-desease\felzenszwalb_masks_output\train\HLTY\HLTY_434_s80_0_sg0_5_ms20_boundary.png,D:\gemma4\segmentation_lattuce-desease\felzenszwalb_masks_output\train\HLTY\HLTY_434_s80_0_sg0_5_ms20_colored.png,D:\gemma4\segmentation_lattuce-desease\felzenszwalb_masks_output\train\HLTY\HLTY_434_s80_0_sg0_5_ms20_info.txt
train,HLTY,healthy,D:\gemma4\segmentation_lattuce-desease\Roboflow_Dataset\train\HLTY\HLTY_435.JPG,HLTY_435,1,HLTY_435_s80_0_sg0_5_ms20,D:\gemma4\segmentation_lattuce-desease\felzenszwalb_masks_output\train\HLTY\HLTY_435_s80_0_sg0_5_ms20_raw.png,D:\gemma4\segmentation_lattuce-desease\felzenszwalb_masks_output\train\HLTY\HLTY_435_s80_0_sg0_5_ms20_boundary.png,D:\gemma4\segmentation_lattuce-desease\felzenszwalb_masks_output\train\HLTY\HLTY_435_s80_0_sg0_5_ms20_colored.png,D:\gemma4\segmentation_lattuce-desease\felzenszwalb_masks_output\train\HLTY\HLTY_435_s80_0_sg0_5_ms20_info.txt
train,HLTY,healthy,D:\gemma4\segmentation_lattuce-desease\Roboflow_Dataset\train\HLTY\HLTY_436.JPG,HLTY_436,1,HLTY_436_s80_0_sg0_5_ms20,D:\gemma4\segmentation_lattuce-desease\felzenszwalb_masks_output\train\HLTY\HLTY_436_s80_0_sg0_5_ms20_raw.png,D:\gemma4\segmentation_lattuce-desease\felzenszwalb_masks_output\train\HLTY\HLTY_436_s80_0_sg0_5_ms20_boundary.png,D:\gemma4\segmentation_lattuce-desease\felzenszwalb_masks_output\train\HLTY\HLTY_436_s80_0_sg0_5_ms20_colored.png,D:\gemma4\segmentation_lattuce-desease\felzenszwalb_masks_output\train\HLTY\HLTY_436_s80_0_sg0_5_ms20_info.txt
train,HLTY,healthy,D:\gemma4\segmentation_lattuce-desease\Roboflow_Dataset\train\HLTY\HLTY_437.JPG,HLTY_437,1,HLTY_437_s80_0_sg0_5_ms20,D:\gemma4\segmentation_lattuce-desease\felzenszwalb_masks_output\train\HLTY\HLTY_437_s80_0_sg0_5_ms20_raw.png,D:\gemma4\segmentation_lattuce-desease\felzenszwalb_masks_output\train\HLTY\HLTY_437_s80_0_sg0_5_ms20_boundary.png,D:\gemma4\segmentation_lattuce-desease\felzenszwalb_masks_output\train\HLTY\HLTY_437_s80_0_sg0_5_ms20_colored.png,D:\gemma4\segmentation_lattuce-desease\felzenszwalb_masks_output\train\HLTY\HLTY_437_s80_0_sg0_5_ms20_info.txt
train,HLTY,healthy,D:\gemma4\segmentation_lattuce-desease\Roboflow_Dataset\train\HLTY\HLTY_438.JPG,HLTY_438,1,HLTY_438_s80_0_sg0_5_ms20,D:\gemma4\segmentation_lattuce-desease\felzenszwalb_masks_output\train\HLTY\HLTY_438_s80_0_sg0_5_ms20_raw.png,D:\gemma4\segmentation_lattuce-desease\felzenszwalb_masks_output\train\HLTY\HLTY_438_s80_0_sg0_5_ms20_boundary.png,D:\gemma4\segmentation_lattuce-desease\felzenszwalb_masks_output\train\HLTY\HLTY_438_s80_0_sg0_5_ms20_colored.png,D:\gemma4\segmentation_lattuce-desease\felzenszwalb_masks_output\train\HLTY\HLTY_438_s80_0_sg0_5_ms20_info.txt
train,HLTY,healthy,D:\gemma4\segmentation_lattuce-desease\Roboflow_Dataset\train\HLTY\HLTY_44.JPG,HLTY_44,1,HLTY_44_s80_0_sg0_5_ms20,D:\gemma4\segmentation_lattuce-desease\felzenszwalb_masks_output\train\HLTY\HLTY_44_s80_0_sg0_5_ms20_raw.png,D:\gemma4\segmentation_lattuce-desease\felzenszwalb_masks_output\train\HLTY\HLTY_44_s80_0_sg0_5_ms20_boundary.png,D:\gemma4\segmentation_lattuce-desease\felzenszwalb_masks_output\train\HLTY\HLTY_44_s80_0_sg0_5_ms20_colored.png,D:\gemma4\segmentation_lattuce-desease\felzenszwalb_masks_output\train\HLTY\HLTY_44_s80_0_sg0_5_ms20_info.txt
train,HLTY,healthy,D:\gemma4\segmentation_lattuce-desease\Roboflow_Dataset\train\HLTY\HLTY_440.JPG,HLTY_440,1,HLTY_440_s80_0_sg0_5_ms20,D:\gemma4\segmentation_lattuce-desease\felzenszwalb_masks_output\train\HLTY\HLTY_440_s80_0_sg0_5_ms20_raw.png,D:\gemma4\segmentation_lattuce-desease\felzenszwalb_masks_output\train\HLTY\HLTY_440_s80_0_sg0_5_ms20_boundary.png,D:\gemma4\segmentation_lattuce-desease\felzenszwalb_masks_output\train\HLTY\HLTY_440_s80_0_sg0_5_ms20_colored.png,D:\gemma4\segmentation_lattuce-desease\felzenszwalb_masks_output\train\HLTY\HLTY_440_s80_0_sg0_5_ms20_info.txt
train,HLTY,healthy,D:\gemma4\segmentation_lattuce-desease\Roboflow_Dataset\train\HLTY\HLTY_442.JPG,HLTY_442,1,HLTY_442_s80_0_sg0_5_ms20,D:\gemma4\segmentation_lattuce-desease\felzenszwalb_masks_output\train\HLTY\HLTY_442_s80_0_sg0_5_ms20_raw.png,D:\gemma4\segmentation_lattuce-desease\felzenszwalb_masks_output\train\HLTY\HLTY_442_s80_0_sg0_5_ms20_boundary.png,D:\gemma4\segmentation_lattuce-desease\felzenszwalb_masks_output\train\HLTY\HLTY_442_s80_0_sg0_5_ms20_colored.png,D:\gemma4\segmentation_lattuce-desease\felzenszwalb_masks_output\train\HLTY\HLTY_442_s80_0_sg0_5_ms20_info.txt
train,HLTY,healthy,D:\gemma4\segmentation_lattuce-desease\Roboflow_Dataset\train\HLTY\HLTY_444.JPG,HLTY_444,1,HLTY_444_s80_0_sg0_5_ms20,D:\gemma4\segmentation_lattuce-desease\felzenszwalb_masks_output\train\HLTY\HLTY_444_s80_0_sg0_5_ms20_raw.png,D:\gemma4\segmentation_lattuce-desease\felzenszwalb_masks_output\train\HLTY\HLTY_444_s80_0_sg0_5_ms20_boundary.png,D:\gemma4\segmentation_lattuce-desease\felzenszwalb_masks_output\train\HLTY\HLTY_444_s80_0_sg0_5_ms20_colored.png,D:\gemma4\segmentation_lattuce-desease\felzenszwalb_masks_output\train\HLTY\HLTY_444_s80_0_sg0_5_ms20_info.txt
train,HLTY,healthy,D:\gemma4\segmentation_lattuce-desease\Roboflow_Dataset\train\HLTY\HLTY_445.JPG,HLTY_445,1,HLTY_445_s80_0_sg0_5_ms20,D:\gemma4\segmentation_lattuce-desease\felzenszwalb_masks_output\train\HLTY\HLTY_445_s80_0_sg0_5_ms20_raw.png,D:\gemma4\segmentation_lattuce-desease\felzenszwalb_masks_output\train\HLTY\HLTY_445_s80_0_sg0_5_ms20_boundary.png,D:\gemma4\segmentation_lattuce-desease\felzenszwalb_masks_output\train\HLTY\HLTY_445_s80_0_sg0_5_ms20_colored.png,D:\gemma4\segmentation_lattuce-desease\felzenszwalb_masks_output\train\HLTY\HLTY_445_s80_0_sg0_5_ms20_info.txt
train,HLTY,healthy,D:\gemma4\segmentation_lattuce-desease\Roboflow_Dataset\train\HLTY\HLTY_446.JPG,HLTY_446,1,HLTY_446_s80_0_sg0_5_ms20,D:\gemma4\segmentation_lattuce-desease\felzenszwalb_masks_output\train\HLTY\HLTY_446_s80_0_sg0_5_ms20_raw.png,D:\gemma4\segmentation_lattuce-desease\felzenszwalb_masks_output\train\HLTY\HLTY_446_s80_0_sg0_5_ms20_boundary.png,D:\gemma4\segmentation_lattuce-desease\felzenszwalb_masks_output\train\HLTY\HLTY_446_s80_0_sg0_5_ms20_colored.png,D:\gemma4\segmentation_lattuce-desease\felzenszwalb_masks_output\train\HLTY\HLTY_446_s80_0_sg0_5_ms20_info.txt
train,HLTY,healthy,D:\gemma4\segmentation_lattuce-desease\Roboflow_Dataset\train\HLTY\HLTY_447.JPG,HLTY_447,1,HLTY_447_s80_0_sg0_5_ms20,D:\gemma4\segmentation_lattuce-desease\felzenszwalb_masks_output\train\HLTY\HLTY_447_s80_0_sg0_5_ms20_raw.png,D:\gemma4\segmentation_lattuce-desease\felzenszwalb_masks_output\train\HLTY\HLTY_447_s80_0_sg0_5_ms20_boundary.png,D:\gemma4\segmentation_lattuce-desease\felzenszwalb_masks_output\train\HLTY\HLTY_447_s80_0_sg0_5_ms20_colored.png,D:\gemma4\segmentation_lattuce-desease\felzenszwalb_masks_output\train\HLTY\HLTY_447_s80_0_sg0_5_ms20_info.txt
train,HLTY,healthy,D:\gemma4\segmentation_lattuce-desease\Roboflow_Dataset\train\HLTY\HLTY_448.JPG,HLTY_448,1,HLTY_448_s80_0_sg0_5_ms20,D:\gemma4\segmentation_lattuce-desease\felzenszwalb_masks_output\train\HLTY\HLTY_448_s80_0_sg0_5_ms20_raw.png,D:\gemma4\segmentation_lattuce-desease\felzenszwalb_masks_output\train\HLTY\HLTY_448_s80_0_sg0_5_ms20_boundary.png,D:\gemma4\segmentation_lattuce-desease\felzenszwalb_masks_output\train\HLTY\HLTY_448_s80_0_sg0_5_ms20_colored.png,D:\gemma4\segmentation_lattuce-desease\felzenszwalb_masks_output\train\HLTY\HLTY_448_s80_0_sg0_5_ms20_info.txt
train,HLTY,healthy,D:\gemma4\segmentation_lattuce-desease\Roboflow_Dataset\train\HLTY\HLTY_449.JPG,HLTY_449,1,HLTY_449_s80_0_sg0_5_ms20,D:\gemma4\segmentation_lattuce-desease\felzenszwalb_masks_output\train\HLTY\HLTY_449_s80_0_sg0_5_ms20_raw.png,D:\gemma4\segmentation_lattuce-desease\felzenszwalb_masks_output\train\HLTY\HLTY_449_s80_0_sg0_5_ms20_boundary.png,D:\gemma4\segmentation_lattuce-desease\felzenszwalb_masks_output\train\HLTY\HLTY_449_s80_0_sg0_5_ms20_colored.png,D:\gemma4\segmentation_lattuce-desease\felzenszwalb_masks_output\train\HLTY\HLTY_449_s80_0_sg0_5_ms20_info.txt
train,HLTY,healthy,D:\gemma4\segmentation_lattuce-desease\Roboflow_Dataset\train\HLTY\HLTY_45.JPG,HLTY_45,1,HLTY_45_s80_0_sg0_5_ms20,D:\gemma4\segmentation_lattuce-desease\felzenszwalb_masks_output\train\HLTY\HLTY_45_s80_0_sg0_5_ms20_raw.png,D:\gemma4\segmentation_lattuce-desease\felzenszwalb_masks_output\train\HLTY\HLTY_45_s80_0_sg0_5_ms20_boundary.png,D:\gemma4\segmentation_lattuce-desease\felzenszwalb_masks_output\train\HLTY\HLTY_45_s80_0_sg0_5_ms20_colored.png,D:\gemma4\segmentation_lattuce-desease\felzenszwalb_masks_output\train\HLTY\HLTY_45_s80_0_sg0_5_ms20_info.txt
train,HLTY,healthy,D:\gemma4\segmentation_lattuce-desease\Roboflow_Dataset\train\HLTY\HLTY_450.JPG,HLTY_450,1,HLTY_450_s80_0_sg0_5_ms20,D:\gemma4\segmentation_lattuce-desease\felzenszwalb_masks_output\train\HLTY\HLTY_450_s80_0_sg0_5_ms20_raw.png,D:\gemma4\segmentation_lattuce-desease\felzenszwalb_masks_output\train\HLTY\HLTY_450_s80_0_sg0_5_ms20_boundary.png,D:\gemma4\segmentation_lattuce-desease\felzenszwalb_masks_output\train\HLTY\HLTY_450_s80_0_sg0_5_ms20_colored.png,D:\gemma4\segmentation_lattuce-desease\felzenszwalb_masks_output\train\HLTY\HLTY_450_s80_0_sg0_5_ms20_info.txt
train,HLTY,healthy,D:\gemma4\segmentation_lattuce-desease\Roboflow_Dataset\train\HLTY\HLTY_451.JPG,HLTY_451,1,HLTY_451_s80_0_sg0_5_ms20,D:\gemma4\segmentation_lattuce-desease\felzenszwalb_masks_output\train\HLTY\HLTY_451_s80_0_sg0_5_ms20_raw.png,D:\gemma4\segmentation_lattuce-desease\felzenszwalb_masks_output\train\HLTY\HLTY_451_s80_0_sg0_5_ms20_boundary.png,D:\gemma4\segmentation_lattuce-desease\felzenszwalb_masks_output\train\HLTY\HLTY_451_s80_0_sg0_5_ms20_colored.png,D:\gemma4\segmentation_lattuce-desease\felzenszwalb_masks_output\train\HLTY\HLTY_451_s80_0_sg0_5_ms20_info.txt
train,HLTY,healthy,D:\gemma4\segmentation_lattuce-desease\Roboflow_Dataset\train\HLTY\HLTY_452.JPG,HLTY_452,1,HLTY_452_s80_0_sg0_5_ms20,D:\gemma4\segmentation_lattuce-desease\felzenszwalb_masks_output\train\HLTY\HLTY_452_s80_0_sg0_5_ms20_raw.png,D:\gemma4\segmentation_lattuce-desease\felzenszwalb_masks_output\train\HLTY\HLTY_452_s80_0_sg0_5_ms20_boundary.png,D:\gemma4\segmentation_lattuce-desease\felzenszwalb_masks_output\train\HLTY\HLTY_452_s80_0_sg0_5_ms20_colored.png,D:\gemma4\segmentation_lattuce-desease\felzenszwalb_masks_output\train\HLTY\HLTY_452_s80_0_sg0_5_ms20_info.txt
train,HLTY,healthy,D:\gemma4\segmentation_lattuce-desease\Roboflow_Dataset\train\HLTY\HLTY_453.JPG,HLTY_453,1,HLTY_453_s80_0_sg0_5_ms20,D:\gemma4\segmentation_lattuce-desease\felzenszwalb_masks_output\train\HLTY\HLTY_453_s80_0_sg0_5_ms20_raw.png,D:\gemma4\segmentation_lattuce-desease\felzenszwalb_masks_output\train\HLTY\HLTY_453_s80_0_sg0_5_ms20_boundary.png,D:\gemma4\segmentation_lattuce-desease\felzenszwalb_masks_output\train\HLTY\HLTY_453_s80_0_sg0_5_ms20_colored.png,D:\gemma4\segmentation_lattuce-desease\felzenszwalb_masks_output\train\HLTY\HLTY_453_s80_0_sg0_5_ms20_info.txt
train,HLTY,healthy,D:\gemma4\segmentation_lattuce-desease\Roboflow_Dataset\train\HLTY\HLTY_454.JPG,HLTY_454,1,HLTY_454_s80_0_sg0_5_ms20,D:\gemma4\segmentation_lattuce-desease\felzenszwalb_masks_output\train\HLTY\HLTY_454_s80_0_sg0_5_ms20_raw.png,D:\gemma4\segmentation_lattuce-desease\felzenszwalb_masks_output\train\HLTY\HLTY_454_s80_0_sg0_5_ms20_boundary.png,D:\gemma4\segmentation_lattuce-desease\felzenszwalb_masks_output\train\HLTY\HLTY_454_s80_0_sg0_5_ms20_colored.png,D:\gemma4\segmentation_lattuce-desease\felzenszwalb_masks_output\train\HLTY\HLTY_454_s80_0_sg0_5_ms20_info.txt
train,HLTY,healthy,D:\gemma4\segmentation_lattuce-desease\Roboflow_Dataset\train\HLTY\HLTY_455.JPG,HLTY_455,1,HLTY_455_s80_0_sg0_5_ms20,D:\gemma4\segmentation_lattuce-desease\felzenszwalb_masks_output\train\HLTY\HLTY_455_s80_0_sg0_5_ms20_raw.png,D:\gemma4\segmentation_lattuce-desease\felzenszwalb_masks_output\train\HLTY\HLTY_455_s80_0_sg0_5_ms20_boundary.png,D:\gemma4\segmentation_lattuce-desease\felzenszwalb_masks_output\train\HLTY\HLTY_455_s80_0_sg0_5_ms20_colored.png,D:\gemma4\segmentation_lattuce-desease\felzenszwalb_masks_output\train\HLTY\HLTY_455_s80_0_sg0_5_ms20_info.txt
train,HLTY,healthy,D:\gemma4\segmentation_lattuce-desease\Roboflow_Dataset\train\HLTY\HLTY_456.JPG,HLTY_456,1,HLTY_456_s80_0_sg0_5_ms20,D:\gemma4\segmentation_lattuce-desease\felzenszwalb_masks_output\train\HLTY\HLTY_456_s80_0_sg0_5_ms20_raw.png,D:\gemma4\segmentation_lattuce-desease\felzenszwalb_masks_output\train\HLTY\HLTY_456_s80_0_sg0_5_ms20_boundary.png,D:\gemma4\segmentation_lattuce-desease\felzenszwalb_masks_output\train\HLTY\HLTY_456_s80_0_sg0_5_ms20_colored.png,D:\gemma4\segmentation_lattuce-desease\felzenszwalb_masks_output\train\HLTY\HLTY_456_s80_0_sg0_5_ms20_info.txt
train,HLTY,healthy,D:\gemma4\segmentation_lattuce-desease\Roboflow_Dataset\train\HLTY\HLTY_457.jpg,HLTY_457,1,HLTY_457_s80_0_sg0_5_ms20,D:\gemma4\segmentation_lattuce-desease\felzenszwalb_masks_output\train\HLTY\HLTY_457_s80_0_sg0_5_ms20_raw.png,D:\gemma4\segmentation_lattuce-desease\felzenszwalb_masks_output\train\HLTY\HLTY_457_s80_0_sg0_5_ms20_boundary.png,D:\gemma4\segmentation_lattuce-desease\felzenszwalb_masks_output\train\HLTY\HLTY_457_s80_0_sg0_5_ms20_colored.png,D:\gemma4\segmentation_lattuce-desease\felzenszwalb_masks_output\train\HLTY\HLTY_457_s80_0_sg0_5_ms20_info.txt
train,HLTY,healthy,D:\gemma4\segmentation_lattuce-desease\Roboflow_Dataset\train\HLTY\HLTY_46.JPG,HLTY_46,1,HLTY_46_s80_0_sg0_5_ms20,D:\gemma4\segmentation_lattuce-desease\felzenszwalb_masks_output\train\HLTY\HLTY_46_s80_0_sg0_5_ms20_raw.png,D:\gemma4\segmentation_lattuce-desease\felzenszwalb_masks_output\train\HLTY\HLTY_46_s80_0_sg0_5_ms20_boundary.png,D:\gemma4\segmentation_lattuce-desease\felzenszwalb_masks_output\train\HLTY\HLTY_46_s80_0_sg0_5_ms20_colored.png,D:\gemma4\segmentation_lattuce-desease\felzenszwalb_masks_output\train\HLTY\HLTY_46_s80_0_sg0_5_ms20_info.txt
train,HLTY,healthy,D:\gemma4\segmentation_lattuce-desease\Roboflow_Dataset\train\HLTY\HLTY_460.JPG,HLTY_460,1,HLTY_460_s80_0_sg0_5_ms20,D:\gemma4\segmentation_lattuce-desease\felzenszwalb_masks_output\train\HLTY\HLTY_460_s80_0_sg0_5_ms20_raw.png,D:\gemma4\segmentation_lattuce-desease\felzenszwalb_masks_output\train\HLTY\HLTY_460_s80_0_sg0_5_ms20_boundary.png,D:\gemma4\segmentation_lattuce-desease\felzenszwalb_masks_output\train\HLTY\HLTY_460_s80_0_sg0_5_ms20_colored.png,D:\gemma4\segmentation_lattuce-desease\felzenszwalb_masks_output\train\HLTY\HLTY_460_s80_0_sg0_5_ms20_info.txt
train,HLTY,healthy,D:\gemma4\segmentation_lattuce-desease\Roboflow_Dataset\train\HLTY\HLTY_462.JPG,HLTY_462,1,HLTY_462_s80_0_sg0_5_ms20,D:\gemma4\segmentation_lattuce-desease\felzenszwalb_masks_output\train\HLTY\HLTY_462_s80_0_sg0_5_ms20_raw.png,D:\gemma4\segmentation_lattuce-desease\felzenszwalb_masks_output\train\HLTY\HLTY_462_s80_0_sg0_5_ms20_boundary.png,D:\gemma4\segmentation_lattuce-desease\felzenszwalb_masks_output\train\HLTY\HLTY_462_s80_0_sg0_5_ms20_colored.png,D:\gemma4\segmentation_lattuce-desease\felzenszwalb_masks_output\train\HLTY\HLTY_462_s80_0_sg0_5_ms20_info.txt
train,HLTY,healthy,D:\gemma4\segmentation_lattuce-desease\Roboflow_Dataset\train\HLTY\HLTY_463.JPG,HLTY_463,1,HLTY_463_s80_0_sg0_5_ms20,D:\gemma4\segmentation_lattuce-desease\felzenszwalb_masks_output\train\HLTY\HLTY_463_s80_0_sg0_5_ms20_raw.png,D:\gemma4\segmentation_lattuce-desease\felzenszwalb_masks_output\train\HLTY\HLTY_463_s80_0_sg0_5_ms20_boundary.png,D:\gemma4\segmentation_lattuce-desease\felzenszwalb_masks_output\train\HLTY\HLTY_463_s80_0_sg0_5_ms20_colored.png,D:\gemma4\segmentation_lattuce-desease\felzenszwalb_masks_output\train\HLTY\HLTY_463_s80_0_sg0_5_ms20_info.txt
train,HLTY,healthy,D:\gemma4\segmentation_lattuce-desease\Roboflow_Dataset\train\HLTY\HLTY_464.JPG,HLTY_464,1,HLTY_464_s80_0_sg0_5_ms20,D:\gemma4\segmentation_lattuce-desease\felzenszwalb_masks_output\train\HLTY\HLTY_464_s80_0_sg0_5_ms20_raw.png,D:\gemma4\segmentation_lattuce-desease\felzenszwalb_masks_output\train\HLTY\HLTY_464_s80_0_sg0_5_ms20_boundary.png,D:\gemma4\segmentation_lattuce-desease\felzenszwalb_masks_output\train\HLTY\HLTY_464_s80_0_sg0_5_ms20_colored.png,D:\gemma4\segmentation_lattuce-desease\felzenszwalb_masks_output\train\HLTY\HLTY_464_s80_0_sg0_5_ms20_info.txt
train,HLTY,healthy,D:\gemma4\segmentation_lattuce-desease\Roboflow_Dataset\train\HLTY\HLTY_465.JPG,HLTY_465,1,HLTY_465_s80_0_sg0_5_ms20,D:\gemma4\segmentation_lattuce-desease\felzenszwalb_masks_output\train\HLTY\HLTY_465_s80_0_sg0_5_ms20_raw.png,D:\gemma4\segmentation_lattuce-desease\felzenszwalb_masks_output\train\HLTY\HLTY_465_s80_0_sg0_5_ms20_boundary.png,D:\gemma4\segmentation_lattuce-desease\felzenszwalb_masks_output\train\HLTY\HLTY_465_s80_0_sg0_5_ms20_colored.png,D:\gemma4\segmentation_lattuce-desease\felzenszwalb_masks_output\train\HLTY\HLTY_465_s80_0_sg0_5_ms20_info.txt
train,HLTY,healthy,D:\gemma4\segmentation_lattuce-desease\Roboflow_Dataset\train\HLTY\HLTY_468.JPG,HLTY_468,1,HLTY_468_s80_0_sg0_5_ms20,D:\gemma4\segmentation_lattuce-desease\felzenszwalb_masks_output\train\HLTY\HLTY_468_s80_0_sg0_5_ms20_raw.png,D:\gemma4\segmentation_lattuce-desease\felzenszwalb_masks_output\train\HLTY\HLTY_468_s80_0_sg0_5_ms20_boundary.png,D:\gemma4\segmentation_lattuce-desease\felzenszwalb_masks_output\train\HLTY\HLTY_468_s80_0_sg0_5_ms20_colored.png,D:\gemma4\segmentation_lattuce-desease\felzenszwalb_masks_output\train\HLTY\HLTY_468_s80_0_sg0_5_ms20_info.txt
train,HLTY,healthy,D:\gemma4\segmentation_lattuce-desease\Roboflow_Dataset\train\HLTY\HLTY_469.JPG,HLTY_469,1,HLTY_469_s80_0_sg0_5_ms20,D:\gemma4\segmentation_lattuce-desease\felzenszwalb_masks_output\train\HLTY\HLTY_469_s80_0_sg0_5_ms20_raw.png,D:\gemma4\segmentation_lattuce-desease\felzenszwalb_masks_output\train\HLTY\HLTY_469_s80_0_sg0_5_ms20_boundary.png,D:\gemma4\segmentation_lattuce-desease\felzenszwalb_masks_output\train\HLTY\HLTY_469_s80_0_sg0_5_ms20_colored.png,D:\gemma4\segmentation_lattuce-desease\felzenszwalb_masks_output\train\HLTY\HLTY_469_s80_0_sg0_5_ms20_info.txt
train,HLTY,healthy,D:\gemma4\segmentation_lattuce-desease\Roboflow_Dataset\train\HLTY\HLTY_471.JPG,HLTY_471,1,HLTY_471_s80_0_sg0_5_ms20,D:\gemma4\segmentation_lattuce-desease\felzenszwalb_masks_output\train\HLTY\HLTY_471_s80_0_sg0_5_ms20_raw.png,D:\gemma4\segmentation_lattuce-desease\felzenszwalb_masks_output\train\HLTY\HLTY_471_s80_0_sg0_5_ms20_boundary.png,D:\gemma4\segmentation_lattuce-desease\felzenszwalb_masks_output\train\HLTY\HLTY_471_s80_0_sg0_5_ms20_colored.png,D:\gemma4\segmentation_lattuce-desease\felzenszwalb_masks_output\train\HLTY\HLTY_471_s80_0_sg0_5_ms20_info.txt
train,HLTY,healthy,D:\gemma4\segmentation_lattuce-desease\Roboflow_Dataset\train\HLTY\HLTY_472.JPG,HLTY_472,1,HLTY_472_s80_0_sg0_5_ms20,D:\gemma4\segmentation_lattuce-desease\felzenszwalb_masks_output\train\HLTY\HLTY_472_s80_0_sg0_5_ms20_raw.png,D:\gemma4\segmentation_lattuce-desease\felzenszwalb_masks_output\train\HLTY\HLTY_472_s80_0_sg0_5_ms20_boundary.png,D:\gemma4\segmentation_lattuce-desease\felzenszwalb_masks_output\train\HLTY\HLTY_472_s80_0_sg0_5_ms20_colored.png,D:\gemma4\segmentation_lattuce-desease\felzenszwalb_masks_output\train\HLTY\HLTY_472_s80_0_sg0_5_ms20_info.txt
train,HLTY,healthy,D:\gemma4\segmentation_lattuce-desease\Roboflow_Dataset\train\HLTY\HLTY_473.JPG,HLTY_473,1,HLTY_473_s80_0_sg0_5_ms20,D:\gemma4\segmentation_lattuce-desease\felzenszwalb_masks_output\train\HLTY\HLTY_473_s80_0_sg0_5_ms20_raw.png,D:\gemma4\segmentation_lattuce-desease\felzenszwalb_masks_output\train\HLTY\HLTY_473_s80_0_sg0_5_ms20_boundary.png,D:\gemma4\segmentation_lattuce-desease\felzenszwalb_masks_output\train\HLTY\HLTY_473_s80_0_sg0_5_ms20_colored.png,D:\gemma4\segmentation_lattuce-desease\felzenszwalb_masks_output\train\HLTY\HLTY_473_s80_0_sg0_5_ms20_info.txt
train,HLTY,healthy,D:\gemma4\segmentation_lattuce-desease\Roboflow_Dataset\train\HLTY\HLTY_474.JPG,HLTY_474,1,HLTY_474_s80_0_sg0_5_ms20,D:\gemma4\segmentation_lattuce-desease\felzenszwalb_masks_output\train\HLTY\HLTY_474_s80_0_sg0_5_ms20_raw.png,D:\gemma4\segmentation_lattuce-desease\felzenszwalb_masks_output\train\HLTY\HLTY_474_s80_0_sg0_5_ms20_boundary.png,D:\gemma4\segmentation_lattuce-desease\felzenszwalb_masks_output\train\HLTY\HLTY_474_s80_0_sg0_5_ms20_colored.png,D:\gemma4\segmentation_lattuce-desease\felzenszwalb_masks_output\train\HLTY\HLTY_474_s80_0_sg0_5_ms20_info.txt
train,HLTY,healthy,D:\gemma4\segmentation_lattuce-desease\Roboflow_Dataset\train\HLTY\HLTY_478.JPG,HLTY_478,1,HLTY_478_s80_0_sg0_5_ms20,D:\gemma4\segmentation_lattuce-desease\felzenszwalb_masks_output\train\HLTY\HLTY_478_s80_0_sg0_5_ms20_raw.png,D:\gemma4\segmentation_lattuce-desease\felzenszwalb_masks_output\train\HLTY\HLTY_478_s80_0_sg0_5_ms20_boundary.png,D:\gemma4\segmentation_lattuce-desease\felzenszwalb_masks_output\train\HLTY\HLTY_478_s80_0_sg0_5_ms20_colored.png,D:\gemma4\segmentation_lattuce-desease\felzenszwalb_masks_output\train\HLTY\HLTY_478_s80_0_sg0_5_ms20_info.txt
train,HLTY,healthy,D:\gemma4\segmentation_lattuce-desease\Roboflow_Dataset\train\HLTY\HLTY_479.JPG,HLTY_479,1,HLTY_479_s80_0_sg0_5_ms20,D:\gemma4\segmentation_lattuce-desease\felzenszwalb_masks_output\train\HLTY\HLTY_479_s80_0_sg0_5_ms20_raw.png,D:\gemma4\segmentation_lattuce-desease\felzenszwalb_masks_output\train\HLTY\HLTY_479_s80_0_sg0_5_ms20_boundary.png,D:\gemma4\segmentation_lattuce-desease\felzenszwalb_masks_output\train\HLTY\HLTY_479_s80_0_sg0_5_ms20_colored.png,D:\gemma4\segmentation_lattuce-desease\felzenszwalb_masks_output\train\HLTY\HLTY_479_s80_0_sg0_5_ms20_info.txt
train,HLTY,healthy,D:\gemma4\segmentation_lattuce-desease\Roboflow_Dataset\train\HLTY\HLTY_48.JPG,HLTY_48,1,HLTY_48_s80_0_sg0_5_ms20,D:\gemma4\segmentation_lattuce-desease\felzenszwalb_masks_output\train\HLTY\HLTY_48_s80_0_sg0_5_ms20_raw.png,D:\gemma4\segmentation_lattuce-desease\felzenszwalb_masks_output\train\HLTY\HLTY_48_s80_0_sg0_5_ms20_boundary.png,D:\gemma4\segmentation_lattuce-desease\felzenszwalb_masks_output\train\HLTY\HLTY_48_s80_0_sg0_5_ms20_colored.png,D:\gemma4\segmentation_lattuce-desease\felzenszwalb_masks_output\train\HLTY\HLTY_48_s80_0_sg0_5_ms20_info.txt
train,HLTY,healthy,D:\gemma4\segmentation_lattuce-desease\Roboflow_Dataset\train\HLTY\HLTY_480.JPG,HLTY_480,1,HLTY_480_s80_0_sg0_5_ms20,D:\gemma4\segmentation_lattuce-desease\felzenszwalb_masks_output\train\HLTY\HLTY_480_s80_0_sg0_5_ms20_raw.png,D:\gemma4\segmentation_lattuce-desease\felzenszwalb_masks_output\train\HLTY\HLTY_480_s80_0_sg0_5_ms20_boundary.png,D:\gemma4\segmentation_lattuce-desease\felzenszwalb_masks_output\train\HLTY\HLTY_480_s80_0_sg0_5_ms20_colored.png,D:\gemma4\segmentation_lattuce-desease\felzenszwalb_masks_output\train\HLTY\HLTY_480_s80_0_sg0_5_ms20_info.txt
train,HLTY,healthy,D:\gemma4\segmentation_lattuce-desease\Roboflow_Dataset\train\HLTY\HLTY_481.JPG,HLTY_481,1,HLTY_481_s80_0_sg0_5_ms20,D:\gemma4\segmentation_lattuce-desease\felzenszwalb_masks_output\train\HLTY\HLTY_481_s80_0_sg0_5_ms20_raw.png,D:\gemma4\segmentation_lattuce-desease\felzenszwalb_masks_output\train\HLTY\HLTY_481_s80_0_sg0_5_ms20_boundary.png,D:\gemma4\segmentation_lattuce-desease\felzenszwalb_masks_output\train\HLTY\HLTY_481_s80_0_sg0_5_ms20_colored.png,D:\gemma4\segmentation_lattuce-desease\felzenszwalb_masks_output\train\HLTY\HLTY_481_s80_0_sg0_5_ms20_info.txt
train,HLTY,healthy,D:\gemma4\segmentation_lattuce-desease\Roboflow_Dataset\train\HLTY\HLTY_483.JPG,HLTY_483,1,HLTY_483_s80_0_sg0_5_ms20,D:\gemma4\segmentation_lattuce-desease\felzenszwalb_masks_output\train\HLTY\HLTY_483_s80_0_sg0_5_ms20_raw.png,D:\gemma4\segmentation_lattuce-desease\felzenszwalb_masks_output\train\HLTY\HLTY_483_s80_0_sg0_5_ms20_boundary.png,D:\gemma4\segmentation_lattuce-desease\felzenszwalb_masks_output\train\HLTY\HLTY_483_s80_0_sg0_5_ms20_colored.png,D:\gemma4\segmentation_lattuce-desease\felzenszwalb_masks_output\train\HLTY\HLTY_483_s80_0_sg0_5_ms20_info.txt
train,HLTY,healthy,D:\gemma4\segmentation_lattuce-desease\Roboflow_Dataset\train\HLTY\HLTY_484.JPG,HLTY_484,1,HLTY_484_s80_0_sg0_5_ms20,D:\gemma4\segmentation_lattuce-desease\felzenszwalb_masks_output\train\HLTY\HLTY_484_s80_0_sg0_5_ms20_raw.png,D:\gemma4\segmentation_lattuce-desease\felzenszwalb_masks_output\train\HLTY\HLTY_484_s80_0_sg0_5_ms20_boundary.png,D:\gemma4\segmentation_lattuce-desease\felzenszwalb_masks_output\train\HLTY\HLTY_484_s80_0_sg0_5_ms20_colored.png,D:\gemma4\segmentation_lattuce-desease\felzenszwalb_masks_output\train\HLTY\HLTY_484_s80_0_sg0_5_ms20_info.txt
train,HLTY,healthy,D:\gemma4\segmentation_lattuce-desease\Roboflow_Dataset\train\HLTY\HLTY_486.JPG,HLTY_486,1,HLTY_486_s80_0_sg0_5_ms20,D:\gemma4\segmentation_lattuce-desease\felzenszwalb_masks_output\train\HLTY\HLTY_486_s80_0_sg0_5_ms20_raw.png,D:\gemma4\segmentation_lattuce-desease\felzenszwalb_masks_output\train\HLTY\HLTY_486_s80_0_sg0_5_ms20_boundary.png,D:\gemma4\segmentation_lattuce-desease\felzenszwalb_masks_output\train\HLTY\HLTY_486_s80_0_sg0_5_ms20_colored.png,D:\gemma4\segmentation_lattuce-desease\felzenszwalb_masks_output\train\HLTY\HLTY_486_s80_0_sg0_5_ms20_info.txt
train,HLTY,healthy,D:\gemma4\segmentation_lattuce-desease\Roboflow_Dataset\train\HLTY\HLTY_487.JPG,HLTY_487,1,HLTY_487_s80_0_sg0_5_ms20,D:\gemma4\segmentation_lattuce-desease\felzenszwalb_masks_output\train\HLTY\HLTY_487_s80_0_sg0_5_ms20_raw.png,D:\gemma4\segmentation_lattuce-desease\felzenszwalb_masks_output\train\HLTY\HLTY_487_s80_0_sg0_5_ms20_boundary.png,D:\gemma4\segmentation_lattuce-desease\felzenszwalb_masks_output\train\HLTY\HLTY_487_s80_0_sg0_5_ms20_colored.png,D:\gemma4\segmentation_lattuce-desease\felzenszwalb_masks_output\train\HLTY\HLTY_487_s80_0_sg0_5_ms20_info.txt
train,HLTY,healthy,D:\gemma4\segmentation_lattuce-desease\Roboflow_Dataset\train\HLTY\HLTY_488.JPG,HLTY_488,1,HLTY_488_s80_0_sg0_5_ms20,D:\gemma4\segmentation_lattuce-desease\felzenszwalb_masks_output\train\HLTY\HLTY_488_s80_0_sg0_5_ms20_raw.png,D:\gemma4\segmentation_lattuce-desease\felzenszwalb_masks_output\train\HLTY\HLTY_488_s80_0_sg0_5_ms20_boundary.png,D:\gemma4\segmentation_lattuce-desease\felzenszwalb_masks_output\train\HLTY\HLTY_488_s80_0_sg0_5_ms20_colored.png,D:\gemma4\segmentation_lattuce-desease\felzenszwalb_masks_output\train\HLTY\HLTY_488_s80_0_sg0_5_ms20_info.txt
train,HLTY,healthy,D:\gemma4\segmentation_lattuce-desease\Roboflow_Dataset\train\HLTY\HLTY_489.JPG,HLTY_489,1,HLTY_489_s80_0_sg0_5_ms20,D:\gemma4\segmentation_lattuce-desease\felzenszwalb_masks_output\train\HLTY\HLTY_489_s80_0_sg0_5_ms20_raw.png,D:\gemma4\segmentation_lattuce-desease\felzenszwalb_masks_output\train\HLTY\HLTY_489_s80_0_sg0_5_ms20_boundary.png,D:\gemma4\segmentation_lattuce-desease\felzenszwalb_masks_output\train\HLTY\HLTY_489_s80_0_sg0_5_ms20_colored.png,D:\gemma4\segmentation_lattuce-desease\felzenszwalb_masks_output\train\HLTY\HLTY_489_s80_0_sg0_5_ms20_info.txt
train,HLTY,healthy,D:\gemma4\segmentation_lattuce-desease\Roboflow_Dataset\train\HLTY\HLTY_49.JPG,HLTY_49,1,HLTY_49_s80_0_sg0_5_ms20,D:\gemma4\segmentation_lattuce-desease\felzenszwalb_masks_output\train\HLTY\HLTY_49_s80_0_sg0_5_ms20_raw.png,D:\gemma4\segmentation_lattuce-desease\felzenszwalb_masks_output\train\HLTY\HLTY_49_s80_0_sg0_5_ms20_boundary.png,D:\gemma4\segmentation_lattuce-desease\felzenszwalb_masks_output\train\HLTY\HLTY_49_s80_0_sg0_5_ms20_colored.png,D:\gemma4\segmentation_lattuce-desease\felzenszwalb_masks_output\train\HLTY\HLTY_49_s80_0_sg0_5_ms20_info.txt
train,HLTY,healthy,D:\gemma4\segmentation_lattuce-desease\Roboflow_Dataset\train\HLTY\HLTY_490.JPG,HLTY_490,1,HLTY_490_s80_0_sg0_5_ms20,D:\gemma4\segmentation_lattuce-desease\felzenszwalb_masks_output\train\HLTY\HLTY_490_s80_0_sg0_5_ms20_raw.png,D:\gemma4\segmentation_lattuce-desease\felzenszwalb_masks_output\train\HLTY\HLTY_490_s80_0_sg0_5_ms20_boundary.png,D:\gemma4\segmentation_lattuce-desease\felzenszwalb_masks_output\train\HLTY\HLTY_490_s80_0_sg0_5_ms20_colored.png,D:\gemma4\segmentation_lattuce-desease\felzenszwalb_masks_output\train\HLTY\HLTY_490_s80_0_sg0_5_ms20_info.txt
train,HLTY,healthy,D:\gemma4\segmentation_lattuce-desease\Roboflow_Dataset\train\HLTY\HLTY_491.JPG,HLTY_491,1,HLTY_491_s80_0_sg0_5_ms20,D:\gemma4\segmentation_lattuce-desease\felzenszwalb_masks_output\train\HLTY\HLTY_491_s80_0_sg0_5_ms20_raw.png,D:\gemma4\segmentation_lattuce-desease\felzenszwalb_masks_output\train\HLTY\HLTY_491_s80_0_sg0_5_ms20_boundary.png,D:\gemma4\segmentation_lattuce-desease\felzenszwalb_masks_output\train\HLTY\HLTY_491_s80_0_sg0_5_ms20_colored.png,D:\gemma4\segmentation_lattuce-desease\felzenszwalb_masks_output\train\HLTY\HLTY_491_s80_0_sg0_5_ms20_info.txt
train,HLTY,healthy,D:\gemma4\segmentation_lattuce-desease\Roboflow_Dataset\train\HLTY\HLTY_492.JPG,HLTY_492,1,HLTY_492_s80_0_sg0_5_ms20,D:\gemma4\segmentation_lattuce-desease\felzenszwalb_masks_output\train\HLTY\HLTY_492_s80_0_sg0_5_ms20_raw.png,D:\gemma4\segmentation_lattuce-desease\felzenszwalb_masks_output\train\HLTY\HLTY_492_s80_0_sg0_5_ms20_boundary.png,D:\gemma4\segmentation_lattuce-desease\felzenszwalb_masks_output\train\HLTY\HLTY_492_s80_0_sg0_5_ms20_colored.png,D:\gemma4\segmentation_lattuce-desease\felzenszwalb_masks_output\train\HLTY\HLTY_492_s80_0_sg0_5_ms20_info.txt
train,HLTY,healthy,D:\gemma4\segmentation_lattuce-desease\Roboflow_Dataset\train\HLTY\HLTY_493.JPG,HLTY_493,1,HLTY_493_s80_0_sg0_5_ms20,D:\gemma4\segmentation_lattuce-desease\felzenszwalb_masks_output\train\HLTY\HLTY_493_s80_0_sg0_5_ms20_raw.png,D:\gemma4\segmentation_lattuce-desease\felzenszwalb_masks_output\train\HLTY\HLTY_493_s80_0_sg0_5_ms20_boundary.png,D:\gemma4\segmentation_lattuce-desease\felzenszwalb_masks_output\train\HLTY\HLTY_493_s80_0_sg0_5_ms20_colored.png,D:\gemma4\segmentation_lattuce-desease\felzenszwalb_masks_output\train\HLTY\HLTY_493_s80_0_sg0_5_ms20_info.txt
train,HLTY,healthy,D:\gemma4\segmentation_lattuce-desease\Roboflow_Dataset\train\HLTY\HLTY_494.JPG,HLTY_494,1,HLTY_494_s80_0_sg0_5_ms20,D:\gemma4\segmentation_lattuce-desease\felzenszwalb_masks_output\train\HLTY\HLTY_494_s80_0_sg0_5_ms20_raw.png,D:\gemma4\segmentation_lattuce-desease\felzenszwalb_masks_output\train\HLTY\HLTY_494_s80_0_sg0_5_ms20_boundary.png,D:\gemma4\segmentation_lattuce-desease\felzenszwalb_masks_output\train\HLTY\HLTY_494_s80_0_sg0_5_ms20_colored.png,D:\gemma4\segmentation_lattuce-desease\felzenszwalb_masks_output\train\HLTY\HLTY_494_s80_0_sg0_5_ms20_info.txt
train,HLTY,healthy,D:\gemma4\segmentation_lattuce-desease\Roboflow_Dataset\train\HLTY\HLTY_495.JPG,HLTY_495,1,HLTY_495_s80_0_sg0_5_ms20,D:\gemma4\segmentation_lattuce-desease\felzenszwalb_masks_output\train\HLTY\HLTY_495_s80_0_sg0_5_ms20_raw.png,D:\gemma4\segmentation_lattuce-desease\felzenszwalb_masks_output\train\HLTY\HLTY_495_s80_0_sg0_5_ms20_boundary.png,D:\gemma4\segmentation_lattuce-desease\felzenszwalb_masks_output\train\HLTY\HLTY_495_s80_0_sg0_5_ms20_colored.png,D:\gemma4\segmentation_lattuce-desease\felzenszwalb_masks_output\train\HLTY\HLTY_495_s80_0_sg0_5_ms20_info.txt
train,HLTY,healthy,D:\gemma4\segmentation_lattuce-desease\Roboflow_Dataset\train\HLTY\HLTY_496.JPG,HLTY_496,1,HLTY_496_s80_0_sg0_5_ms20,D:\gemma4\segmentation_lattuce-desease\felzenszwalb_masks_output\train\HLTY\HLTY_496_s80_0_sg0_5_ms20_raw.png,D:\gemma4\segmentation_lattuce-desease\felzenszwalb_masks_output\train\HLTY\HLTY_496_s80_0_sg0_5_ms20_boundary.png,D:\gemma4\segmentation_lattuce-desease\felzenszwalb_masks_output\train\HLTY\HLTY_496_s80_0_sg0_5_ms20_colored.png,D:\gemma4\segmentation_lattuce-desease\felzenszwalb_masks_output\train\HLTY\HLTY_496_s80_0_sg0_5_ms20_info.txt
train,HLTY,healthy,D:\gemma4\segmentation_lattuce-desease\Roboflow_Dataset\train\HLTY\HLTY_497.JPG,HLTY_497,1,HLTY_497_s80_0_sg0_5_ms20,D:\gemma4\segmentation_lattuce-desease\felzenszwalb_masks_output\train\HLTY\HLTY_497_s80_0_sg0_5_ms20_raw.png,D:\gemma4\segmentation_lattuce-desease\felzenszwalb_masks_output\train\HLTY\HLTY_497_s80_0_sg0_5_ms20_boundary.png,D:\gemma4\segmentation_lattuce-desease\felzenszwalb_masks_output\train\HLTY\HLTY_497_s80_0_sg0_5_ms20_colored.png,D:\gemma4\segmentation_lattuce-desease\felzenszwalb_masks_output\train\HLTY\HLTY_497_s80_0_sg0_5_ms20_info.txt
train,HLTY,healthy,D:\gemma4\segmentation_lattuce-desease\Roboflow_Dataset\train\HLTY\HLTY_498.JPG,HLTY_498,1,HLTY_498_s80_0_sg0_5_ms20,D:\gemma4\segmentation_lattuce-desease\felzenszwalb_masks_output\train\HLTY\HLTY_498_s80_0_sg0_5_ms20_raw.png,D:\gemma4\segmentation_lattuce-desease\felzenszwalb_masks_output\train\HLTY\HLTY_498_s80_0_sg0_5_ms20_boundary.png,D:\gemma4\segmentation_lattuce-desease\felzenszwalb_masks_output\train\HLTY\HLTY_498_s80_0_sg0_5_ms20_colored.png,D:\gemma4\segmentation_lattuce-desease\felzenszwalb_masks_output\train\HLTY\HLTY_498_s80_0_sg0_5_ms20_info.txt
train,HLTY,healthy,D:\gemma4\segmentation_lattuce-desease\Roboflow_Dataset\train\HLTY\HLTY_499.JPG,HLTY_499,1,HLTY_499_s80_0_sg0_5_ms20,D:\gemma4\segmentation_lattuce-desease\felzenszwalb_masks_output\train\HLTY\HLTY_499_s80_0_sg0_5_ms20_raw.png,D:\gemma4\segmentation_lattuce-desease\felzenszwalb_masks_output\train\HLTY\HLTY_499_s80_0_sg0_5_ms20_boundary.png,D:\gemma4\segmentation_lattuce-desease\felzenszwalb_masks_output\train\HLTY\HLTY_499_s80_0_sg0_5_ms20_colored.png,D:\gemma4\segmentation_lattuce-desease\felzenszwalb_masks_output\train\HLTY\HLTY_499_s80_0_sg0_5_ms20_info.txt
train,HLTY,healthy,D:\gemma4\segmentation_lattuce-desease\Roboflow_Dataset\train\HLTY\HLTY_50.JPG,HLTY_50,1,HLTY_50_s80_0_sg0_5_ms20,D:\gemma4\segmentation_lattuce-desease\felzenszwalb_masks_output\train\HLTY\HLTY_50_s80_0_sg0_5_ms20_raw.png,D:\gemma4\segmentation_lattuce-desease\felzenszwalb_masks_output\train\HLTY\HLTY_50_s80_0_sg0_5_ms20_boundary.png,D:\gemma4\segmentation_lattuce-desease\felzenszwalb_masks_output\train\HLTY\HLTY_50_s80_0_sg0_5_ms20_colored.png,D:\gemma4\segmentation_lattuce-desease\felzenszwalb_masks_output\train\HLTY\HLTY_50_s80_0_sg0_5_ms20_info.txt
train,HLTY,healthy,D:\gemma4\segmentation_lattuce-desease\Roboflow_Dataset\train\HLTY\HLTY_501.JPG,HLTY_501,1,HLTY_501_s80_0_sg0_5_ms20,D:\gemma4\segmentation_lattuce-desease\felzenszwalb_masks_output\train\HLTY\HLTY_501_s80_0_sg0_5_ms20_raw.png,D:\gemma4\segmentation_lattuce-desease\felzenszwalb_masks_output\train\HLTY\HLTY_501_s80_0_sg0_5_ms20_boundary.png,D:\gemma4\segmentation_lattuce-desease\felzenszwalb_masks_output\train\HLTY\HLTY_501_s80_0_sg0_5_ms20_colored.png,D:\gemma4\segmentation_lattuce-desease\felzenszwalb_masks_output\train\HLTY\HLTY_501_s80_0_sg0_5_ms20_info.txt
train,HLTY,healthy,D:\gemma4\segmentation_lattuce-desease\Roboflow_Dataset\train\HLTY\HLTY_503.JPG,HLTY_503,1,HLTY_503_s80_0_sg0_5_ms20,D:\gemma4\segmentation_lattuce-desease\felzenszwalb_masks_output\train\HLTY\HLTY_503_s80_0_sg0_5_ms20_raw.png,D:\gemma4\segmentation_lattuce-desease\felzenszwalb_masks_output\train\HLTY\HLTY_503_s80_0_sg0_5_ms20_boundary.png,D:\gemma4\segmentation_lattuce-desease\felzenszwalb_masks_output\train\HLTY\HLTY_503_s80_0_sg0_5_ms20_colored.png,D:\gemma4\segmentation_lattuce-desease\felzenszwalb_masks_output\train\HLTY\HLTY_503_s80_0_sg0_5_ms20_info.txt
train,HLTY,healthy,D:\gemma4\segmentation_lattuce-desease\Roboflow_Dataset\train\HLTY\HLTY_504.JPG,HLTY_504,1,HLTY_504_s80_0_sg0_5_ms20,D:\gemma4\segmentation_lattuce-desease\felzenszwalb_masks_output\train\HLTY\HLTY_504_s80_0_sg0_5_ms20_raw.png,D:\gemma4\segmentation_lattuce-desease\felzenszwalb_masks_output\train\HLTY\HLTY_504_s80_0_sg0_5_ms20_boundary.png,D:\gemma4\segmentation_lattuce-desease\felzenszwalb_masks_output\train\HLTY\HLTY_504_s80_0_sg0_5_ms20_colored.png,D:\gemma4\segmentation_lattuce-desease\felzenszwalb_masks_output\train\HLTY\HLTY_504_s80_0_sg0_5_ms20_info.txt
train,HLTY,healthy,D:\gemma4\segmentation_lattuce-desease\Roboflow_Dataset\train\HLTY\HLTY_505.JPG,HLTY_505,1,HLTY_505_s80_0_sg0_5_ms20,D:\gemma4\segmentation_lattuce-desease\felzenszwalb_masks_output\train\HLTY\HLTY_505_s80_0_sg0_5_ms20_raw.png,D:\gemma4\segmentation_lattuce-desease\felzenszwalb_masks_output\train\HLTY\HLTY_505_s80_0_sg0_5_ms20_boundary.png,D:\gemma4\segmentation_lattuce-desease\felzenszwalb_masks_output\train\HLTY\HLTY_505_s80_0_sg0_5_ms20_colored.png,D:\gemma4\segmentation_lattuce-desease\felzenszwalb_masks_output\train\HLTY\HLTY_505_s80_0_sg0_5_ms20_info.txt
train,HLTY,healthy,D:\gemma4\segmentation_lattuce-desease\Roboflow_Dataset\train\HLTY\HLTY_506.JPG,HLTY_506,1,HLTY_506_s80_0_sg0_5_ms20,D:\gemma4\segmentation_lattuce-desease\felzenszwalb_masks_output\train\HLTY\HLTY_506_s80_0_sg0_5_ms20_raw.png,D:\gemma4\segmentation_lattuce-desease\felzenszwalb_masks_output\train\HLTY\HLTY_506_s80_0_sg0_5_ms20_boundary.png,D:\gemma4\segmentation_lattuce-desease\felzenszwalb_masks_output\train\HLTY\HLTY_506_s80_0_sg0_5_ms20_colored.png,D:\gemma4\segmentation_lattuce-desease\felzenszwalb_masks_output\train\HLTY\HLTY_506_s80_0_sg0_5_ms20_info.txt
train,HLTY,healthy,D:\gemma4\segmentation_lattuce-desease\Roboflow_Dataset\train\HLTY\HLTY_507.JPG,HLTY_507,1,HLTY_507_s80_0_sg0_5_ms20,D:\gemma4\segmentation_lattuce-desease\felzenszwalb_masks_output\train\HLTY\HLTY_507_s80_0_sg0_5_ms20_raw.png,D:\gemma4\segmentation_lattuce-desease\felzenszwalb_masks_output\train\HLTY\HLTY_507_s80_0_sg0_5_ms20_boundary.png,D:\gemma4\segmentation_lattuce-desease\felzenszwalb_masks_output\train\HLTY\HLTY_507_s80_0_sg0_5_ms20_colored.png,D:\gemma4\segmentation_lattuce-desease\felzenszwalb_masks_output\train\HLTY\HLTY_507_s80_0_sg0_5_ms20_info.txt
train,HLTY,healthy,D:\gemma4\segmentation_lattuce-desease\Roboflow_Dataset\train\HLTY\HLTY_509.JPG,HLTY_509,1,HLTY_509_s80_0_sg0_5_ms20,D:\gemma4\segmentation_lattuce-desease\felzenszwalb_masks_output\train\HLTY\HLTY_509_s80_0_sg0_5_ms20_raw.png,D:\gemma4\segmentation_lattuce-desease\felzenszwalb_masks_output\train\HLTY\HLTY_509_s80_0_sg0_5_ms20_boundary.png,D:\gemma4\segmentation_lattuce-desease\felzenszwalb_masks_output\train\HLTY\HLTY_509_s80_0_sg0_5_ms20_colored.png,D:\gemma4\segmentation_lattuce-desease\felzenszwalb_masks_output\train\HLTY\HLTY_509_s80_0_sg0_5_ms20_info.txt
train,HLTY,healthy,D:\gemma4\segmentation_lattuce-desease\Roboflow_Dataset\train\HLTY\HLTY_51.JPG,HLTY_51,1,HLTY_51_s80_0_sg0_5_ms20,D:\gemma4\segmentation_lattuce-desease\felzenszwalb_masks_output\train\HLTY\HLTY_51_s80_0_sg0_5_ms20_raw.png,D:\gemma4\segmentation_lattuce-desease\felzenszwalb_masks_output\train\HLTY\HLTY_51_s80_0_sg0_5_ms20_boundary.png,D:\gemma4\segmentation_lattuce-desease\felzenszwalb_masks_output\train\HLTY\HLTY_51_s80_0_sg0_5_ms20_colored.png,D:\gemma4\segmentation_lattuce-desease\felzenszwalb_masks_output\train\HLTY\HLTY_51_s80_0_sg0_5_ms20_info.txt
train,HLTY,healthy,D:\gemma4\segmentation_lattuce-desease\Roboflow_Dataset\train\HLTY\HLTY_511.JPG,HLTY_511,1,HLTY_511_s80_0_sg0_5_ms20,D:\gemma4\segmentation_lattuce-desease\felzenszwalb_masks_output\train\HLTY\HLTY_511_s80_0_sg0_5_ms20_raw.png,D:\gemma4\segmentation_lattuce-desease\felzenszwalb_masks_output\train\HLTY\HLTY_511_s80_0_sg0_5_ms20_boundary.png,D:\gemma4\segmentation_lattuce-desease\felzenszwalb_masks_output\train\HLTY\HLTY_511_s80_0_sg0_5_ms20_colored.png,D:\gemma4\segmentation_lattuce-desease\felzenszwalb_masks_output\train\HLTY\HLTY_511_s80_0_sg0_5_ms20_info.txt
train,HLTY,healthy,D:\gemma4\segmentation_lattuce-desease\Roboflow_Dataset\train\HLTY\HLTY_512.JPG,HLTY_512,1,HLTY_512_s80_0_sg0_5_ms20,D:\gemma4\segmentation_lattuce-desease\felzenszwalb_masks_output\train\HLTY\HLTY_512_s80_0_sg0_5_ms20_raw.png,D:\gemma4\segmentation_lattuce-desease\felzenszwalb_masks_output\train\HLTY\HLTY_512_s80_0_sg0_5_ms20_boundary.png,D:\gemma4\segmentation_lattuce-desease\felzenszwalb_masks_output\train\HLTY\HLTY_512_s80_0_sg0_5_ms20_colored.png,D:\gemma4\segmentation_lattuce-desease\felzenszwalb_masks_output\train\HLTY\HLTY_512_s80_0_sg0_5_ms20_info.txt
train,HLTY,healthy,D:\gemma4\segmentation_lattuce-desease\Roboflow_Dataset\train\HLTY\HLTY_514.JPG,HLTY_514,1,HLTY_514_s80_0_sg0_5_ms20,D:\gemma4\segmentation_lattuce-desease\felzenszwalb_masks_output\train\HLTY\HLTY_514_s80_0_sg0_5_ms20_raw.png,D:\gemma4\segmentation_lattuce-desease\felzenszwalb_masks_output\train\HLTY\HLTY_514_s80_0_sg0_5_ms20_boundary.png,D:\gemma4\segmentation_lattuce-desease\felzenszwalb_masks_output\train\HLTY\HLTY_514_s80_0_sg0_5_ms20_colored.png,D:\gemma4\segmentation_lattuce-desease\felzenszwalb_masks_output\train\HLTY\HLTY_514_s80_0_sg0_5_ms20_info.txt
train,HLTY,healthy,D:\gemma4\segmentation_lattuce-desease\Roboflow_Dataset\train\HLTY\HLTY_515.JPG,HLTY_515,1,HLTY_515_s80_0_sg0_5_ms20,D:\gemma4\segmentation_lattuce-desease\felzenszwalb_masks_output\train\HLTY\HLTY_515_s80_0_sg0_5_ms20_raw.png,D:\gemma4\segmentation_lattuce-desease\felzenszwalb_masks_output\train\HLTY\HLTY_515_s80_0_sg0_5_ms20_boundary.png,D:\gemma4\segmentation_lattuce-desease\felzenszwalb_masks_output\train\HLTY\HLTY_515_s80_0_sg0_5_ms20_colored.png,D:\gemma4\segmentation_lattuce-desease\felzenszwalb_masks_output\train\HLTY\HLTY_515_s80_0_sg0_5_ms20_info.txt
train,HLTY,healthy,D:\gemma4\segmentation_lattuce-desease\Roboflow_Dataset\train\HLTY\HLTY_517.JPG,HLTY_517,1,HLTY_517_s80_0_sg0_5_ms20,D:\gemma4\segmentation_lattuce-desease\felzenszwalb_masks_output\train\HLTY\HLTY_517_s80_0_sg0_5_ms20_raw.png,D:\gemma4\segmentation_lattuce-desease\felzenszwalb_masks_output\train\HLTY\HLTY_517_s80_0_sg0_5_ms20_boundary.png,D:\gemma4\segmentation_lattuce-desease\felzenszwalb_masks_output\train\HLTY\HLTY_517_s80_0_sg0_5_ms20_colored.png,D:\gemma4\segmentation_lattuce-desease\felzenszwalb_masks_output\train\HLTY\HLTY_517_s80_0_sg0_5_ms20_info.txt
train,HLTY,healthy,D:\gemma4\segmentation_lattuce-desease\Roboflow_Dataset\train\HLTY\HLTY_52.JPG,HLTY_52,1,HLTY_52_s80_0_sg0_5_ms20,D:\gemma4\segmentation_lattuce-desease\felzenszwalb_masks_output\train\HLTY\HLTY_52_s80_0_sg0_5_ms20_raw.png,D:\gemma4\segmentation_lattuce-desease\felzenszwalb_masks_output\train\HLTY\HLTY_52_s80_0_sg0_5_ms20_boundary.png,D:\gemma4\segmentation_lattuce-desease\felzenszwalb_masks_output\train\HLTY\HLTY_52_s80_0_sg0_5_ms20_colored.png,D:\gemma4\segmentation_lattuce-desease\felzenszwalb_masks_output\train\HLTY\HLTY_52_s80_0_sg0_5_ms20_info.txt
train,HLTY,healthy,D:\gemma4\segmentation_lattuce-desease\Roboflow_Dataset\train\HLTY\HLTY_520.JPG,HLTY_520,1,HLTY_520_s80_0_sg0_5_ms20,D:\gemma4\segmentation_lattuce-desease\felzenszwalb_masks_output\train\HLTY\HLTY_520_s80_0_sg0_5_ms20_raw.png,D:\gemma4\segmentation_lattuce-desease\felzenszwalb_masks_output\train\HLTY\HLTY_520_s80_0_sg0_5_ms20_boundary.png,D:\gemma4\segmentation_lattuce-desease\felzenszwalb_masks_output\train\HLTY\HLTY_520_s80_0_sg0_5_ms20_colored.png,D:\gemma4\segmentation_lattuce-desease\felzenszwalb_masks_output\train\HLTY\HLTY_520_s80_0_sg0_5_ms20_info.txt
train,HLTY,healthy,D:\gemma4\segmentation_lattuce-desease\Roboflow_Dataset\train\HLTY\HLTY_521.JPG,HLTY_521,1,HLTY_521_s80_0_sg0_5_ms20,D:\gemma4\segmentation_lattuce-desease\felzenszwalb_masks_output\train\HLTY\HLTY_521_s80_0_sg0_5_ms20_raw.png,D:\gemma4\segmentation_lattuce-desease\felzenszwalb_masks_output\train\HLTY\HLTY_521_s80_0_sg0_5_ms20_boundary.png,D:\gemma4\segmentation_lattuce-desease\felzenszwalb_masks_output\train\HLTY\HLTY_521_s80_0_sg0_5_ms20_colored.png,D:\gemma4\segmentation_lattuce-desease\felzenszwalb_masks_output\train\HLTY\HLTY_521_s80_0_sg0_5_ms20_info.txt
train,HLTY,healthy,D:\gemma4\segmentation_lattuce-desease\Roboflow_Dataset\train\HLTY\HLTY_523.JPG,HLTY_523,1,HLTY_523_s80_0_sg0_5_ms20,D:\gemma4\segmentation_lattuce-desease\felzenszwalb_masks_output\train\HLTY\HLTY_523_s80_0_sg0_5_ms20_raw.png,D:\gemma4\segmentation_lattuce-desease\felzenszwalb_masks_output\train\HLTY\HLTY_523_s80_0_sg0_5_ms20_boundary.png,D:\gemma4\segmentation_lattuce-desease\felzenszwalb_masks_output\train\HLTY\HLTY_523_s80_0_sg0_5_ms20_colored.png,D:\gemma4\segmentation_lattuce-desease\felzenszwalb_masks_output\train\HLTY\HLTY_523_s80_0_sg0_5_ms20_info.txt
train,HLTY,healthy,D:\gemma4\segmentation_lattuce-desease\Roboflow_Dataset\train\HLTY\HLTY_524.JPG,HLTY_524,1,HLTY_524_s80_0_sg0_5_ms20,D:\gemma4\segmentation_lattuce-desease\felzenszwalb_masks_output\train\HLTY\HLTY_524_s80_0_sg0_5_ms20_raw.png,D:\gemma4\segmentation_lattuce-desease\felzenszwalb_masks_output\train\HLTY\HLTY_524_s80_0_sg0_5_ms20_boundary.png,D:\gemma4\segmentation_lattuce-desease\felzenszwalb_masks_output\train\HLTY\HLTY_524_s80_0_sg0_5_ms20_colored.png,D:\gemma4\segmentation_lattuce-desease\felzenszwalb_masks_output\train\HLTY\HLTY_524_s80_0_sg0_5_ms20_info.txt
train,HLTY,healthy,D:\gemma4\segmentation_lattuce-desease\Roboflow_Dataset\train\HLTY\HLTY_525.JPG,HLTY_525,1,HLTY_525_s80_0_sg0_5_ms20,D:\gemma4\segmentation_lattuce-desease\felzenszwalb_masks_output\train\HLTY\HLTY_525_s80_0_sg0_5_ms20_raw.png,D:\gemma4\segmentation_lattuce-desease\felzenszwalb_masks_output\train\HLTY\HLTY_525_s80_0_sg0_5_ms20_boundary.png,D:\gemma4\segmentation_lattuce-desease\felzenszwalb_masks_output\train\HLTY\HLTY_525_s80_0_sg0_5_ms20_colored.png,D:\gemma4\segmentation_lattuce-desease\felzenszwalb_masks_output\train\HLTY\HLTY_525_s80_0_sg0_5_ms20_info.txt
train,HLTY,healthy,D:\gemma4\segmentation_lattuce-desease\Roboflow_Dataset\train\HLTY\HLTY_526.JPG,HLTY_526,1,HLTY_526_s80_0_sg0_5_ms20,D:\gemma4\segmentation_lattuce-desease\felzenszwalb_masks_output\train\HLTY\HLTY_526_s80_0_sg0_5_ms20_raw.png,D:\gemma4\segmentation_lattuce-desease\felzenszwalb_masks_output\train\HLTY\HLTY_526_s80_0_sg0_5_ms20_boundary.png,D:\gemma4\segmentation_lattuce-desease\felzenszwalb_masks_output\train\HLTY\HLTY_526_s80_0_sg0_5_ms20_colored.png,D:\gemma4\segmentation_lattuce-desease\felzenszwalb_masks_output\train\HLTY\HLTY_526_s80_0_sg0_5_ms20_info.txt
train,HLTY,healthy,D:\gemma4\segmentation_lattuce-desease\Roboflow_Dataset\train\HLTY\HLTY_527.JPG,HLTY_527,1,HLTY_527_s80_0_sg0_5_ms20,D:\gemma4\segmentation_lattuce-desease\felzenszwalb_masks_output\train\HLTY\HLTY_527_s80_0_sg0_5_ms20_raw.png,D:\gemma4\segmentation_lattuce-desease\felzenszwalb_masks_output\train\HLTY\HLTY_527_s80_0_sg0_5_ms20_boundary.png,D:\gemma4\segmentation_lattuce-desease\felzenszwalb_masks_output\train\HLTY\HLTY_527_s80_0_sg0_5_ms20_colored.png,D:\gemma4\segmentation_lattuce-desease\felzenszwalb_masks_output\train\HLTY\HLTY_527_s80_0_sg0_5_ms20_info.txt
train,HLTY,healthy,D:\gemma4\segmentation_lattuce-desease\Roboflow_Dataset\train\HLTY\HLTY_528.JPG,HLTY_528,1,HLTY_528_s80_0_sg0_5_ms20,D:\gemma4\segmentation_lattuce-desease\felzenszwalb_masks_output\train\HLTY\HLTY_528_s80_0_sg0_5_ms20_raw.png,D:\gemma4\segmentation_lattuce-desease\felzenszwalb_masks_output\train\HLTY\HLTY_528_s80_0_sg0_5_ms20_boundary.png,D:\gemma4\segmentation_lattuce-desease\felzenszwalb_masks_output\train\HLTY\HLTY_528_s80_0_sg0_5_ms20_colored.png,D:\gemma4\segmentation_lattuce-desease\felzenszwalb_masks_output\train\HLTY\HLTY_528_s80_0_sg0_5_ms20_info.txt
train,HLTY,healthy,D:\gemma4\segmentation_lattuce-desease\Roboflow_Dataset\train\HLTY\HLTY_529.JPG,HLTY_529,1,HLTY_529_s80_0_sg0_5_ms20,D:\gemma4\segmentation_lattuce-desease\felzenszwalb_masks_output\train\HLTY\HLTY_529_s80_0_sg0_5_ms20_raw.png,D:\gemma4\segmentation_lattuce-desease\felzenszwalb_masks_output\train\HLTY\HLTY_529_s80_0_sg0_5_ms20_boundary.png,D:\gemma4\segmentation_lattuce-desease\felzenszwalb_masks_output\train\HLTY\HLTY_529_s80_0_sg0_5_ms20_colored.png,D:\gemma4\segmentation_lattuce-desease\felzenszwalb_masks_output\train\HLTY\HLTY_529_s80_0_sg0_5_ms20_info.txt
train,HLTY,healthy,D:\gemma4\segmentation_lattuce-desease\Roboflow_Dataset\train\HLTY\HLTY_530.JPG,HLTY_530,1,HLTY_530_s80_0_sg0_5_ms20,D:\gemma4\segmentation_lattuce-desease\felzenszwalb_masks_output\train\HLTY\HLTY_530_s80_0_sg0_5_ms20_raw.png,D:\gemma4\segmentation_lattuce-desease\felzenszwalb_masks_output\train\HLTY\HLTY_530_s80_0_sg0_5_ms20_boundary.png,D:\gemma4\segmentation_lattuce-desease\felzenszwalb_masks_output\train\HLTY\HLTY_530_s80_0_sg0_5_ms20_colored.png,D:\gemma4\segmentation_lattuce-desease\felzenszwalb_masks_output\train\HLTY\HLTY_530_s80_0_sg0_5_ms20_info.txt
train,HLTY,healthy,D:\gemma4\segmentation_lattuce-desease\Roboflow_Dataset\train\HLTY\HLTY_531.JPG,HLTY_531,1,HLTY_531_s80_0_sg0_5_ms20,D:\gemma4\segmentation_lattuce-desease\felzenszwalb_masks_output\train\HLTY\HLTY_531_s80_0_sg0_5_ms20_raw.png,D:\gemma4\segmentation_lattuce-desease\felzenszwalb_masks_output\train\HLTY\HLTY_531_s80_0_sg0_5_ms20_boundary.png,D:\gemma4\segmentation_lattuce-desease\felzenszwalb_masks_output\train\HLTY\HLTY_531_s80_0_sg0_5_ms20_colored.png,D:\gemma4\segmentation_lattuce-desease\felzenszwalb_masks_output\train\HLTY\HLTY_531_s80_0_sg0_5_ms20_info.txt
train,HLTY,healthy,D:\gemma4\segmentation_lattuce-desease\Roboflow_Dataset\train\HLTY\HLTY_533.JPG,HLTY_533,1,HLTY_533_s80_0_sg0_5_ms20,D:\gemma4\segmentation_lattuce-desease\felzenszwalb_masks_output\train\HLTY\HLTY_533_s80_0_sg0_5_ms20_raw.png,D:\gemma4\segmentation_lattuce-desease\felzenszwalb_masks_output\train\HLTY\HLTY_533_s80_0_sg0_5_ms20_boundary.png,D:\gemma4\segmentation_lattuce-desease\felzenszwalb_masks_output\train\HLTY\HLTY_533_s80_0_sg0_5_ms20_colored.png,D:\gemma4\segmentation_lattuce-desease\felzenszwalb_masks_output\train\HLTY\HLTY_533_s80_0_sg0_5_ms20_info.txt
train,HLTY,healthy,D:\gemma4\segmentation_lattuce-desease\Roboflow_Dataset\train\HLTY\HLTY_534.JPG,HLTY_534,1,HLTY_534_s80_0_sg0_5_ms20,D:\gemma4\segmentation_lattuce-desease\felzenszwalb_masks_output\train\HLTY\HLTY_534_s80_0_sg0_5_ms20_raw.png,D:\gemma4\segmentation_lattuce-desease\felzenszwalb_masks_output\train\HLTY\HLTY_534_s80_0_sg0_5_ms20_boundary.png,D:\gemma4\segmentation_lattuce-desease\felzenszwalb_masks_output\train\HLTY\HLTY_534_s80_0_sg0_5_ms20_colored.png,D:\gemma4\segmentation_lattuce-desease\felzenszwalb_masks_output\train\HLTY\HLTY_534_s80_0_sg0_5_ms20_info.txt
train,HLTY,healthy,D:\gemma4\segmentation_lattuce-desease\Roboflow_Dataset\train\HLTY\HLTY_535.JPG,HLTY_535,1,HLTY_535_s80_0_sg0_5_ms20,D:\gemma4\segmentation_lattuce-desease\felzenszwalb_masks_output\train\HLTY\HLTY_535_s80_0_sg0_5_ms20_raw.png,D:\gemma4\segmentation_lattuce-desease\felzenszwalb_masks_output\train\HLTY\HLTY_535_s80_0_sg0_5_ms20_boundary.png,D:\gemma4\segmentation_lattuce-desease\felzenszwalb_masks_output\train\HLTY\HLTY_535_s80_0_sg0_5_ms20_colored.png,D:\gemma4\segmentation_lattuce-desease\felzenszwalb_masks_output\train\HLTY\HLTY_535_s80_0_sg0_5_ms20_info.txt
train,HLTY,healthy,D:\gemma4\segmentation_lattuce-desease\Roboflow_Dataset\train\HLTY\HLTY_536.JPG,HLTY_536,1,HLTY_536_s80_0_sg0_5_ms20,D:\gemma4\segmentation_lattuce-desease\felzenszwalb_masks_output\train\HLTY\HLTY_536_s80_0_sg0_5_ms20_raw.png,D:\gemma4\segmentation_lattuce-desease\felzenszwalb_masks_output\train\HLTY\HLTY_536_s80_0_sg0_5_ms20_boundary.png,D:\gemma4\segmentation_lattuce-desease\felzenszwalb_masks_output\train\HLTY\HLTY_536_s80_0_sg0_5_ms20_colored.png,D:\gemma4\segmentation_lattuce-desease\felzenszwalb_masks_output\train\HLTY\HLTY_536_s80_0_sg0_5_ms20_info.txt
train,HLTY,healthy,D:\gemma4\segmentation_lattuce-desease\Roboflow_Dataset\train\HLTY\HLTY_537.JPG,HLTY_537,1,HLTY_537_s80_0_sg0_5_ms20,D:\gemma4\segmentation_lattuce-desease\felzenszwalb_masks_output\train\HLTY\HLTY_537_s80_0_sg0_5_ms20_raw.png,D:\gemma4\segmentation_lattuce-desease\felzenszwalb_masks_output\train\HLTY\HLTY_537_s80_0_sg0_5_ms20_boundary.png,D:\gemma4\segmentation_lattuce-desease\felzenszwalb_masks_output\train\HLTY\HLTY_537_s80_0_sg0_5_ms20_colored.png,D:\gemma4\segmentation_lattuce-desease\felzenszwalb_masks_output\train\HLTY\HLTY_537_s80_0_sg0_5_ms20_info.txt
train,HLTY,healthy,D:\gemma4\segmentation_lattuce-desease\Roboflow_Dataset\train\HLTY\HLTY_538.JPG,HLTY_538,1,HLTY_538_s80_0_sg0_5_ms20,D:\gemma4\segmentation_lattuce-desease\felzenszwalb_masks_output\train\HLTY\HLTY_538_s80_0_sg0_5_ms20_raw.png,D:\gemma4\segmentation_lattuce-desease\felzenszwalb_masks_output\train\HLTY\HLTY_538_s80_0_sg0_5_ms20_boundary.png,D:\gemma4\segmentation_lattuce-desease\felzenszwalb_masks_output\train\HLTY\HLTY_538_s80_0_sg0_5_ms20_colored.png,D:\gemma4\segmentation_lattuce-desease\felzenszwalb_masks_output\train\HLTY\HLTY_538_s80_0_sg0_5_ms20_info.txt
train,HLTY,healthy,D:\gemma4\segmentation_lattuce-desease\Roboflow_Dataset\train\HLTY\HLTY_539.JPG,HLTY_539,1,HLTY_539_s80_0_sg0_5_ms20,D:\gemma4\segmentation_lattuce-desease\felzenszwalb_masks_output\train\HLTY\HLTY_539_s80_0_sg0_5_ms20_raw.png,D:\gemma4\segmentation_lattuce-desease\felzenszwalb_masks_output\train\HLTY\HLTY_539_s80_0_sg0_5_ms20_boundary.png,D:\gemma4\segmentation_lattuce-desease\felzenszwalb_masks_output\train\HLTY\HLTY_539_s80_0_sg0_5_ms20_colored.png,D:\gemma4\segmentation_lattuce-desease\felzenszwalb_masks_output\train\HLTY\HLTY_539_s80_0_sg0_5_ms20_info.txt
train,HLTY,healthy,D:\gemma4\segmentation_lattuce-desease\Roboflow_Dataset\train\HLTY\HLTY_54.JPG,HLTY_54,1,HLTY_54_s80_0_sg0_5_ms20,D:\gemma4\segmentation_lattuce-desease\felzenszwalb_masks_output\train\HLTY\HLTY_54_s80_0_sg0_5_ms20_raw.png,D:\gemma4\segmentation_lattuce-desease\felzenszwalb_masks_output\train\HLTY\HLTY_54_s80_0_sg0_5_ms20_boundary.png,D:\gemma4\segmentation_lattuce-desease\felzenszwalb_masks_output\train\HLTY\HLTY_54_s80_0_sg0_5_ms20_colored.png,D:\gemma4\segmentation_lattuce-desease\felzenszwalb_masks_output\train\HLTY\HLTY_54_s80_0_sg0_5_ms20_info.txt
train,HLTY,healthy,D:\gemma4\segmentation_lattuce-desease\Roboflow_Dataset\train\HLTY\HLTY_540.JPG,HLTY_540,1,HLTY_540_s80_0_sg0_5_ms20,D:\gemma4\segmentation_lattuce-desease\felzenszwalb_masks_output\train\HLTY\HLTY_540_s80_0_sg0_5_ms20_raw.png,D:\gemma4\segmentation_lattuce-desease\felzenszwalb_masks_output\train\HLTY\HLTY_540_s80_0_sg0_5_ms20_boundary.png,D:\gemma4\segmentation_lattuce-desease\felzenszwalb_masks_output\train\HLTY\HLTY_540_s80_0_sg0_5_ms20_colored.png,D:\gemma4\segmentation_lattuce-desease\felzenszwalb_masks_output\train\HLTY\HLTY_540_s80_0_sg0_5_ms20_info.txt
train,HLTY,healthy,D:\gemma4\segmentation_lattuce-desease\Roboflow_Dataset\train\HLTY\HLTY_541.JPG,HLTY_541,1,HLTY_541_s80_0_sg0_5_ms20,D:\gemma4\segmentation_lattuce-desease\felzenszwalb_masks_output\train\HLTY\HLTY_541_s80_0_sg0_5_ms20_raw.png,D:\gemma4\segmentation_lattuce-desease\felzenszwalb_masks_output\train\HLTY\HLTY_541_s80_0_sg0_5_ms20_boundary.png,D:\gemma4\segmentation_lattuce-desease\felzenszwalb_masks_output\train\HLTY\HLTY_541_s80_0_sg0_5_ms20_colored.png,D:\gemma4\segmentation_lattuce-desease\felzenszwalb_masks_output\train\HLTY\HLTY_541_s80_0_sg0_5_ms20_info.txt
train,HLTY,healthy,D:\gemma4\segmentation_lattuce-desease\Roboflow_Dataset\train\HLTY\HLTY_543.JPG,HLTY_543,1,HLTY_543_s80_0_sg0_5_ms20,D:\gemma4\segmentation_lattuce-desease\felzenszwalb_masks_output\train\HLTY\HLTY_543_s80_0_sg0_5_ms20_raw.png,D:\gemma4\segmentation_lattuce-desease\felzenszwalb_masks_output\train\HLTY\HLTY_543_s80_0_sg0_5_ms20_boundary.png,D:\gemma4\segmentation_lattuce-desease\felzenszwalb_masks_output\train\HLTY\HLTY_543_s80_0_sg0_5_ms20_colored.png,D:\gemma4\segmentation_lattuce-desease\felzenszwalb_masks_output\train\HLTY\HLTY_543_s80_0_sg0_5_ms20_info.txt
train,HLTY,healthy,D:\gemma4\segmentation_lattuce-desease\Roboflow_Dataset\train\HLTY\HLTY_544.JPG,HLTY_544,1,HLTY_544_s80_0_sg0_5_ms20,D:\gemma4\segmentation_lattuce-desease\felzenszwalb_masks_output\train\HLTY\HLTY_544_s80_0_sg0_5_ms20_raw.png,D:\gemma4\segmentation_lattuce-desease\felzenszwalb_masks_output\train\HLTY\HLTY_544_s80_0_sg0_5_ms20_boundary.png,D:\gemma4\segmentation_lattuce-desease\felzenszwalb_masks_output\train\HLTY\HLTY_544_s80_0_sg0_5_ms20_colored.png,D:\gemma4\segmentation_lattuce-desease\felzenszwalb_masks_output\train\HLTY\HLTY_544_s80_0_sg0_5_ms20_info.txt
train,HLTY,healthy,D:\gemma4\segmentation_lattuce-desease\Roboflow_Dataset\train\HLTY\HLTY_545.JPG,HLTY_545,1,HLTY_545_s80_0_sg0_5_ms20,D:\gemma4\segmentation_lattuce-desease\felzenszwalb_masks_output\train\HLTY\HLTY_545_s80_0_sg0_5_ms20_raw.png,D:\gemma4\segmentation_lattuce-desease\felzenszwalb_masks_output\train\HLTY\HLTY_545_s80_0_sg0_5_ms20_boundary.png,D:\gemma4\segmentation_lattuce-desease\felzenszwalb_masks_output\train\HLTY\HLTY_545_s80_0_sg0_5_ms20_colored.png,D:\gemma4\segmentation_lattuce-desease\felzenszwalb_masks_output\train\HLTY\HLTY_545_s80_0_sg0_5_ms20_info.txt
train,HLTY,healthy,D:\gemma4\segmentation_lattuce-desease\Roboflow_Dataset\train\HLTY\HLTY_546.JPG,HLTY_546,1,HLTY_546_s80_0_sg0_5_ms20,D:\gemma4\segmentation_lattuce-desease\felzenszwalb_masks_output\train\HLTY\HLTY_546_s80_0_sg0_5_ms20_raw.png,D:\gemma4\segmentation_lattuce-desease\felzenszwalb_masks_output\train\HLTY\HLTY_546_s80_0_sg0_5_ms20_boundary.png,D:\gemma4\segmentation_lattuce-desease\felzenszwalb_masks_output\train\HLTY\HLTY_546_s80_0_sg0_5_ms20_colored.png,D:\gemma4\segmentation_lattuce-desease\felzenszwalb_masks_output\train\HLTY\HLTY_546_s80_0_sg0_5_ms20_info.txt
train,HLTY,healthy,D:\gemma4\segmentation_lattuce-desease\Roboflow_Dataset\train\HLTY\HLTY_547.JPG,HLTY_547,1,HLTY_547_s80_0_sg0_5_ms20,D:\gemma4\segmentation_lattuce-desease\felzenszwalb_masks_output\train\HLTY\HLTY_547_s80_0_sg0_5_ms20_raw.png,D:\gemma4\segmentation_lattuce-desease\felzenszwalb_masks_output\train\HLTY\HLTY_547_s80_0_sg0_5_ms20_boundary.png,D:\gemma4\segmentation_lattuce-desease\felzenszwalb_masks_output\train\HLTY\HLTY_547_s80_0_sg0_5_ms20_colored.png,D:\gemma4\segmentation_lattuce-desease\felzenszwalb_masks_output\train\HLTY\HLTY_547_s80_0_sg0_5_ms20_info.txt
train,HLTY,healthy,D:\gemma4\segmentation_lattuce-desease\Roboflow_Dataset\train\HLTY\HLTY_549.JPG,HLTY_549,1,HLTY_549_s80_0_sg0_5_ms20,D:\gemma4\segmentation_lattuce-desease\felzenszwalb_masks_output\train\HLTY\HLTY_549_s80_0_sg0_5_ms20_raw.png,D:\gemma4\segmentation_lattuce-desease\felzenszwalb_masks_output\train\HLTY\HLTY_549_s80_0_sg0_5_ms20_boundary.png,D:\gemma4\segmentation_lattuce-desease\felzenszwalb_masks_output\train\HLTY\HLTY_549_s80_0_sg0_5_ms20_colored.png,D:\gemma4\segmentation_lattuce-desease\felzenszwalb_masks_output\train\HLTY\HLTY_549_s80_0_sg0_5_ms20_info.txt
train,HLTY,healthy,D:\gemma4\segmentation_lattuce-desease\Roboflow_Dataset\train\HLTY\HLTY_55.JPG,HLTY_55,1,HLTY_55_s80_0_sg0_5_ms20,D:\gemma4\segmentation_lattuce-desease\felzenszwalb_masks_output\train\HLTY\HLTY_55_s80_0_sg0_5_ms20_raw.png,D:\gemma4\segmentation_lattuce-desease\felzenszwalb_masks_output\train\HLTY\HLTY_55_s80_0_sg0_5_ms20_boundary.png,D:\gemma4\segmentation_lattuce-desease\felzenszwalb_masks_output\train\HLTY\HLTY_55_s80_0_sg0_5_ms20_colored.png,D:\gemma4\segmentation_lattuce-desease\felzenszwalb_masks_output\train\HLTY\HLTY_55_s80_0_sg0_5_ms20_info.txt
train,HLTY,healthy,D:\gemma4\segmentation_lattuce-desease\Roboflow_Dataset\train\HLTY\HLTY_550.JPG,HLTY_550,1,HLTY_550_s80_0_sg0_5_ms20,D:\gemma4\segmentation_lattuce-desease\felzenszwalb_masks_output\train\HLTY\HLTY_550_s80_0_sg0_5_ms20_raw.png,D:\gemma4\segmentation_lattuce-desease\felzenszwalb_masks_output\train\HLTY\HLTY_550_s80_0_sg0_5_ms20_boundary.png,D:\gemma4\segmentation_lattuce-desease\felzenszwalb_masks_output\train\HLTY\HLTY_550_s80_0_sg0_5_ms20_colored.png,D:\gemma4\segmentation_lattuce-desease\felzenszwalb_masks_output\train\HLTY\HLTY_550_s80_0_sg0_5_ms20_info.txt
train,HLTY,healthy,D:\gemma4\segmentation_lattuce-desease\Roboflow_Dataset\train\HLTY\HLTY_551.JPG,HLTY_551,1,HLTY_551_s80_0_sg0_5_ms20,D:\gemma4\segmentation_lattuce-desease\felzenszwalb_masks_output\train\HLTY\HLTY_551_s80_0_sg0_5_ms20_raw.png,D:\gemma4\segmentation_lattuce-desease\felzenszwalb_masks_output\train\HLTY\HLTY_551_s80_0_sg0_5_ms20_boundary.png,D:\gemma4\segmentation_lattuce-desease\felzenszwalb_masks_output\train\HLTY\HLTY_551_s80_0_sg0_5_ms20_colored.png,D:\gemma4\segmentation_lattuce-desease\felzenszwalb_masks_output\train\HLTY\HLTY_551_s80_0_sg0_5_ms20_info.txt
train,HLTY,healthy,D:\gemma4\segmentation_lattuce-desease\Roboflow_Dataset\train\HLTY\HLTY_552.JPG,HLTY_552,1,HLTY_552_s80_0_sg0_5_ms20,D:\gemma4\segmentation_lattuce-desease\felzenszwalb_masks_output\train\HLTY\HLTY_552_s80_0_sg0_5_ms20_raw.png,D:\gemma4\segmentation_lattuce-desease\felzenszwalb_masks_output\train\HLTY\HLTY_552_s80_0_sg0_5_ms20_boundary.png,D:\gemma4\segmentation_lattuce-desease\felzenszwalb_masks_output\train\HLTY\HLTY_552_s80_0_sg0_5_ms20_colored.png,D:\gemma4\segmentation_lattuce-desease\felzenszwalb_masks_output\train\HLTY\HLTY_552_s80_0_sg0_5_ms20_info.txt
train,HLTY,healthy,D:\gemma4\segmentation_lattuce-desease\Roboflow_Dataset\train\HLTY\HLTY_553.JPG,HLTY_553,1,HLTY_553_s80_0_sg0_5_ms20,D:\gemma4\segmentation_lattuce-desease\felzenszwalb_masks_output\train\HLTY\HLTY_553_s80_0_sg0_5_ms20_raw.png,D:\gemma4\segmentation_lattuce-desease\felzenszwalb_masks_output\train\HLTY\HLTY_553_s80_0_sg0_5_ms20_boundary.png,D:\gemma4\segmentation_lattuce-desease\felzenszwalb_masks_output\train\HLTY\HLTY_553_s80_0_sg0_5_ms20_colored.png,D:\gemma4\segmentation_lattuce-desease\felzenszwalb_masks_output\train\HLTY\HLTY_553_s80_0_sg0_5_ms20_info.txt
train,HLTY,healthy,D:\gemma4\segmentation_lattuce-desease\Roboflow_Dataset\train\HLTY\HLTY_554.JPG,HLTY_554,1,HLTY_554_s80_0_sg0_5_ms20,D:\gemma4\segmentation_lattuce-desease\felzenszwalb_masks_output\train\HLTY\HLTY_554_s80_0_sg0_5_ms20_raw.png,D:\gemma4\segmentation_lattuce-desease\felzenszwalb_masks_output\train\HLTY\HLTY_554_s80_0_sg0_5_ms20_boundary.png,D:\gemma4\segmentation_lattuce-desease\felzenszwalb_masks_output\train\HLTY\HLTY_554_s80_0_sg0_5_ms20_colored.png,D:\gemma4\segmentation_lattuce-desease\felzenszwalb_masks_output\train\HLTY\HLTY_554_s80_0_sg0_5_ms20_info.txt
train,HLTY,healthy,D:\gemma4\segmentation_lattuce-desease\Roboflow_Dataset\train\HLTY\HLTY_557.JPG,HLTY_557,1,HLTY_557_s80_0_sg0_5_ms20,D:\gemma4\segmentation_lattuce-desease\felzenszwalb_masks_output\train\HLTY\HLTY_557_s80_0_sg0_5_ms20_raw.png,D:\gemma4\segmentation_lattuce-desease\felzenszwalb_masks_output\train\HLTY\HLTY_557_s80_0_sg0_5_ms20_boundary.png,D:\gemma4\segmentation_lattuce-desease\felzenszwalb_masks_output\train\HLTY\HLTY_557_s80_0_sg0_5_ms20_colored.png,D:\gemma4\segmentation_lattuce-desease\felzenszwalb_masks_output\train\HLTY\HLTY_557_s80_0_sg0_5_ms20_info.txt
train,HLTY,healthy,D:\gemma4\segmentation_lattuce-desease\Roboflow_Dataset\train\HLTY\HLTY_558.JPG,HLTY_558,1,HLTY_558_s80_0_sg0_5_ms20,D:\gemma4\segmentation_lattuce-desease\felzenszwalb_masks_output\train\HLTY\HLTY_558_s80_0_sg0_5_ms20_raw.png,D:\gemma4\segmentation_lattuce-desease\felzenszwalb_masks_output\train\HLTY\HLTY_558_s80_0_sg0_5_ms20_boundary.png,D:\gemma4\segmentation_lattuce-desease\felzenszwalb_masks_output\train\HLTY\HLTY_558_s80_0_sg0_5_ms20_colored.png,D:\gemma4\segmentation_lattuce-desease\felzenszwalb_masks_output\train\HLTY\HLTY_558_s80_0_sg0_5_ms20_info.txt
train,HLTY,healthy,D:\gemma4\segmentation_lattuce-desease\Roboflow_Dataset\train\HLTY\HLTY_559.JPG,HLTY_559,1,HLTY_559_s80_0_sg0_5_ms20,D:\gemma4\segmentation_lattuce-desease\felzenszwalb_masks_output\train\HLTY\HLTY_559_s80_0_sg0_5_ms20_raw.png,D:\gemma4\segmentation_lattuce-desease\felzenszwalb_masks_output\train\HLTY\HLTY_559_s80_0_sg0_5_ms20_boundary.png,D:\gemma4\segmentation_lattuce-desease\felzenszwalb_masks_output\train\HLTY\HLTY_559_s80_0_sg0_5_ms20_colored.png,D:\gemma4\segmentation_lattuce-desease\felzenszwalb_masks_output\train\HLTY\HLTY_559_s80_0_sg0_5_ms20_info.txt
train,HLTY,healthy,D:\gemma4\segmentation_lattuce-desease\Roboflow_Dataset\train\HLTY\HLTY_56.JPG,HLTY_56,1,HLTY_56_s80_0_sg0_5_ms20,D:\gemma4\segmentation_lattuce-desease\felzenszwalb_masks_output\train\HLTY\HLTY_56_s80_0_sg0_5_ms20_raw.png,D:\gemma4\segmentation_lattuce-desease\felzenszwalb_masks_output\train\HLTY\HLTY_56_s80_0_sg0_5_ms20_boundary.png,D:\gemma4\segmentation_lattuce-desease\felzenszwalb_masks_output\train\HLTY\HLTY_56_s80_0_sg0_5_ms20_colored.png,D:\gemma4\segmentation_lattuce-desease\felzenszwalb_masks_output\train\HLTY\HLTY_56_s80_0_sg0_5_ms20_info.txt
train,HLTY,healthy,D:\gemma4\segmentation_lattuce-desease\Roboflow_Dataset\train\HLTY\HLTY_560.JPG,HLTY_560,1,HLTY_560_s80_0_sg0_5_ms20,D:\gemma4\segmentation_lattuce-desease\felzenszwalb_masks_output\train\HLTY\HLTY_560_s80_0_sg0_5_ms20_raw.png,D:\gemma4\segmentation_lattuce-desease\felzenszwalb_masks_output\train\HLTY\HLTY_560_s80_0_sg0_5_ms20_boundary.png,D:\gemma4\segmentation_lattuce-desease\felzenszwalb_masks_output\train\HLTY\HLTY_560_s80_0_sg0_5_ms20_colored.png,D:\gemma4\segmentation_lattuce-desease\felzenszwalb_masks_output\train\HLTY\HLTY_560_s80_0_sg0_5_ms20_info.txt
train,HLTY,healthy,D:\gemma4\segmentation_lattuce-desease\Roboflow_Dataset\train\HLTY\HLTY_561.JPG,HLTY_561,1,HLTY_561_s80_0_sg0_5_ms20,D:\gemma4\segmentation_lattuce-desease\felzenszwalb_masks_output\train\HLTY\HLTY_561_s80_0_sg0_5_ms20_raw.png,D:\gemma4\segmentation_lattuce-desease\felzenszwalb_masks_output\train\HLTY\HLTY_561_s80_0_sg0_5_ms20_boundary.png,D:\gemma4\segmentation_lattuce-desease\felzenszwalb_masks_output\train\HLTY\HLTY_561_s80_0_sg0_5_ms20_colored.png,D:\gemma4\segmentation_lattuce-desease\felzenszwalb_masks_output\train\HLTY\HLTY_561_s80_0_sg0_5_ms20_info.txt
train,HLTY,healthy,D:\gemma4\segmentation_lattuce-desease\Roboflow_Dataset\train\HLTY\HLTY_562.JPG,HLTY_562,1,HLTY_562_s80_0_sg0_5_ms20,D:\gemma4\segmentation_lattuce-desease\felzenszwalb_masks_output\train\HLTY\HLTY_562_s80_0_sg0_5_ms20_raw.png,D:\gemma4\segmentation_lattuce-desease\felzenszwalb_masks_output\train\HLTY\HLTY_562_s80_0_sg0_5_ms20_boundary.png,D:\gemma4\segmentation_lattuce-desease\felzenszwalb_masks_output\train\HLTY\HLTY_562_s80_0_sg0_5_ms20_colored.png,D:\gemma4\segmentation_lattuce-desease\felzenszwalb_masks_output\train\HLTY\HLTY_562_s80_0_sg0_5_ms20_info.txt
train,HLTY,healthy,D:\gemma4\segmentation_lattuce-desease\Roboflow_Dataset\train\HLTY\HLTY_563.JPG,HLTY_563,1,HLTY_563_s80_0_sg0_5_ms20,D:\gemma4\segmentation_lattuce-desease\felzenszwalb_masks_output\train\HLTY\HLTY_563_s80_0_sg0_5_ms20_raw.png,D:\gemma4\segmentation_lattuce-desease\felzenszwalb_masks_output\train\HLTY\HLTY_563_s80_0_sg0_5_ms20_boundary.png,D:\gemma4\segmentation_lattuce-desease\felzenszwalb_masks_output\train\HLTY\HLTY_563_s80_0_sg0_5_ms20_colored.png,D:\gemma4\segmentation_lattuce-desease\felzenszwalb_masks_output\train\HLTY\HLTY_563_s80_0_sg0_5_ms20_info.txt
train,HLTY,healthy,D:\gemma4\segmentation_lattuce-desease\Roboflow_Dataset\train\HLTY\HLTY_564.JPG,HLTY_564,1,HLTY_564_s80_0_sg0_5_ms20,D:\gemma4\segmentation_lattuce-desease\felzenszwalb_masks_output\train\HLTY\HLTY_564_s80_0_sg0_5_ms20_raw.png,D:\gemma4\segmentation_lattuce-desease\felzenszwalb_masks_output\train\HLTY\HLTY_564_s80_0_sg0_5_ms20_boundary.png,D:\gemma4\segmentation_lattuce-desease\felzenszwalb_masks_output\train\HLTY\HLTY_564_s80_0_sg0_5_ms20_colored.png,D:\gemma4\segmentation_lattuce-desease\felzenszwalb_masks_output\train\HLTY\HLTY_564_s80_0_sg0_5_ms20_info.txt
train,HLTY,healthy,D:\gemma4\segmentation_lattuce-desease\Roboflow_Dataset\train\HLTY\HLTY_565.JPG,HLTY_565,1,HLTY_565_s80_0_sg0_5_ms20,D:\gemma4\segmentation_lattuce-desease\felzenszwalb_masks_output\train\HLTY\HLTY_565_s80_0_sg0_5_ms20_raw.png,D:\gemma4\segmentation_lattuce-desease\felzenszwalb_masks_output\train\HLTY\HLTY_565_s80_0_sg0_5_ms20_boundary.png,D:\gemma4\segmentation_lattuce-desease\felzenszwalb_masks_output\train\HLTY\HLTY_565_s80_0_sg0_5_ms20_colored.png,D:\gemma4\segmentation_lattuce-desease\felzenszwalb_masks_output\train\HLTY\HLTY_565_s80_0_sg0_5_ms20_info.txt
train,HLTY,healthy,D:\gemma4\segmentation_lattuce-desease\Roboflow_Dataset\train\HLTY\HLTY_566.JPG,HLTY_566,1,HLTY_566_s80_0_sg0_5_ms20,D:\gemma4\segmentation_lattuce-desease\felzenszwalb_masks_output\train\HLTY\HLTY_566_s80_0_sg0_5_ms20_raw.png,D:\gemma4\segmentation_lattuce-desease\felzenszwalb_masks_output\train\HLTY\HLTY_566_s80_0_sg0_5_ms20_boundary.png,D:\gemma4\segmentation_lattuce-desease\felzenszwalb_masks_output\train\HLTY\HLTY_566_s80_0_sg0_5_ms20_colored.png,D:\gemma4\segmentation_lattuce-desease\felzenszwalb_masks_output\train\HLTY\HLTY_566_s80_0_sg0_5_ms20_info.txt
train,HLTY,healthy,D:\gemma4\segmentation_lattuce-desease\Roboflow_Dataset\train\HLTY\HLTY_567.JPG,HLTY_567,1,HLTY_567_s80_0_sg0_5_ms20,D:\gemma4\segmentation_lattuce-desease\felzenszwalb_masks_output\train\HLTY\HLTY_567_s80_0_sg0_5_ms20_raw.png,D:\gemma4\segmentation_lattuce-desease\felzenszwalb_masks_output\train\HLTY\HLTY_567_s80_0_sg0_5_ms20_boundary.png,D:\gemma4\segmentation_lattuce-desease\felzenszwalb_masks_output\train\HLTY\HLTY_567_s80_0_sg0_5_ms20_colored.png,D:\gemma4\segmentation_lattuce-desease\felzenszwalb_masks_output\train\HLTY\HLTY_567_s80_0_sg0_5_ms20_info.txt
train,HLTY,healthy,D:\gemma4\segmentation_lattuce-desease\Roboflow_Dataset\train\HLTY\HLTY_569.JPG,HLTY_569,1,HLTY_569_s80_0_sg0_5_ms20,D:\gemma4\segmentation_lattuce-desease\felzenszwalb_masks_output\train\HLTY\HLTY_569_s80_0_sg0_5_ms20_raw.png,D:\gemma4\segmentation_lattuce-desease\felzenszwalb_masks_output\train\HLTY\HLTY_569_s80_0_sg0_5_ms20_boundary.png,D:\gemma4\segmentation_lattuce-desease\felzenszwalb_masks_output\train\HLTY\HLTY_569_s80_0_sg0_5_ms20_colored.png,D:\gemma4\segmentation_lattuce-desease\felzenszwalb_masks_output\train\HLTY\HLTY_569_s80_0_sg0_5_ms20_info.txt
train,HLTY,healthy,D:\gemma4\segmentation_lattuce-desease\Roboflow_Dataset\train\HLTY\HLTY_57.JPG,HLTY_57,1,HLTY_57_s80_0_sg0_5_ms20,D:\gemma4\segmentation_lattuce-desease\felzenszwalb_masks_output\train\HLTY\HLTY_57_s80_0_sg0_5_ms20_raw.png,D:\gemma4\segmentation_lattuce-desease\felzenszwalb_masks_output\train\HLTY\HLTY_57_s80_0_sg0_5_ms20_boundary.png,D:\gemma4\segmentation_lattuce-desease\felzenszwalb_masks_output\train\HLTY\HLTY_57_s80_0_sg0_5_ms20_colored.png,D:\gemma4\segmentation_lattuce-desease\felzenszwalb_masks_output\train\HLTY\HLTY_57_s80_0_sg0_5_ms20_info.txt
train,HLTY,healthy,D:\gemma4\segmentation_lattuce-desease\Roboflow_Dataset\train\HLTY\HLTY_570.JPG,HLTY_570,1,HLTY_570_s80_0_sg0_5_ms20,D:\gemma4\segmentation_lattuce-desease\felzenszwalb_masks_output\train\HLTY\HLTY_570_s80_0_sg0_5_ms20_raw.png,D:\gemma4\segmentation_lattuce-desease\felzenszwalb_masks_output\train\HLTY\HLTY_570_s80_0_sg0_5_ms20_boundary.png,D:\gemma4\segmentation_lattuce-desease\felzenszwalb_masks_output\train\HLTY\HLTY_570_s80_0_sg0_5_ms20_colored.png,D:\gemma4\segmentation_lattuce-desease\felzenszwalb_masks_output\train\HLTY\HLTY_570_s80_0_sg0_5_ms20_info.txt
train,HLTY,healthy,D:\gemma4\segmentation_lattuce-desease\Roboflow_Dataset\train\HLTY\HLTY_571.JPG,HLTY_571,1,HLTY_571_s80_0_sg0_5_ms20,D:\gemma4\segmentation_lattuce-desease\felzenszwalb_masks_output\train\HLTY\HLTY_571_s80_0_sg0_5_ms20_raw.png,D:\gemma4\segmentation_lattuce-desease\felzenszwalb_masks_output\train\HLTY\HLTY_571_s80_0_sg0_5_ms20_boundary.png,D:\gemma4\segmentation_lattuce-desease\felzenszwalb_masks_output\train\HLTY\HLTY_571_s80_0_sg0_5_ms20_colored.png,D:\gemma4\segmentation_lattuce-desease\felzenszwalb_masks_output\train\HLTY\HLTY_571_s80_0_sg0_5_ms20_info.txt
train,HLTY,healthy,D:\gemma4\segmentation_lattuce-desease\Roboflow_Dataset\train\HLTY\HLTY_572.JPG,HLTY_572,1,HLTY_572_s80_0_sg0_5_ms20,D:\gemma4\segmentation_lattuce-desease\felzenszwalb_masks_output\train\HLTY\HLTY_572_s80_0_sg0_5_ms20_raw.png,D:\gemma4\segmentation_lattuce-desease\felzenszwalb_masks_output\train\HLTY\HLTY_572_s80_0_sg0_5_ms20_boundary.png,D:\gemma4\segmentation_lattuce-desease\felzenszwalb_masks_output\train\HLTY\HLTY_572_s80_0_sg0_5_ms20_colored.png,D:\gemma4\segmentation_lattuce-desease\felzenszwalb_masks_output\train\HLTY\HLTY_572_s80_0_sg0_5_ms20_info.txt
train,HLTY,healthy,D:\gemma4\segmentation_lattuce-desease\Roboflow_Dataset\train\HLTY\HLTY_574.JPG,HLTY_574,1,HLTY_574_s80_0_sg0_5_ms20,D:\gemma4\segmentation_lattuce-desease\felzenszwalb_masks_output\train\HLTY\HLTY_574_s80_0_sg0_5_ms20_raw.png,D:\gemma4\segmentation_lattuce-desease\felzenszwalb_masks_output\train\HLTY\HLTY_574_s80_0_sg0_5_ms20_boundary.png,D:\gemma4\segmentation_lattuce-desease\felzenszwalb_masks_output\train\HLTY\HLTY_574_s80_0_sg0_5_ms20_colored.png,D:\gemma4\segmentation_lattuce-desease\felzenszwalb_masks_output\train\HLTY\HLTY_574_s80_0_sg0_5_ms20_info.txt
train,HLTY,healthy,D:\gemma4\segmentation_lattuce-desease\Roboflow_Dataset\train\HLTY\HLTY_576.JPG,HLTY_576,1,HLTY_576_s80_0_sg0_5_ms20,D:\gemma4\segmentation_lattuce-desease\felzenszwalb_masks_output\train\HLTY\HLTY_576_s80_0_sg0_5_ms20_raw.png,D:\gemma4\segmentation_lattuce-desease\felzenszwalb_masks_output\train\HLTY\HLTY_576_s80_0_sg0_5_ms20_boundary.png,D:\gemma4\segmentation_lattuce-desease\felzenszwalb_masks_output\train\HLTY\HLTY_576_s80_0_sg0_5_ms20_colored.png,D:\gemma4\segmentation_lattuce-desease\felzenszwalb_masks_output\train\HLTY\HLTY_576_s80_0_sg0_5_ms20_info.txt
train,HLTY,healthy,D:\gemma4\segmentation_lattuce-desease\Roboflow_Dataset\train\HLTY\HLTY_577.JPG,HLTY_577,1,HLTY_577_s80_0_sg0_5_ms20,D:\gemma4\segmentation_lattuce-desease\felzenszwalb_masks_output\train\HLTY\HLTY_577_s80_0_sg0_5_ms20_raw.png,D:\gemma4\segmentation_lattuce-desease\felzenszwalb_masks_output\train\HLTY\HLTY_577_s80_0_sg0_5_ms20_boundary.png,D:\gemma4\segmentation_lattuce-desease\felzenszwalb_masks_output\train\HLTY\HLTY_577_s80_0_sg0_5_ms20_colored.png,D:\gemma4\segmentation_lattuce-desease\felzenszwalb_masks_output\train\HLTY\HLTY_577_s80_0_sg0_5_ms20_info.txt
train,HLTY,healthy,D:\gemma4\segmentation_lattuce-desease\Roboflow_Dataset\train\HLTY\HLTY_578.JPG,HLTY_578,1,HLTY_578_s80_0_sg0_5_ms20,D:\gemma4\segmentation_lattuce-desease\felzenszwalb_masks_output\train\HLTY\HLTY_578_s80_0_sg0_5_ms20_raw.png,D:\gemma4\segmentation_lattuce-desease\felzenszwalb_masks_output\train\HLTY\HLTY_578_s80_0_sg0_5_ms20_boundary.png,D:\gemma4\segmentation_lattuce-desease\felzenszwalb_masks_output\train\HLTY\HLTY_578_s80_0_sg0_5_ms20_colored.png,D:\gemma4\segmentation_lattuce-desease\felzenszwalb_masks_output\train\HLTY\HLTY_578_s80_0_sg0_5_ms20_info.txt
train,HLTY,healthy,D:\gemma4\segmentation_lattuce-desease\Roboflow_Dataset\train\HLTY\HLTY_579.JPG,HLTY_579,1,HLTY_579_s80_0_sg0_5_ms20,D:\gemma4\segmentation_lattuce-desease\felzenszwalb_masks_output\train\HLTY\HLTY_579_s80_0_sg0_5_ms20_raw.png,D:\gemma4\segmentation_lattuce-desease\felzenszwalb_masks_output\train\HLTY\HLTY_579_s80_0_sg0_5_ms20_boundary.png,D:\gemma4\segmentation_lattuce-desease\felzenszwalb_masks_output\train\HLTY\HLTY_579_s80_0_sg0_5_ms20_colored.png,D:\gemma4\segmentation_lattuce-desease\felzenszwalb_masks_output\train\HLTY\HLTY_579_s80_0_sg0_5_ms20_info.txt
train,HLTY,healthy,D:\gemma4\segmentation_lattuce-desease\Roboflow_Dataset\train\HLTY\HLTY_58.JPG,HLTY_58,1,HLTY_58_s80_0_sg0_5_ms20,D:\gemma4\segmentation_lattuce-desease\felzenszwalb_masks_output\train\HLTY\HLTY_58_s80_0_sg0_5_ms20_raw.png,D:\gemma4\segmentation_lattuce-desease\felzenszwalb_masks_output\train\HLTY\HLTY_58_s80_0_sg0_5_ms20_boundary.png,D:\gemma4\segmentation_lattuce-desease\felzenszwalb_masks_output\train\HLTY\HLTY_58_s80_0_sg0_5_ms20_colored.png,D:\gemma4\segmentation_lattuce-desease\felzenszwalb_masks_output\train\HLTY\HLTY_58_s80_0_sg0_5_ms20_info.txt
train,HLTY,healthy,D:\gemma4\segmentation_lattuce-desease\Roboflow_Dataset\train\HLTY\HLTY_580.JPG,HLTY_580,1,HLTY_580_s80_0_sg0_5_ms20,D:\gemma4\segmentation_lattuce-desease\felzenszwalb_masks_output\train\HLTY\HLTY_580_s80_0_sg0_5_ms20_raw.png,D:\gemma4\segmentation_lattuce-desease\felzenszwalb_masks_output\train\HLTY\HLTY_580_s80_0_sg0_5_ms20_boundary.png,D:\gemma4\segmentation_lattuce-desease\felzenszwalb_masks_output\train\HLTY\HLTY_580_s80_0_sg0_5_ms20_colored.png,D:\gemma4\segmentation_lattuce-desease\felzenszwalb_masks_output\train\HLTY\HLTY_580_s80_0_sg0_5_ms20_info.txt
train,HLTY,healthy,D:\gemma4\segmentation_lattuce-desease\Roboflow_Dataset\train\HLTY\HLTY_581.JPG,HLTY_581,1,HLTY_581_s80_0_sg0_5_ms20,D:\gemma4\segmentation_lattuce-desease\felzenszwalb_masks_output\train\HLTY\HLTY_581_s80_0_sg0_5_ms20_raw.png,D:\gemma4\segmentation_lattuce-desease\felzenszwalb_masks_output\train\HLTY\HLTY_581_s80_0_sg0_5_ms20_boundary.png,D:\gemma4\segmentation_lattuce-desease\felzenszwalb_masks_output\train\HLTY\HLTY_581_s80_0_sg0_5_ms20_colored.png,D:\gemma4\segmentation_lattuce-desease\felzenszwalb_masks_output\train\HLTY\HLTY_581_s80_0_sg0_5_ms20_info.txt
train,HLTY,healthy,D:\gemma4\segmentation_lattuce-desease\Roboflow_Dataset\train\HLTY\HLTY_582.JPG,HLTY_582,1,HLTY_582_s80_0_sg0_5_ms20,D:\gemma4\segmentation_lattuce-desease\felzenszwalb_masks_output\train\HLTY\HLTY_582_s80_0_sg0_5_ms20_raw.png,D:\gemma4\segmentation_lattuce-desease\felzenszwalb_masks_output\train\HLTY\HLTY_582_s80_0_sg0_5_ms20_boundary.png,D:\gemma4\segmentation_lattuce-desease\felzenszwalb_masks_output\train\HLTY\HLTY_582_s80_0_sg0_5_ms20_colored.png,D:\gemma4\segmentation_lattuce-desease\felzenszwalb_masks_output\train\HLTY\HLTY_582_s80_0_sg0_5_ms20_info.txt
train,HLTY,healthy,D:\gemma4\segmentation_lattuce-desease\Roboflow_Dataset\train\HLTY\HLTY_583.JPG,HLTY_583,1,HLTY_583_s80_0_sg0_5_ms20,D:\gemma4\segmentation_lattuce-desease\felzenszwalb_masks_output\train\HLTY\HLTY_583_s80_0_sg0_5_ms20_raw.png,D:\gemma4\segmentation_lattuce-desease\felzenszwalb_masks_output\train\HLTY\HLTY_583_s80_0_sg0_5_ms20_boundary.png,D:\gemma4\segmentation_lattuce-desease\felzenszwalb_masks_output\train\HLTY\HLTY_583_s80_0_sg0_5_ms20_colored.png,D:\gemma4\segmentation_lattuce-desease\felzenszwalb_masks_output\train\HLTY\HLTY_583_s80_0_sg0_5_ms20_info.txt
train,HLTY,healthy,D:\gemma4\segmentation_lattuce-desease\Roboflow_Dataset\train\HLTY\HLTY_584.JPG,HLTY_584,1,HLTY_584_s80_0_sg0_5_ms20,D:\gemma4\segmentation_lattuce-desease\felzenszwalb_masks_output\train\HLTY\HLTY_584_s80_0_sg0_5_ms20_raw.png,D:\gemma4\segmentation_lattuce-desease\felzenszwalb_masks_output\train\HLTY\HLTY_584_s80_0_sg0_5_ms20_boundary.png,D:\gemma4\segmentation_lattuce-desease\felzenszwalb_masks_output\train\HLTY\HLTY_584_s80_0_sg0_5_ms20_colored.png,D:\gemma4\segmentation_lattuce-desease\felzenszwalb_masks_output\train\HLTY\HLTY_584_s80_0_sg0_5_ms20_info.txt
train,HLTY,healthy,D:\gemma4\segmentation_lattuce-desease\Roboflow_Dataset\train\HLTY\HLTY_585.JPG,HLTY_585,1,HLTY_585_s80_0_sg0_5_ms20,D:\gemma4\segmentation_lattuce-desease\felzenszwalb_masks_output\train\HLTY\HLTY_585_s80_0_sg0_5_ms20_raw.png,D:\gemma4\segmentation_lattuce-desease\felzenszwalb_masks_output\train\HLTY\HLTY_585_s80_0_sg0_5_ms20_boundary.png,D:\gemma4\segmentation_lattuce-desease\felzenszwalb_masks_output\train\HLTY\HLTY_585_s80_0_sg0_5_ms20_colored.png,D:\gemma4\segmentation_lattuce-desease\felzenszwalb_masks_output\train\HLTY\HLTY_585_s80_0_sg0_5_ms20_info.txt
train,HLTY,healthy,D:\gemma4\segmentation_lattuce-desease\Roboflow_Dataset\train\HLTY\HLTY_586.JPG,HLTY_586,1,HLTY_586_s80_0_sg0_5_ms20,D:\gemma4\segmentation_lattuce-desease\felzenszwalb_masks_output\train\HLTY\HLTY_586_s80_0_sg0_5_ms20_raw.png,D:\gemma4\segmentation_lattuce-desease\felzenszwalb_masks_output\train\HLTY\HLTY_586_s80_0_sg0_5_ms20_boundary.png,D:\gemma4\segmentation_lattuce-desease\felzenszwalb_masks_output\train\HLTY\HLTY_586_s80_0_sg0_5_ms20_colored.png,D:\gemma4\segmentation_lattuce-desease\felzenszwalb_masks_output\train\HLTY\HLTY_586_s80_0_sg0_5_ms20_info.txt
train,HLTY,healthy,D:\gemma4\segmentation_lattuce-desease\Roboflow_Dataset\train\HLTY\HLTY_588.JPG,HLTY_588,1,HLTY_588_s80_0_sg0_5_ms20,D:\gemma4\segmentation_lattuce-desease\felzenszwalb_masks_output\train\HLTY\HLTY_588_s80_0_sg0_5_ms20_raw.png,D:\gemma4\segmentation_lattuce-desease\felzenszwalb_masks_output\train\HLTY\HLTY_588_s80_0_sg0_5_ms20_boundary.png,D:\gemma4\segmentation_lattuce-desease\felzenszwalb_masks_output\train\HLTY\HLTY_588_s80_0_sg0_5_ms20_colored.png,D:\gemma4\segmentation_lattuce-desease\felzenszwalb_masks_output\train\HLTY\HLTY_588_s80_0_sg0_5_ms20_info.txt
train,HLTY,healthy,D:\gemma4\segmentation_lattuce-desease\Roboflow_Dataset\train\HLTY\HLTY_589.JPG,HLTY_589,1,HLTY_589_s80_0_sg0_5_ms20,D:\gemma4\segmentation_lattuce-desease\felzenszwalb_masks_output\train\HLTY\HLTY_589_s80_0_sg0_5_ms20_raw.png,D:\gemma4\segmentation_lattuce-desease\felzenszwalb_masks_output\train\HLTY\HLTY_589_s80_0_sg0_5_ms20_boundary.png,D:\gemma4\segmentation_lattuce-desease\felzenszwalb_masks_output\train\HLTY\HLTY_589_s80_0_sg0_5_ms20_colored.png,D:\gemma4\segmentation_lattuce-desease\felzenszwalb_masks_output\train\HLTY\HLTY_589_s80_0_sg0_5_ms20_info.txt
train,HLTY,healthy,D:\gemma4\segmentation_lattuce-desease\Roboflow_Dataset\train\HLTY\HLTY_590.JPG,HLTY_590,1,HLTY_590_s80_0_sg0_5_ms20,D:\gemma4\segmentation_lattuce-desease\felzenszwalb_masks_output\train\HLTY\HLTY_590_s80_0_sg0_5_ms20_raw.png,D:\gemma4\segmentation_lattuce-desease\felzenszwalb_masks_output\train\HLTY\HLTY_590_s80_0_sg0_5_ms20_boundary.png,D:\gemma4\segmentation_lattuce-desease\felzenszwalb_masks_output\train\HLTY\HLTY_590_s80_0_sg0_5_ms20_colored.png,D:\gemma4\segmentation_lattuce-desease\felzenszwalb_masks_output\train\HLTY\HLTY_590_s80_0_sg0_5_ms20_info.txt
train,HLTY,healthy,D:\gemma4\segmentation_lattuce-desease\Roboflow_Dataset\train\HLTY\HLTY_591.JPG,HLTY_591,1,HLTY_591_s80_0_sg0_5_ms20,D:\gemma4\segmentation_lattuce-desease\felzenszwalb_masks_output\train\HLTY\HLTY_591_s80_0_sg0_5_ms20_raw.png,D:\gemma4\segmentation_lattuce-desease\felzenszwalb_masks_output\train\HLTY\HLTY_591_s80_0_sg0_5_ms20_boundary.png,D:\gemma4\segmentation_lattuce-desease\felzenszwalb_masks_output\train\HLTY\HLTY_591_s80_0_sg0_5_ms20_colored.png,D:\gemma4\segmentation_lattuce-desease\felzenszwalb_masks_output\train\HLTY\HLTY_591_s80_0_sg0_5_ms20_info.txt
train,HLTY,healthy,D:\gemma4\segmentation_lattuce-desease\Roboflow_Dataset\train\HLTY\HLTY_592.JPG,HLTY_592,1,HLTY_592_s80_0_sg0_5_ms20,D:\gemma4\segmentation_lattuce-desease\felzenszwalb_masks_output\train\HLTY\HLTY_592_s80_0_sg0_5_ms20_raw.png,D:\gemma4\segmentation_lattuce-desease\felzenszwalb_masks_output\train\HLTY\HLTY_592_s80_0_sg0_5_ms20_boundary.png,D:\gemma4\segmentation_lattuce-desease\felzenszwalb_masks_output\train\HLTY\HLTY_592_s80_0_sg0_5_ms20_colored.png,D:\gemma4\segmentation_lattuce-desease\felzenszwalb_masks_output\train\HLTY\HLTY_592_s80_0_sg0_5_ms20_info.txt
train,HLTY,healthy,D:\gemma4\segmentation_lattuce-desease\Roboflow_Dataset\train\HLTY\HLTY_593.JPG,HLTY_593,1,HLTY_593_s80_0_sg0_5_ms20,D:\gemma4\segmentation_lattuce-desease\felzenszwalb_masks_output\train\HLTY\HLTY_593_s80_0_sg0_5_ms20_raw.png,D:\gemma4\segmentation_lattuce-desease\felzenszwalb_masks_output\train\HLTY\HLTY_593_s80_0_sg0_5_ms20_boundary.png,D:\gemma4\segmentation_lattuce-desease\felzenszwalb_masks_output\train\HLTY\HLTY_593_s80_0_sg0_5_ms20_colored.png,D:\gemma4\segmentation_lattuce-desease\felzenszwalb_masks_output\train\HLTY\HLTY_593_s80_0_sg0_5_ms20_info.txt
train,HLTY,healthy,D:\gemma4\segmentation_lattuce-desease\Roboflow_Dataset\train\HLTY\HLTY_594.JPG,HLTY_594,1,HLTY_594_s80_0_sg0_5_ms20,D:\gemma4\segmentation_lattuce-desease\felzenszwalb_masks_output\train\HLTY\HLTY_594_s80_0_sg0_5_ms20_raw.png,D:\gemma4\segmentation_lattuce-desease\felzenszwalb_masks_output\train\HLTY\HLTY_594_s80_0_sg0_5_ms20_boundary.png,D:\gemma4\segmentation_lattuce-desease\felzenszwalb_masks_output\train\HLTY\HLTY_594_s80_0_sg0_5_ms20_colored.png,D:\gemma4\segmentation_lattuce-desease\felzenszwalb_masks_output\train\HLTY\HLTY_594_s80_0_sg0_5_ms20_info.txt
train,HLTY,healthy,D:\gemma4\segmentation_lattuce-desease\Roboflow_Dataset\train\HLTY\HLTY_595.JPG,HLTY_595,1,HLTY_595_s80_0_sg0_5_ms20,D:\gemma4\segmentation_lattuce-desease\felzenszwalb_masks_output\train\HLTY\HLTY_595_s80_0_sg0_5_ms20_raw.png,D:\gemma4\segmentation_lattuce-desease\felzenszwalb_masks_output\train\HLTY\HLTY_595_s80_0_sg0_5_ms20_boundary.png,D:\gemma4\segmentation_lattuce-desease\felzenszwalb_masks_output\train\HLTY\HLTY_595_s80_0_sg0_5_ms20_colored.png,D:\gemma4\segmentation_lattuce-desease\felzenszwalb_masks_output\train\HLTY\HLTY_595_s80_0_sg0_5_ms20_info.txt
train,HLTY,healthy,D:\gemma4\segmentation_lattuce-desease\Roboflow_Dataset\train\HLTY\HLTY_597.JPG,HLTY_597,1,HLTY_597_s80_0_sg0_5_ms20,D:\gemma4\segmentation_lattuce-desease\felzenszwalb_masks_output\train\HLTY\HLTY_597_s80_0_sg0_5_ms20_raw.png,D:\gemma4\segmentation_lattuce-desease\felzenszwalb_masks_output\train\HLTY\HLTY_597_s80_0_sg0_5_ms20_boundary.png,D:\gemma4\segmentation_lattuce-desease\felzenszwalb_masks_output\train\HLTY\HLTY_597_s80_0_sg0_5_ms20_colored.png,D:\gemma4\segmentation_lattuce-desease\felzenszwalb_masks_output\train\HLTY\HLTY_597_s80_0_sg0_5_ms20_info.txt
train,HLTY,healthy,D:\gemma4\segmentation_lattuce-desease\Roboflow_Dataset\train\HLTY\HLTY_598.JPG,HLTY_598,1,HLTY_598_s80_0_sg0_5_ms20,D:\gemma4\segmentation_lattuce-desease\felzenszwalb_masks_output\train\HLTY\HLTY_598_s80_0_sg0_5_ms20_raw.png,D:\gemma4\segmentation_lattuce-desease\felzenszwalb_masks_output\train\HLTY\HLTY_598_s80_0_sg0_5_ms20_boundary.png,D:\gemma4\segmentation_lattuce-desease\felzenszwalb_masks_output\train\HLTY\HLTY_598_s80_0_sg0_5_ms20_colored.png,D:\gemma4\segmentation_lattuce-desease\felzenszwalb_masks_output\train\HLTY\HLTY_598_s80_0_sg0_5_ms20_info.txt
train,HLTY,healthy,D:\gemma4\segmentation_lattuce-desease\Roboflow_Dataset\train\HLTY\HLTY_599.JPG,HLTY_599,1,HLTY_599_s80_0_sg0_5_ms20,D:\gemma4\segmentation_lattuce-desease\felzenszwalb_masks_output\train\HLTY\HLTY_599_s80_0_sg0_5_ms20_raw.png,D:\gemma4\segmentation_lattuce-desease\felzenszwalb_masks_output\train\HLTY\HLTY_599_s80_0_sg0_5_ms20_boundary.png,D:\gemma4\segmentation_lattuce-desease\felzenszwalb_masks_output\train\HLTY\HLTY_599_s80_0_sg0_5_ms20_colored.png,D:\gemma4\segmentation_lattuce-desease\felzenszwalb_masks_output\train\HLTY\HLTY_599_s80_0_sg0_5_ms20_info.txt
train,HLTY,healthy,D:\gemma4\segmentation_lattuce-desease\Roboflow_Dataset\train\HLTY\HLTY_6.JPG,HLTY_6,1,HLTY_6_s80_0_sg0_5_ms20,D:\gemma4\segmentation_lattuce-desease\felzenszwalb_masks_output\train\HLTY\HLTY_6_s80_0_sg0_5_ms20_raw.png,D:\gemma4\segmentation_lattuce-desease\felzenszwalb_masks_output\train\HLTY\HLTY_6_s80_0_sg0_5_ms20_boundary.png,D:\gemma4\segmentation_lattuce-desease\felzenszwalb_masks_output\train\HLTY\HLTY_6_s80_0_sg0_5_ms20_colored.png,D:\gemma4\segmentation_lattuce-desease\felzenszwalb_masks_output\train\HLTY\HLTY_6_s80_0_sg0_5_ms20_info.txt
train,HLTY,healthy,D:\gemma4\segmentation_lattuce-desease\Roboflow_Dataset\train\HLTY\HLTY_60.JPG,HLTY_60,1,HLTY_60_s80_0_sg0_5_ms20,D:\gemma4\segmentation_lattuce-desease\felzenszwalb_masks_output\train\HLTY\HLTY_60_s80_0_sg0_5_ms20_raw.png,D:\gemma4\segmentation_lattuce-desease\felzenszwalb_masks_output\train\HLTY\HLTY_60_s80_0_sg0_5_ms20_boundary.png,D:\gemma4\segmentation_lattuce-desease\felzenszwalb_masks_output\train\HLTY\HLTY_60_s80_0_sg0_5_ms20_colored.png,D:\gemma4\segmentation_lattuce-desease\felzenszwalb_masks_output\train\HLTY\HLTY_60_s80_0_sg0_5_ms20_info.txt
train,HLTY,healthy,D:\gemma4\segmentation_lattuce-desease\Roboflow_Dataset\train\HLTY\HLTY_600.JPG,HLTY_600,1,HLTY_600_s80_0_sg0_5_ms20,D:\gemma4\segmentation_lattuce-desease\felzenszwalb_masks_output\train\HLTY\HLTY_600_s80_0_sg0_5_ms20_raw.png,D:\gemma4\segmentation_lattuce-desease\felzenszwalb_masks_output\train\HLTY\HLTY_600_s80_0_sg0_5_ms20_boundary.png,D:\gemma4\segmentation_lattuce-desease\felzenszwalb_masks_output\train\HLTY\HLTY_600_s80_0_sg0_5_ms20_colored.png,D:\gemma4\segmentation_lattuce-desease\felzenszwalb_masks_output\train\HLTY\HLTY_600_s80_0_sg0_5_ms20_info.txt
train,HLTY,healthy,D:\gemma4\segmentation_lattuce-desease\Roboflow_Dataset\train\HLTY\HLTY_602.JPG,HLTY_602,1,HLTY_602_s80_0_sg0_5_ms20,D:\gemma4\segmentation_lattuce-desease\felzenszwalb_masks_output\train\HLTY\HLTY_602_s80_0_sg0_5_ms20_raw.png,D:\gemma4\segmentation_lattuce-desease\felzenszwalb_masks_output\train\HLTY\HLTY_602_s80_0_sg0_5_ms20_boundary.png,D:\gemma4\segmentation_lattuce-desease\felzenszwalb_masks_output\train\HLTY\HLTY_602_s80_0_sg0_5_ms20_colored.png,D:\gemma4\segmentation_lattuce-desease\felzenszwalb_masks_output\train\HLTY\HLTY_602_s80_0_sg0_5_ms20_info.txt
train,HLTY,healthy,D:\gemma4\segmentation_lattuce-desease\Roboflow_Dataset\train\HLTY\HLTY_603.JPG,HLTY_603,1,HLTY_603_s80_0_sg0_5_ms20,D:\gemma4\segmentation_lattuce-desease\felzenszwalb_masks_output\train\HLTY\HLTY_603_s80_0_sg0_5_ms20_raw.png,D:\gemma4\segmentation_lattuce-desease\felzenszwalb_masks_output\train\HLTY\HLTY_603_s80_0_sg0_5_ms20_boundary.png,D:\gemma4\segmentation_lattuce-desease\felzenszwalb_masks_output\train\HLTY\HLTY_603_s80_0_sg0_5_ms20_colored.png,D:\gemma4\segmentation_lattuce-desease\felzenszwalb_masks_output\train\HLTY\HLTY_603_s80_0_sg0_5_ms20_info.txt
train,HLTY,healthy,D:\gemma4\segmentation_lattuce-desease\Roboflow_Dataset\train\HLTY\HLTY_604.JPG,HLTY_604,1,HLTY_604_s80_0_sg0_5_ms20,D:\gemma4\segmentation_lattuce-desease\felzenszwalb_masks_output\train\HLTY\HLTY_604_s80_0_sg0_5_ms20_raw.png,D:\gemma4\segmentation_lattuce-desease\felzenszwalb_masks_output\train\HLTY\HLTY_604_s80_0_sg0_5_ms20_boundary.png,D:\gemma4\segmentation_lattuce-desease\felzenszwalb_masks_output\train\HLTY\HLTY_604_s80_0_sg0_5_ms20_colored.png,D:\gemma4\segmentation_lattuce-desease\felzenszwalb_masks_output\train\HLTY\HLTY_604_s80_0_sg0_5_ms20_info.txt
train,HLTY,healthy,D:\gemma4\segmentation_lattuce-desease\Roboflow_Dataset\train\HLTY\HLTY_605.JPG,HLTY_605,1,HLTY_605_s80_0_sg0_5_ms20,D:\gemma4\segmentation_lattuce-desease\felzenszwalb_masks_output\train\HLTY\HLTY_605_s80_0_sg0_5_ms20_raw.png,D:\gemma4\segmentation_lattuce-desease\felzenszwalb_masks_output\train\HLTY\HLTY_605_s80_0_sg0_5_ms20_boundary.png,D:\gemma4\segmentation_lattuce-desease\felzenszwalb_masks_output\train\HLTY\HLTY_605_s80_0_sg0_5_ms20_colored.png,D:\gemma4\segmentation_lattuce-desease\felzenszwalb_masks_output\train\HLTY\HLTY_605_s80_0_sg0_5_ms20_info.txt
train,HLTY,healthy,D:\gemma4\segmentation_lattuce-desease\Roboflow_Dataset\train\HLTY\HLTY_606.JPG,HLTY_606,1,HLTY_606_s80_0_sg0_5_ms20,D:\gemma4\segmentation_lattuce-desease\felzenszwalb_masks_output\train\HLTY\HLTY_606_s80_0_sg0_5_ms20_raw.png,D:\gemma4\segmentation_lattuce-desease\felzenszwalb_masks_output\train\HLTY\HLTY_606_s80_0_sg0_5_ms20_boundary.png,D:\gemma4\segmentation_lattuce-desease\felzenszwalb_masks_output\train\HLTY\HLTY_606_s80_0_sg0_5_ms20_colored.png,D:\gemma4\segmentation_lattuce-desease\felzenszwalb_masks_output\train\HLTY\HLTY_606_s80_0_sg0_5_ms20_info.txt
train,HLTY,healthy,D:\gemma4\segmentation_lattuce-desease\Roboflow_Dataset\train\HLTY\HLTY_607.JPG,HLTY_607,1,HLTY_607_s80_0_sg0_5_ms20,D:\gemma4\segmentation_lattuce-desease\felzenszwalb_masks_output\train\HLTY\HLTY_607_s80_0_sg0_5_ms20_raw.png,D:\gemma4\segmentation_lattuce-desease\felzenszwalb_masks_output\train\HLTY\HLTY_607_s80_0_sg0_5_ms20_boundary.png,D:\gemma4\segmentation_lattuce-desease\felzenszwalb_masks_output\train\HLTY\HLTY_607_s80_0_sg0_5_ms20_colored.png,D:\gemma4\segmentation_lattuce-desease\felzenszwalb_masks_output\train\HLTY\HLTY_607_s80_0_sg0_5_ms20_info.txt
train,HLTY,healthy,D:\gemma4\segmentation_lattuce-desease\Roboflow_Dataset\train\HLTY\HLTY_608.JPG,HLTY_608,1,HLTY_608_s80_0_sg0_5_ms20,D:\gemma4\segmentation_lattuce-desease\felzenszwalb_masks_output\train\HLTY\HLTY_608_s80_0_sg0_5_ms20_raw.png,D:\gemma4\segmentation_lattuce-desease\felzenszwalb_masks_output\train\HLTY\HLTY_608_s80_0_sg0_5_ms20_boundary.png,D:\gemma4\segmentation_lattuce-desease\felzenszwalb_masks_output\train\HLTY\HLTY_608_s80_0_sg0_5_ms20_colored.png,D:\gemma4\segmentation_lattuce-desease\felzenszwalb_masks_output\train\HLTY\HLTY_608_s80_0_sg0_5_ms20_info.txt
train,HLTY,healthy,D:\gemma4\segmentation_lattuce-desease\Roboflow_Dataset\train\HLTY\HLTY_609.JPG,HLTY_609,1,HLTY_609_s80_0_sg0_5_ms20,D:\gemma4\segmentation_lattuce-desease\felzenszwalb_masks_output\train\HLTY\HLTY_609_s80_0_sg0_5_ms20_raw.png,D:\gemma4\segmentation_lattuce-desease\felzenszwalb_masks_output\train\HLTY\HLTY_609_s80_0_sg0_5_ms20_boundary.png,D:\gemma4\segmentation_lattuce-desease\felzenszwalb_masks_output\train\HLTY\HLTY_609_s80_0_sg0_5_ms20_colored.png,D:\gemma4\segmentation_lattuce-desease\felzenszwalb_masks_output\train\HLTY\HLTY_609_s80_0_sg0_5_ms20_info.txt
train,HLTY,healthy,D:\gemma4\segmentation_lattuce-desease\Roboflow_Dataset\train\HLTY\HLTY_61.JPG,HLTY_61,1,HLTY_61_s80_0_sg0_5_ms20,D:\gemma4\segmentation_lattuce-desease\felzenszwalb_masks_output\train\HLTY\HLTY_61_s80_0_sg0_5_ms20_raw.png,D:\gemma4\segmentation_lattuce-desease\felzenszwalb_masks_output\train\HLTY\HLTY_61_s80_0_sg0_5_ms20_boundary.png,D:\gemma4\segmentation_lattuce-desease\felzenszwalb_masks_output\train\HLTY\HLTY_61_s80_0_sg0_5_ms20_colored.png,D:\gemma4\segmentation_lattuce-desease\felzenszwalb_masks_output\train\HLTY\HLTY_61_s80_0_sg0_5_ms20_info.txt
train,HLTY,healthy,D:\gemma4\segmentation_lattuce-desease\Roboflow_Dataset\train\HLTY\HLTY_611.JPG,HLTY_611,1,HLTY_611_s80_0_sg0_5_ms20,D:\gemma4\segmentation_lattuce-desease\felzenszwalb_masks_output\train\HLTY\HLTY_611_s80_0_sg0_5_ms20_raw.png,D:\gemma4\segmentation_lattuce-desease\felzenszwalb_masks_output\train\HLTY\HLTY_611_s80_0_sg0_5_ms20_boundary.png,D:\gemma4\segmentation_lattuce-desease\felzenszwalb_masks_output\train\HLTY\HLTY_611_s80_0_sg0_5_ms20_colored.png,D:\gemma4\segmentation_lattuce-desease\felzenszwalb_masks_output\train\HLTY\HLTY_611_s80_0_sg0_5_ms20_info.txt
train,HLTY,healthy,D:\gemma4\segmentation_lattuce-desease\Roboflow_Dataset\train\HLTY\HLTY_612.JPG,HLTY_612,1,HLTY_612_s80_0_sg0_5_ms20,D:\gemma4\segmentation_lattuce-desease\felzenszwalb_masks_output\train\HLTY\HLTY_612_s80_0_sg0_5_ms20_raw.png,D:\gemma4\segmentation_lattuce-desease\felzenszwalb_masks_output\train\HLTY\HLTY_612_s80_0_sg0_5_ms20_boundary.png,D:\gemma4\segmentation_lattuce-desease\felzenszwalb_masks_output\train\HLTY\HLTY_612_s80_0_sg0_5_ms20_colored.png,D:\gemma4\segmentation_lattuce-desease\felzenszwalb_masks_output\train\HLTY\HLTY_612_s80_0_sg0_5_ms20_info.txt
train,HLTY,healthy,D:\gemma4\segmentation_lattuce-desease\Roboflow_Dataset\train\HLTY\HLTY_614.JPG,HLTY_614,1,HLTY_614_s80_0_sg0_5_ms20,D:\gemma4\segmentation_lattuce-desease\felzenszwalb_masks_output\train\HLTY\HLTY_614_s80_0_sg0_5_ms20_raw.png,D:\gemma4\segmentation_lattuce-desease\felzenszwalb_masks_output\train\HLTY\HLTY_614_s80_0_sg0_5_ms20_boundary.png,D:\gemma4\segmentation_lattuce-desease\felzenszwalb_masks_output\train\HLTY\HLTY_614_s80_0_sg0_5_ms20_colored.png,D:\gemma4\segmentation_lattuce-desease\felzenszwalb_masks_output\train\HLTY\HLTY_614_s80_0_sg0_5_ms20_info.txt
train,HLTY,healthy,D:\gemma4\segmentation_lattuce-desease\Roboflow_Dataset\train\HLTY\HLTY_615.JPG,HLTY_615,1,HLTY_615_s80_0_sg0_5_ms20,D:\gemma4\segmentation_lattuce-desease\felzenszwalb_masks_output\train\HLTY\HLTY_615_s80_0_sg0_5_ms20_raw.png,D:\gemma4\segmentation_lattuce-desease\felzenszwalb_masks_output\train\HLTY\HLTY_615_s80_0_sg0_5_ms20_boundary.png,D:\gemma4\segmentation_lattuce-desease\felzenszwalb_masks_output\train\HLTY\HLTY_615_s80_0_sg0_5_ms20_colored.png,D:\gemma4\segmentation_lattuce-desease\felzenszwalb_masks_output\train\HLTY\HLTY_615_s80_0_sg0_5_ms20_info.txt
train,HLTY,healthy,D:\gemma4\segmentation_lattuce-desease\Roboflow_Dataset\train\HLTY\HLTY_616.JPG,HLTY_616,1,HLTY_616_s80_0_sg0_5_ms20,D:\gemma4\segmentation_lattuce-desease\felzenszwalb_masks_output\train\HLTY\HLTY_616_s80_0_sg0_5_ms20_raw.png,D:\gemma4\segmentation_lattuce-desease\felzenszwalb_masks_output\train\HLTY\HLTY_616_s80_0_sg0_5_ms20_boundary.png,D:\gemma4\segmentation_lattuce-desease\felzenszwalb_masks_output\train\HLTY\HLTY_616_s80_0_sg0_5_ms20_colored.png,D:\gemma4\segmentation_lattuce-desease\felzenszwalb_masks_output\train\HLTY\HLTY_616_s80_0_sg0_5_ms20_info.txt
train,HLTY,healthy,D:\gemma4\segmentation_lattuce-desease\Roboflow_Dataset\train\HLTY\HLTY_617.JPG,HLTY_617,1,HLTY_617_s80_0_sg0_5_ms20,D:\gemma4\segmentation_lattuce-desease\felzenszwalb_masks_output\train\HLTY\HLTY_617_s80_0_sg0_5_ms20_raw.png,D:\gemma4\segmentation_lattuce-desease\felzenszwalb_masks_output\train\HLTY\HLTY_617_s80_0_sg0_5_ms20_boundary.png,D:\gemma4\segmentation_lattuce-desease\felzenszwalb_masks_output\train\HLTY\HLTY_617_s80_0_sg0_5_ms20_colored.png,D:\gemma4\segmentation_lattuce-desease\felzenszwalb_masks_output\train\HLTY\HLTY_617_s80_0_sg0_5_ms20_info.txt
train,HLTY,healthy,D:\gemma4\segmentation_lattuce-desease\Roboflow_Dataset\train\HLTY\HLTY_619.JPG,HLTY_619,1,HLTY_619_s80_0_sg0_5_ms20,D:\gemma4\segmentation_lattuce-desease\felzenszwalb_masks_output\train\HLTY\HLTY_619_s80_0_sg0_5_ms20_raw.png,D:\gemma4\segmentation_lattuce-desease\felzenszwalb_masks_output\train\HLTY\HLTY_619_s80_0_sg0_5_ms20_boundary.png,D:\gemma4\segmentation_lattuce-desease\felzenszwalb_masks_output\train\HLTY\HLTY_619_s80_0_sg0_5_ms20_colored.png,D:\gemma4\segmentation_lattuce-desease\felzenszwalb_masks_output\train\HLTY\HLTY_619_s80_0_sg0_5_ms20_info.txt
train,HLTY,healthy,D:\gemma4\segmentation_lattuce-desease\Roboflow_Dataset\train\HLTY\HLTY_62.JPG,HLTY_62,1,HLTY_62_s80_0_sg0_5_ms20,D:\gemma4\segmentation_lattuce-desease\felzenszwalb_masks_output\train\HLTY\HLTY_62_s80_0_sg0_5_ms20_raw.png,D:\gemma4\segmentation_lattuce-desease\felzenszwalb_masks_output\train\HLTY\HLTY_62_s80_0_sg0_5_ms20_boundary.png,D:\gemma4\segmentation_lattuce-desease\felzenszwalb_masks_output\train\HLTY\HLTY_62_s80_0_sg0_5_ms20_colored.png,D:\gemma4\segmentation_lattuce-desease\felzenszwalb_masks_output\train\HLTY\HLTY_62_s80_0_sg0_5_ms20_info.txt
train,HLTY,healthy,D:\gemma4\segmentation_lattuce-desease\Roboflow_Dataset\train\HLTY\HLTY_620.JPG,HLTY_620,1,HLTY_620_s80_0_sg0_5_ms20,D:\gemma4\segmentation_lattuce-desease\felzenszwalb_masks_output\train\HLTY\HLTY_620_s80_0_sg0_5_ms20_raw.png,D:\gemma4\segmentation_lattuce-desease\felzenszwalb_masks_output\train\HLTY\HLTY_620_s80_0_sg0_5_ms20_boundary.png,D:\gemma4\segmentation_lattuce-desease\felzenszwalb_masks_output\train\HLTY\HLTY_620_s80_0_sg0_5_ms20_colored.png,D:\gemma4\segmentation_lattuce-desease\felzenszwalb_masks_output\train\HLTY\HLTY_620_s80_0_sg0_5_ms20_info.txt
train,HLTY,healthy,D:\gemma4\segmentation_lattuce-desease\Roboflow_Dataset\train\HLTY\HLTY_621.JPG,HLTY_621,1,HLTY_621_s80_0_sg0_5_ms20,D:\gemma4\segmentation_lattuce-desease\felzenszwalb_masks_output\train\HLTY\HLTY_621_s80_0_sg0_5_ms20_raw.png,D:\gemma4\segmentation_lattuce-desease\felzenszwalb_masks_output\train\HLTY\HLTY_621_s80_0_sg0_5_ms20_boundary.png,D:\gemma4\segmentation_lattuce-desease\felzenszwalb_masks_output\train\HLTY\HLTY_621_s80_0_sg0_5_ms20_colored.png,D:\gemma4\segmentation_lattuce-desease\felzenszwalb_masks_output\train\HLTY\HLTY_621_s80_0_sg0_5_ms20_info.txt
train,HLTY,healthy,D:\gemma4\segmentation_lattuce-desease\Roboflow_Dataset\train\HLTY\HLTY_622.JPG,HLTY_622,1,HLTY_622_s80_0_sg0_5_ms20,D:\gemma4\segmentation_lattuce-desease\felzenszwalb_masks_output\train\HLTY\HLTY_622_s80_0_sg0_5_ms20_raw.png,D:\gemma4\segmentation_lattuce-desease\felzenszwalb_masks_output\train\HLTY\HLTY_622_s80_0_sg0_5_ms20_boundary.png,D:\gemma4\segmentation_lattuce-desease\felzenszwalb_masks_output\train\HLTY\HLTY_622_s80_0_sg0_5_ms20_colored.png,D:\gemma4\segmentation_lattuce-desease\felzenszwalb_masks_output\train\HLTY\HLTY_622_s80_0_sg0_5_ms20_info.txt
train,HLTY,healthy,D:\gemma4\segmentation_lattuce-desease\Roboflow_Dataset\train\HLTY\HLTY_623.JPG,HLTY_623,1,HLTY_623_s80_0_sg0_5_ms20,D:\gemma4\segmentation_lattuce-desease\felzenszwalb_masks_output\train\HLTY\HLTY_623_s80_0_sg0_5_ms20_raw.png,D:\gemma4\segmentation_lattuce-desease\felzenszwalb_masks_output\train\HLTY\HLTY_623_s80_0_sg0_5_ms20_boundary.png,D:\gemma4\segmentation_lattuce-desease\felzenszwalb_masks_output\train\HLTY\HLTY_623_s80_0_sg0_5_ms20_colored.png,D:\gemma4\segmentation_lattuce-desease\felzenszwalb_masks_output\train\HLTY\HLTY_623_s80_0_sg0_5_ms20_info.txt
train,HLTY,healthy,D:\gemma4\segmentation_lattuce-desease\Roboflow_Dataset\train\HLTY\HLTY_624.JPG,HLTY_624,1,HLTY_624_s80_0_sg0_5_ms20,D:\gemma4\segmentation_lattuce-desease\felzenszwalb_masks_output\train\HLTY\HLTY_624_s80_0_sg0_5_ms20_raw.png,D:\gemma4\segmentation_lattuce-desease\felzenszwalb_masks_output\train\HLTY\HLTY_624_s80_0_sg0_5_ms20_boundary.png,D:\gemma4\segmentation_lattuce-desease\felzenszwalb_masks_output\train\HLTY\HLTY_624_s80_0_sg0_5_ms20_colored.png,D:\gemma4\segmentation_lattuce-desease\felzenszwalb_masks_output\train\HLTY\HLTY_624_s80_0_sg0_5_ms20_info.txt
train,HLTY,healthy,D:\gemma4\segmentation_lattuce-desease\Roboflow_Dataset\train\HLTY\HLTY_625.JPG,HLTY_625,1,HLTY_625_s80_0_sg0_5_ms20,D:\gemma4\segmentation_lattuce-desease\felzenszwalb_masks_output\train\HLTY\HLTY_625_s80_0_sg0_5_ms20_raw.png,D:\gemma4\segmentation_lattuce-desease\felzenszwalb_masks_output\train\HLTY\HLTY_625_s80_0_sg0_5_ms20_boundary.png,D:\gemma4\segmentation_lattuce-desease\felzenszwalb_masks_output\train\HLTY\HLTY_625_s80_0_sg0_5_ms20_colored.png,D:\gemma4\segmentation_lattuce-desease\felzenszwalb_masks_output\train\HLTY\HLTY_625_s80_0_sg0_5_ms20_info.txt
train,HLTY,healthy,D:\gemma4\segmentation_lattuce-desease\Roboflow_Dataset\train\HLTY\HLTY_626.JPG,HLTY_626,1,HLTY_626_s80_0_sg0_5_ms20,D:\gemma4\segmentation_lattuce-desease\felzenszwalb_masks_output\train\HLTY\HLTY_626_s80_0_sg0_5_ms20_raw.png,D:\gemma4\segmentation_lattuce-desease\felzenszwalb_masks_output\train\HLTY\HLTY_626_s80_0_sg0_5_ms20_boundary.png,D:\gemma4\segmentation_lattuce-desease\felzenszwalb_masks_output\train\HLTY\HLTY_626_s80_0_sg0_5_ms20_colored.png,D:\gemma4\segmentation_lattuce-desease\felzenszwalb_masks_output\train\HLTY\HLTY_626_s80_0_sg0_5_ms20_info.txt
train,HLTY,healthy,D:\gemma4\segmentation_lattuce-desease\Roboflow_Dataset\train\HLTY\HLTY_627.JPG,HLTY_627,1,HLTY_627_s80_0_sg0_5_ms20,D:\gemma4\segmentation_lattuce-desease\felzenszwalb_masks_output\train\HLTY\HLTY_627_s80_0_sg0_5_ms20_raw.png,D:\gemma4\segmentation_lattuce-desease\felzenszwalb_masks_output\train\HLTY\HLTY_627_s80_0_sg0_5_ms20_boundary.png,D:\gemma4\segmentation_lattuce-desease\felzenszwalb_masks_output\train\HLTY\HLTY_627_s80_0_sg0_5_ms20_colored.png,D:\gemma4\segmentation_lattuce-desease\felzenszwalb_masks_output\train\HLTY\HLTY_627_s80_0_sg0_5_ms20_info.txt
train,HLTY,healthy,D:\gemma4\segmentation_lattuce-desease\Roboflow_Dataset\train\HLTY\HLTY_630.JPG,HLTY_630,1,HLTY_630_s80_0_sg0_5_ms20,D:\gemma4\segmentation_lattuce-desease\felzenszwalb_masks_output\train\HLTY\HLTY_630_s80_0_sg0_5_ms20_raw.png,D:\gemma4\segmentation_lattuce-desease\felzenszwalb_masks_output\train\HLTY\HLTY_630_s80_0_sg0_5_ms20_boundary.png,D:\gemma4\segmentation_lattuce-desease\felzenszwalb_masks_output\train\HLTY\HLTY_630_s80_0_sg0_5_ms20_colored.png,D:\gemma4\segmentation_lattuce-desease\felzenszwalb_masks_output\train\HLTY\HLTY_630_s80_0_sg0_5_ms20_info.txt
train,HLTY,healthy,D:\gemma4\segmentation_lattuce-desease\Roboflow_Dataset\train\HLTY\HLTY_631.JPG,HLTY_631,1,HLTY_631_s80_0_sg0_5_ms20,D:\gemma4\segmentation_lattuce-desease\felzenszwalb_masks_output\train\HLTY\HLTY_631_s80_0_sg0_5_ms20_raw.png,D:\gemma4\segmentation_lattuce-desease\felzenszwalb_masks_output\train\HLTY\HLTY_631_s80_0_sg0_5_ms20_boundary.png,D:\gemma4\segmentation_lattuce-desease\felzenszwalb_masks_output\train\HLTY\HLTY_631_s80_0_sg0_5_ms20_colored.png,D:\gemma4\segmentation_lattuce-desease\felzenszwalb_masks_output\train\HLTY\HLTY_631_s80_0_sg0_5_ms20_info.txt
train,HLTY,healthy,D:\gemma4\segmentation_lattuce-desease\Roboflow_Dataset\train\HLTY\HLTY_632.JPG,HLTY_632,1,HLTY_632_s80_0_sg0_5_ms20,D:\gemma4\segmentation_lattuce-desease\felzenszwalb_masks_output\train\HLTY\HLTY_632_s80_0_sg0_5_ms20_raw.png,D:\gemma4\segmentation_lattuce-desease\felzenszwalb_masks_output\train\HLTY\HLTY_632_s80_0_sg0_5_ms20_boundary.png,D:\gemma4\segmentation_lattuce-desease\felzenszwalb_masks_output\train\HLTY\HLTY_632_s80_0_sg0_5_ms20_colored.png,D:\gemma4\segmentation_lattuce-desease\felzenszwalb_masks_output\train\HLTY\HLTY_632_s80_0_sg0_5_ms20_info.txt
train,HLTY,healthy,D:\gemma4\segmentation_lattuce-desease\Roboflow_Dataset\train\HLTY\HLTY_634.JPG,HLTY_634,1,HLTY_634_s80_0_sg0_5_ms20,D:\gemma4\segmentation_lattuce-desease\felzenszwalb_masks_output\train\HLTY\HLTY_634_s80_0_sg0_5_ms20_raw.png,D:\gemma4\segmentation_lattuce-desease\felzenszwalb_masks_output\train\HLTY\HLTY_634_s80_0_sg0_5_ms20_boundary.png,D:\gemma4\segmentation_lattuce-desease\felzenszwalb_masks_output\train\HLTY\HLTY_634_s80_0_sg0_5_ms20_colored.png,D:\gemma4\segmentation_lattuce-desease\felzenszwalb_masks_output\train\HLTY\HLTY_634_s80_0_sg0_5_ms20_info.txt
train,HLTY,healthy,D:\gemma4\segmentation_lattuce-desease\Roboflow_Dataset\train\HLTY\HLTY_635.JPG,HLTY_635,1,HLTY_635_s80_0_sg0_5_ms20,D:\gemma4\segmentation_lattuce-desease\felzenszwalb_masks_output\train\HLTY\HLTY_635_s80_0_sg0_5_ms20_raw.png,D:\gemma4\segmentation_lattuce-desease\felzenszwalb_masks_output\train\HLTY\HLTY_635_s80_0_sg0_5_ms20_boundary.png,D:\gemma4\segmentation_lattuce-desease\felzenszwalb_masks_output\train\HLTY\HLTY_635_s80_0_sg0_5_ms20_colored.png,D:\gemma4\segmentation_lattuce-desease\felzenszwalb_masks_output\train\HLTY\HLTY_635_s80_0_sg0_5_ms20_info.txt
train,HLTY,healthy,D:\gemma4\segmentation_lattuce-desease\Roboflow_Dataset\train\HLTY\HLTY_636.JPG,HLTY_636,1,HLTY_636_s80_0_sg0_5_ms20,D:\gemma4\segmentation_lattuce-desease\felzenszwalb_masks_output\train\HLTY\HLTY_636_s80_0_sg0_5_ms20_raw.png,D:\gemma4\segmentation_lattuce-desease\felzenszwalb_masks_output\train\HLTY\HLTY_636_s80_0_sg0_5_ms20_boundary.png,D:\gemma4\segmentation_lattuce-desease\felzenszwalb_masks_output\train\HLTY\HLTY_636_s80_0_sg0_5_ms20_colored.png,D:\gemma4\segmentation_lattuce-desease\felzenszwalb_masks_output\train\HLTY\HLTY_636_s80_0_sg0_5_ms20_info.txt
train,HLTY,healthy,D:\gemma4\segmentation_lattuce-desease\Roboflow_Dataset\train\HLTY\HLTY_637.JPG,HLTY_637,1,HLTY_637_s80_0_sg0_5_ms20,D:\gemma4\segmentation_lattuce-desease\felzenszwalb_masks_output\train\HLTY\HLTY_637_s80_0_sg0_5_ms20_raw.png,D:\gemma4\segmentation_lattuce-desease\felzenszwalb_masks_output\train\HLTY\HLTY_637_s80_0_sg0_5_ms20_boundary.png,D:\gemma4\segmentation_lattuce-desease\felzenszwalb_masks_output\train\HLTY\HLTY_637_s80_0_sg0_5_ms20_colored.png,D:\gemma4\segmentation_lattuce-desease\felzenszwalb_masks_output\train\HLTY\HLTY_637_s80_0_sg0_5_ms20_info.txt
train,HLTY,healthy,D:\gemma4\segmentation_lattuce-desease\Roboflow_Dataset\train\HLTY\HLTY_639.JPG,HLTY_639,1,HLTY_639_s80_0_sg0_5_ms20,D:\gemma4\segmentation_lattuce-desease\felzenszwalb_masks_output\train\HLTY\HLTY_639_s80_0_sg0_5_ms20_raw.png,D:\gemma4\segmentation_lattuce-desease\felzenszwalb_masks_output\train\HLTY\HLTY_639_s80_0_sg0_5_ms20_boundary.png,D:\gemma4\segmentation_lattuce-desease\felzenszwalb_masks_output\train\HLTY\HLTY_639_s80_0_sg0_5_ms20_colored.png,D:\gemma4\segmentation_lattuce-desease\felzenszwalb_masks_output\train\HLTY\HLTY_639_s80_0_sg0_5_ms20_info.txt
train,HLTY,healthy,D:\gemma4\segmentation_lattuce-desease\Roboflow_Dataset\train\HLTY\HLTY_640.JPG,HLTY_640,1,HLTY_640_s80_0_sg0_5_ms20,D:\gemma4\segmentation_lattuce-desease\felzenszwalb_masks_output\train\HLTY\HLTY_640_s80_0_sg0_5_ms20_raw.png,D:\gemma4\segmentation_lattuce-desease\felzenszwalb_masks_output\train\HLTY\HLTY_640_s80_0_sg0_5_ms20_boundary.png,D:\gemma4\segmentation_lattuce-desease\felzenszwalb_masks_output\train\HLTY\HLTY_640_s80_0_sg0_5_ms20_colored.png,D:\gemma4\segmentation_lattuce-desease\felzenszwalb_masks_output\train\HLTY\HLTY_640_s80_0_sg0_5_ms20_info.txt
train,HLTY,healthy,D:\gemma4\segmentation_lattuce-desease\Roboflow_Dataset\train\HLTY\HLTY_642.JPG,HLTY_642,1,HLTY_642_s80_0_sg0_5_ms20,D:\gemma4\segmentation_lattuce-desease\felzenszwalb_masks_output\train\HLTY\HLTY_642_s80_0_sg0_5_ms20_raw.png,D:\gemma4\segmentation_lattuce-desease\felzenszwalb_masks_output\train\HLTY\HLTY_642_s80_0_sg0_5_ms20_boundary.png,D:\gemma4\segmentation_lattuce-desease\felzenszwalb_masks_output\train\HLTY\HLTY_642_s80_0_sg0_5_ms20_colored.png,D:\gemma4\segmentation_lattuce-desease\felzenszwalb_masks_output\train\HLTY\HLTY_642_s80_0_sg0_5_ms20_info.txt
train,HLTY,healthy,D:\gemma4\segmentation_lattuce-desease\Roboflow_Dataset\train\HLTY\HLTY_643.JPG,HLTY_643,1,HLTY_643_s80_0_sg0_5_ms20,D:\gemma4\segmentation_lattuce-desease\felzenszwalb_masks_output\train\HLTY\HLTY_643_s80_0_sg0_5_ms20_raw.png,D:\gemma4\segmentation_lattuce-desease\felzenszwalb_masks_output\train\HLTY\HLTY_643_s80_0_sg0_5_ms20_boundary.png,D:\gemma4\segmentation_lattuce-desease\felzenszwalb_masks_output\train\HLTY\HLTY_643_s80_0_sg0_5_ms20_colored.png,D:\gemma4\segmentation_lattuce-desease\felzenszwalb_masks_output\train\HLTY\HLTY_643_s80_0_sg0_5_ms20_info.txt
train,HLTY,healthy,D:\gemma4\segmentation_lattuce-desease\Roboflow_Dataset\train\HLTY\HLTY_644.JPG,HLTY_644,1,HLTY_644_s80_0_sg0_5_ms20,D:\gemma4\segmentation_lattuce-desease\felzenszwalb_masks_output\train\HLTY\HLTY_644_s80_0_sg0_5_ms20_raw.png,D:\gemma4\segmentation_lattuce-desease\felzenszwalb_masks_output\train\HLTY\HLTY_644_s80_0_sg0_5_ms20_boundary.png,D:\gemma4\segmentation_lattuce-desease\felzenszwalb_masks_output\train\HLTY\HLTY_644_s80_0_sg0_5_ms20_colored.png,D:\gemma4\segmentation_lattuce-desease\felzenszwalb_masks_output\train\HLTY\HLTY_644_s80_0_sg0_5_ms20_info.txt
train,HLTY,healthy,D:\gemma4\segmentation_lattuce-desease\Roboflow_Dataset\train\HLTY\HLTY_645.JPG,HLTY_645,1,HLTY_645_s80_0_sg0_5_ms20,D:\gemma4\segmentation_lattuce-desease\felzenszwalb_masks_output\train\HLTY\HLTY_645_s80_0_sg0_5_ms20_raw.png,D:\gemma4\segmentation_lattuce-desease\felzenszwalb_masks_output\train\HLTY\HLTY_645_s80_0_sg0_5_ms20_boundary.png,D:\gemma4\segmentation_lattuce-desease\felzenszwalb_masks_output\train\HLTY\HLTY_645_s80_0_sg0_5_ms20_colored.png,D:\gemma4\segmentation_lattuce-desease\felzenszwalb_masks_output\train\HLTY\HLTY_645_s80_0_sg0_5_ms20_info.txt
train,HLTY,healthy,D:\gemma4\segmentation_lattuce-desease\Roboflow_Dataset\train\HLTY\HLTY_646.JPG,HLTY_646,1,HLTY_646_s80_0_sg0_5_ms20,D:\gemma4\segmentation_lattuce-desease\felzenszwalb_masks_output\train\HLTY\HLTY_646_s80_0_sg0_5_ms20_raw.png,D:\gemma4\segmentation_lattuce-desease\felzenszwalb_masks_output\train\HLTY\HLTY_646_s80_0_sg0_5_ms20_boundary.png,D:\gemma4\segmentation_lattuce-desease\felzenszwalb_masks_output\train\HLTY\HLTY_646_s80_0_sg0_5_ms20_colored.png,D:\gemma4\segmentation_lattuce-desease\felzenszwalb_masks_output\train\HLTY\HLTY_646_s80_0_sg0_5_ms20_info.txt
train,HLTY,healthy,D:\gemma4\segmentation_lattuce-desease\Roboflow_Dataset\train\HLTY\HLTY_647.JPG,HLTY_647,1,HLTY_647_s80_0_sg0_5_ms20,D:\gemma4\segmentation_lattuce-desease\felzenszwalb_masks_output\train\HLTY\HLTY_647_s80_0_sg0_5_ms20_raw.png,D:\gemma4\segmentation_lattuce-desease\felzenszwalb_masks_output\train\HLTY\HLTY_647_s80_0_sg0_5_ms20_boundary.png,D:\gemma4\segmentation_lattuce-desease\felzenszwalb_masks_output\train\HLTY\HLTY_647_s80_0_sg0_5_ms20_colored.png,D:\gemma4\segmentation_lattuce-desease\felzenszwalb_masks_output\train\HLTY\HLTY_647_s80_0_sg0_5_ms20_info.txt
train,HLTY,healthy,D:\gemma4\segmentation_lattuce-desease\Roboflow_Dataset\train\HLTY\HLTY_648.JPG,HLTY_648,1,HLTY_648_s80_0_sg0_5_ms20,D:\gemma4\segmentation_lattuce-desease\felzenszwalb_masks_output\train\HLTY\HLTY_648_s80_0_sg0_5_ms20_raw.png,D:\gemma4\segmentation_lattuce-desease\felzenszwalb_masks_output\train\HLTY\HLTY_648_s80_0_sg0_5_ms20_boundary.png,D:\gemma4\segmentation_lattuce-desease\felzenszwalb_masks_output\train\HLTY\HLTY_648_s80_0_sg0_5_ms20_colored.png,D:\gemma4\segmentation_lattuce-desease\felzenszwalb_masks_output\train\HLTY\HLTY_648_s80_0_sg0_5_ms20_info.txt
train,HLTY,healthy,D:\gemma4\segmentation_lattuce-desease\Roboflow_Dataset\train\HLTY\HLTY_649.JPG,HLTY_649,1,HLTY_649_s80_0_sg0_5_ms20,D:\gemma4\segmentation_lattuce-desease\felzenszwalb_masks_output\train\HLTY\HLTY_649_s80_0_sg0_5_ms20_raw.png,D:\gemma4\segmentation_lattuce-desease\felzenszwalb_masks_output\train\HLTY\HLTY_649_s80_0_sg0_5_ms20_boundary.png,D:\gemma4\segmentation_lattuce-desease\felzenszwalb_masks_output\train\HLTY\HLTY_649_s80_0_sg0_5_ms20_colored.png,D:\gemma4\segmentation_lattuce-desease\felzenszwalb_masks_output\train\HLTY\HLTY_649_s80_0_sg0_5_ms20_info.txt
train,HLTY,healthy,D:\gemma4\segmentation_lattuce-desease\Roboflow_Dataset\train\HLTY\HLTY_65.JPG,HLTY_65,1,HLTY_65_s80_0_sg0_5_ms20,D:\gemma4\segmentation_lattuce-desease\felzenszwalb_masks_output\train\HLTY\HLTY_65_s80_0_sg0_5_ms20_raw.png,D:\gemma4\segmentation_lattuce-desease\felzenszwalb_masks_output\train\HLTY\HLTY_65_s80_0_sg0_5_ms20_boundary.png,D:\gemma4\segmentation_lattuce-desease\felzenszwalb_masks_output\train\HLTY\HLTY_65_s80_0_sg0_5_ms20_colored.png,D:\gemma4\segmentation_lattuce-desease\felzenszwalb_masks_output\train\HLTY\HLTY_65_s80_0_sg0_5_ms20_info.txt
train,HLTY,healthy,D:\gemma4\segmentation_lattuce-desease\Roboflow_Dataset\train\HLTY\HLTY_650.JPG,HLTY_650,1,HLTY_650_s80_0_sg0_5_ms20,D:\gemma4\segmentation_lattuce-desease\felzenszwalb_masks_output\train\HLTY\HLTY_650_s80_0_sg0_5_ms20_raw.png,D:\gemma4\segmentation_lattuce-desease\felzenszwalb_masks_output\train\HLTY\HLTY_650_s80_0_sg0_5_ms20_boundary.png,D:\gemma4\segmentation_lattuce-desease\felzenszwalb_masks_output\train\HLTY\HLTY_650_s80_0_sg0_5_ms20_colored.png,D:\gemma4\segmentation_lattuce-desease\felzenszwalb_masks_output\train\HLTY\HLTY_650_s80_0_sg0_5_ms20_info.txt
train,HLTY,healthy,D:\gemma4\segmentation_lattuce-desease\Roboflow_Dataset\train\HLTY\HLTY_653.JPG,HLTY_653,1,HLTY_653_s80_0_sg0_5_ms20,D:\gemma4\segmentation_lattuce-desease\felzenszwalb_masks_output\train\HLTY\HLTY_653_s80_0_sg0_5_ms20_raw.png,D:\gemma4\segmentation_lattuce-desease\felzenszwalb_masks_output\train\HLTY\HLTY_653_s80_0_sg0_5_ms20_boundary.png,D:\gemma4\segmentation_lattuce-desease\felzenszwalb_masks_output\train\HLTY\HLTY_653_s80_0_sg0_5_ms20_colored.png,D:\gemma4\segmentation_lattuce-desease\felzenszwalb_masks_output\train\HLTY\HLTY_653_s80_0_sg0_5_ms20_info.txt
train,HLTY,healthy,D:\gemma4\segmentation_lattuce-desease\Roboflow_Dataset\train\HLTY\HLTY_656.JPG,HLTY_656,1,HLTY_656_s80_0_sg0_5_ms20,D:\gemma4\segmentation_lattuce-desease\felzenszwalb_masks_output\train\HLTY\HLTY_656_s80_0_sg0_5_ms20_raw.png,D:\gemma4\segmentation_lattuce-desease\felzenszwalb_masks_output\train\HLTY\HLTY_656_s80_0_sg0_5_ms20_boundary.png,D:\gemma4\segmentation_lattuce-desease\felzenszwalb_masks_output\train\HLTY\HLTY_656_s80_0_sg0_5_ms20_colored.png,D:\gemma4\segmentation_lattuce-desease\felzenszwalb_masks_output\train\HLTY\HLTY_656_s80_0_sg0_5_ms20_info.txt
train,HLTY,healthy,D:\gemma4\segmentation_lattuce-desease\Roboflow_Dataset\train\HLTY\HLTY_657.JPG,HLTY_657,1,HLTY_657_s80_0_sg0_5_ms20,D:\gemma4\segmentation_lattuce-desease\felzenszwalb_masks_output\train\HLTY\HLTY_657_s80_0_sg0_5_ms20_raw.png,D:\gemma4\segmentation_lattuce-desease\felzenszwalb_masks_output\train\HLTY\HLTY_657_s80_0_sg0_5_ms20_boundary.png,D:\gemma4\segmentation_lattuce-desease\felzenszwalb_masks_output\train\HLTY\HLTY_657_s80_0_sg0_5_ms20_colored.png,D:\gemma4\segmentation_lattuce-desease\felzenszwalb_masks_output\train\HLTY\HLTY_657_s80_0_sg0_5_ms20_info.txt
train,HLTY,healthy,D:\gemma4\segmentation_lattuce-desease\Roboflow_Dataset\train\HLTY\HLTY_658.JPG,HLTY_658,1,HLTY_658_s80_0_sg0_5_ms20,D:\gemma4\segmentation_lattuce-desease\felzenszwalb_masks_output\train\HLTY\HLTY_658_s80_0_sg0_5_ms20_raw.png,D:\gemma4\segmentation_lattuce-desease\felzenszwalb_masks_output\train\HLTY\HLTY_658_s80_0_sg0_5_ms20_boundary.png,D:\gemma4\segmentation_lattuce-desease\felzenszwalb_masks_output\train\HLTY\HLTY_658_s80_0_sg0_5_ms20_colored.png,D:\gemma4\segmentation_lattuce-desease\felzenszwalb_masks_output\train\HLTY\HLTY_658_s80_0_sg0_5_ms20_info.txt
train,HLTY,healthy,D:\gemma4\segmentation_lattuce-desease\Roboflow_Dataset\train\HLTY\HLTY_659.JPG,HLTY_659,1,HLTY_659_s80_0_sg0_5_ms20,D:\gemma4\segmentation_lattuce-desease\felzenszwalb_masks_output\train\HLTY\HLTY_659_s80_0_sg0_5_ms20_raw.png,D:\gemma4\segmentation_lattuce-desease\felzenszwalb_masks_output\train\HLTY\HLTY_659_s80_0_sg0_5_ms20_boundary.png,D:\gemma4\segmentation_lattuce-desease\felzenszwalb_masks_output\train\HLTY\HLTY_659_s80_0_sg0_5_ms20_colored.png,D:\gemma4\segmentation_lattuce-desease\felzenszwalb_masks_output\train\HLTY\HLTY_659_s80_0_sg0_5_ms20_info.txt
train,HLTY,healthy,D:\gemma4\segmentation_lattuce-desease\Roboflow_Dataset\train\HLTY\HLTY_66.JPG,HLTY_66,1,HLTY_66_s80_0_sg0_5_ms20,D:\gemma4\segmentation_lattuce-desease\felzenszwalb_masks_output\train\HLTY\HLTY_66_s80_0_sg0_5_ms20_raw.png,D:\gemma4\segmentation_lattuce-desease\felzenszwalb_masks_output\train\HLTY\HLTY_66_s80_0_sg0_5_ms20_boundary.png,D:\gemma4\segmentation_lattuce-desease\felzenszwalb_masks_output\train\HLTY\HLTY_66_s80_0_sg0_5_ms20_colored.png,D:\gemma4\segmentation_lattuce-desease\felzenszwalb_masks_output\train\HLTY\HLTY_66_s80_0_sg0_5_ms20_info.txt
train,HLTY,healthy,D:\gemma4\segmentation_lattuce-desease\Roboflow_Dataset\train\HLTY\HLTY_660.JPG,HLTY_660,1,HLTY_660_s80_0_sg0_5_ms20,D:\gemma4\segmentation_lattuce-desease\felzenszwalb_masks_output\train\HLTY\HLTY_660_s80_0_sg0_5_ms20_raw.png,D:\gemma4\segmentation_lattuce-desease\felzenszwalb_masks_output\train\HLTY\HLTY_660_s80_0_sg0_5_ms20_boundary.png,D:\gemma4\segmentation_lattuce-desease\felzenszwalb_masks_output\train\HLTY\HLTY_660_s80_0_sg0_5_ms20_colored.png,D:\gemma4\segmentation_lattuce-desease\felzenszwalb_masks_output\train\HLTY\HLTY_660_s80_0_sg0_5_ms20_info.txt
train,HLTY,healthy,D:\gemma4\segmentation_lattuce-desease\Roboflow_Dataset\train\HLTY\HLTY_661.JPG,HLTY_661,1,HLTY_661_s80_0_sg0_5_ms20,D:\gemma4\segmentation_lattuce-desease\felzenszwalb_masks_output\train\HLTY\HLTY_661_s80_0_sg0_5_ms20_raw.png,D:\gemma4\segmentation_lattuce-desease\felzenszwalb_masks_output\train\HLTY\HLTY_661_s80_0_sg0_5_ms20_boundary.png,D:\gemma4\segmentation_lattuce-desease\felzenszwalb_masks_output\train\HLTY\HLTY_661_s80_0_sg0_5_ms20_colored.png,D:\gemma4\segmentation_lattuce-desease\felzenszwalb_masks_output\train\HLTY\HLTY_661_s80_0_sg0_5_ms20_info.txt
train,HLTY,healthy,D:\gemma4\segmentation_lattuce-desease\Roboflow_Dataset\train\HLTY\HLTY_662.JPG,HLTY_662,1,HLTY_662_s80_0_sg0_5_ms20,D:\gemma4\segmentation_lattuce-desease\felzenszwalb_masks_output\train\HLTY\HLTY_662_s80_0_sg0_5_ms20_raw.png,D:\gemma4\segmentation_lattuce-desease\felzenszwalb_masks_output\train\HLTY\HLTY_662_s80_0_sg0_5_ms20_boundary.png,D:\gemma4\segmentation_lattuce-desease\felzenszwalb_masks_output\train\HLTY\HLTY_662_s80_0_sg0_5_ms20_colored.png,D:\gemma4\segmentation_lattuce-desease\felzenszwalb_masks_output\train\HLTY\HLTY_662_s80_0_sg0_5_ms20_info.txt
train,HLTY,healthy,D:\gemma4\segmentation_lattuce-desease\Roboflow_Dataset\train\HLTY\HLTY_663.JPG,HLTY_663,1,HLTY_663_s80_0_sg0_5_ms20,D:\gemma4\segmentation_lattuce-desease\felzenszwalb_masks_output\train\HLTY\HLTY_663_s80_0_sg0_5_ms20_raw.png,D:\gemma4\segmentation_lattuce-desease\felzenszwalb_masks_output\train\HLTY\HLTY_663_s80_0_sg0_5_ms20_boundary.png,D:\gemma4\segmentation_lattuce-desease\felzenszwalb_masks_output\train\HLTY\HLTY_663_s80_0_sg0_5_ms20_colored.png,D:\gemma4\segmentation_lattuce-desease\felzenszwalb_masks_output\train\HLTY\HLTY_663_s80_0_sg0_5_ms20_info.txt
train,HLTY,healthy,D:\gemma4\segmentation_lattuce-desease\Roboflow_Dataset\train\HLTY\HLTY_664.JPG,HLTY_664,1,HLTY_664_s80_0_sg0_5_ms20,D:\gemma4\segmentation_lattuce-desease\felzenszwalb_masks_output\train\HLTY\HLTY_664_s80_0_sg0_5_ms20_raw.png,D:\gemma4\segmentation_lattuce-desease\felzenszwalb_masks_output\train\HLTY\HLTY_664_s80_0_sg0_5_ms20_boundary.png,D:\gemma4\segmentation_lattuce-desease\felzenszwalb_masks_output\train\HLTY\HLTY_664_s80_0_sg0_5_ms20_colored.png,D:\gemma4\segmentation_lattuce-desease\felzenszwalb_masks_output\train\HLTY\HLTY_664_s80_0_sg0_5_ms20_info.txt
train,HLTY,healthy,D:\gemma4\segmentation_lattuce-desease\Roboflow_Dataset\train\HLTY\HLTY_665.JPG,HLTY_665,1,HLTY_665_s80_0_sg0_5_ms20,D:\gemma4\segmentation_lattuce-desease\felzenszwalb_masks_output\train\HLTY\HLTY_665_s80_0_sg0_5_ms20_raw.png,D:\gemma4\segmentation_lattuce-desease\felzenszwalb_masks_output\train\HLTY\HLTY_665_s80_0_sg0_5_ms20_boundary.png,D:\gemma4\segmentation_lattuce-desease\felzenszwalb_masks_output\train\HLTY\HLTY_665_s80_0_sg0_5_ms20_colored.png,D:\gemma4\segmentation_lattuce-desease\felzenszwalb_masks_output\train\HLTY\HLTY_665_s80_0_sg0_5_ms20_info.txt
train,HLTY,healthy,D:\gemma4\segmentation_lattuce-desease\Roboflow_Dataset\train\HLTY\HLTY_666.JPG,HLTY_666,1,HLTY_666_s80_0_sg0_5_ms20,D:\gemma4\segmentation_lattuce-desease\felzenszwalb_masks_output\train\HLTY\HLTY_666_s80_0_sg0_5_ms20_raw.png,D:\gemma4\segmentation_lattuce-desease\felzenszwalb_masks_output\train\HLTY\HLTY_666_s80_0_sg0_5_ms20_boundary.png,D:\gemma4\segmentation_lattuce-desease\felzenszwalb_masks_output\train\HLTY\HLTY_666_s80_0_sg0_5_ms20_colored.png,D:\gemma4\segmentation_lattuce-desease\felzenszwalb_masks_output\train\HLTY\HLTY_666_s80_0_sg0_5_ms20_info.txt
train,HLTY,healthy,D:\gemma4\segmentation_lattuce-desease\Roboflow_Dataset\train\HLTY\HLTY_668.JPG,HLTY_668,1,HLTY_668_s80_0_sg0_5_ms20,D:\gemma4\segmentation_lattuce-desease\felzenszwalb_masks_output\train\HLTY\HLTY_668_s80_0_sg0_5_ms20_raw.png,D:\gemma4\segmentation_lattuce-desease\felzenszwalb_masks_output\train\HLTY\HLTY_668_s80_0_sg0_5_ms20_boundary.png,D:\gemma4\segmentation_lattuce-desease\felzenszwalb_masks_output\train\HLTY\HLTY_668_s80_0_sg0_5_ms20_colored.png,D:\gemma4\segmentation_lattuce-desease\felzenszwalb_masks_output\train\HLTY\HLTY_668_s80_0_sg0_5_ms20_info.txt
train,HLTY,healthy,D:\gemma4\segmentation_lattuce-desease\Roboflow_Dataset\train\HLTY\HLTY_669.JPG,HLTY_669,1,HLTY_669_s80_0_sg0_5_ms20,D:\gemma4\segmentation_lattuce-desease\felzenszwalb_masks_output\train\HLTY\HLTY_669_s80_0_sg0_5_ms20_raw.png,D:\gemma4\segmentation_lattuce-desease\felzenszwalb_masks_output\train\HLTY\HLTY_669_s80_0_sg0_5_ms20_boundary.png,D:\gemma4\segmentation_lattuce-desease\felzenszwalb_masks_output\train\HLTY\HLTY_669_s80_0_sg0_5_ms20_colored.png,D:\gemma4\segmentation_lattuce-desease\felzenszwalb_masks_output\train\HLTY\HLTY_669_s80_0_sg0_5_ms20_info.txt
train,HLTY,healthy,D:\gemma4\segmentation_lattuce-desease\Roboflow_Dataset\train\HLTY\HLTY_670.JPG,HLTY_670,1,HLTY_670_s80_0_sg0_5_ms20,D:\gemma4\segmentation_lattuce-desease\felzenszwalb_masks_output\train\HLTY\HLTY_670_s80_0_sg0_5_ms20_raw.png,D:\gemma4\segmentation_lattuce-desease\felzenszwalb_masks_output\train\HLTY\HLTY_670_s80_0_sg0_5_ms20_boundary.png,D:\gemma4\segmentation_lattuce-desease\felzenszwalb_masks_output\train\HLTY\HLTY_670_s80_0_sg0_5_ms20_colored.png,D:\gemma4\segmentation_lattuce-desease\felzenszwalb_masks_output\train\HLTY\HLTY_670_s80_0_sg0_5_ms20_info.txt
train,HLTY,healthy,D:\gemma4\segmentation_lattuce-desease\Roboflow_Dataset\train\HLTY\HLTY_671.JPG,HLTY_671,1,HLTY_671_s80_0_sg0_5_ms20,D:\gemma4\segmentation_lattuce-desease\felzenszwalb_masks_output\train\HLTY\HLTY_671_s80_0_sg0_5_ms20_raw.png,D:\gemma4\segmentation_lattuce-desease\felzenszwalb_masks_output\train\HLTY\HLTY_671_s80_0_sg0_5_ms20_boundary.png,D:\gemma4\segmentation_lattuce-desease\felzenszwalb_masks_output\train\HLTY\HLTY_671_s80_0_sg0_5_ms20_colored.png,D:\gemma4\segmentation_lattuce-desease\felzenszwalb_masks_output\train\HLTY\HLTY_671_s80_0_sg0_5_ms20_info.txt
train,HLTY,healthy,D:\gemma4\segmentation_lattuce-desease\Roboflow_Dataset\train\HLTY\HLTY_673.JPG,HLTY_673,1,HLTY_673_s80_0_sg0_5_ms20,D:\gemma4\segmentation_lattuce-desease\felzenszwalb_masks_output\train\HLTY\HLTY_673_s80_0_sg0_5_ms20_raw.png,D:\gemma4\segmentation_lattuce-desease\felzenszwalb_masks_output\train\HLTY\HLTY_673_s80_0_sg0_5_ms20_boundary.png,D:\gemma4\segmentation_lattuce-desease\felzenszwalb_masks_output\train\HLTY\HLTY_673_s80_0_sg0_5_ms20_colored.png,D:\gemma4\segmentation_lattuce-desease\felzenszwalb_masks_output\train\HLTY\HLTY_673_s80_0_sg0_5_ms20_info.txt
train,HLTY,healthy,D:\gemma4\segmentation_lattuce-desease\Roboflow_Dataset\train\HLTY\HLTY_674.JPG,HLTY_674,1,HLTY_674_s80_0_sg0_5_ms20,D:\gemma4\segmentation_lattuce-desease\felzenszwalb_masks_output\train\HLTY\HLTY_674_s80_0_sg0_5_ms20_raw.png,D:\gemma4\segmentation_lattuce-desease\felzenszwalb_masks_output\train\HLTY\HLTY_674_s80_0_sg0_5_ms20_boundary.png,D:\gemma4\segmentation_lattuce-desease\felzenszwalb_masks_output\train\HLTY\HLTY_674_s80_0_sg0_5_ms20_colored.png,D:\gemma4\segmentation_lattuce-desease\felzenszwalb_masks_output\train\HLTY\HLTY_674_s80_0_sg0_5_ms20_info.txt
train,HLTY,healthy,D:\gemma4\segmentation_lattuce-desease\Roboflow_Dataset\train\HLTY\HLTY_675.JPG,HLTY_675,1,HLTY_675_s80_0_sg0_5_ms20,D:\gemma4\segmentation_lattuce-desease\felzenszwalb_masks_output\train\HLTY\HLTY_675_s80_0_sg0_5_ms20_raw.png,D:\gemma4\segmentation_lattuce-desease\felzenszwalb_masks_output\train\HLTY\HLTY_675_s80_0_sg0_5_ms20_boundary.png,D:\gemma4\segmentation_lattuce-desease\felzenszwalb_masks_output\train\HLTY\HLTY_675_s80_0_sg0_5_ms20_colored.png,D:\gemma4\segmentation_lattuce-desease\felzenszwalb_masks_output\train\HLTY\HLTY_675_s80_0_sg0_5_ms20_info.txt
train,HLTY,healthy,D:\gemma4\segmentation_lattuce-desease\Roboflow_Dataset\train\HLTY\HLTY_677.JPG,HLTY_677,1,HLTY_677_s80_0_sg0_5_ms20,D:\gemma4\segmentation_lattuce-desease\felzenszwalb_masks_output\train\HLTY\HLTY_677_s80_0_sg0_5_ms20_raw.png,D:\gemma4\segmentation_lattuce-desease\felzenszwalb_masks_output\train\HLTY\HLTY_677_s80_0_sg0_5_ms20_boundary.png,D:\gemma4\segmentation_lattuce-desease\felzenszwalb_masks_output\train\HLTY\HLTY_677_s80_0_sg0_5_ms20_colored.png,D:\gemma4\segmentation_lattuce-desease\felzenszwalb_masks_output\train\HLTY\HLTY_677_s80_0_sg0_5_ms20_info.txt
train,HLTY,healthy,D:\gemma4\segmentation_lattuce-desease\Roboflow_Dataset\train\HLTY\HLTY_678.JPG,HLTY_678,1,HLTY_678_s80_0_sg0_5_ms20,D:\gemma4\segmentation_lattuce-desease\felzenszwalb_masks_output\train\HLTY\HLTY_678_s80_0_sg0_5_ms20_raw.png,D:\gemma4\segmentation_lattuce-desease\felzenszwalb_masks_output\train\HLTY\HLTY_678_s80_0_sg0_5_ms20_boundary.png,D:\gemma4\segmentation_lattuce-desease\felzenszwalb_masks_output\train\HLTY\HLTY_678_s80_0_sg0_5_ms20_colored.png,D:\gemma4\segmentation_lattuce-desease\felzenszwalb_masks_output\train\HLTY\HLTY_678_s80_0_sg0_5_ms20_info.txt
train,HLTY,healthy,D:\gemma4\segmentation_lattuce-desease\Roboflow_Dataset\train\HLTY\HLTY_680.JPG,HLTY_680,1,HLTY_680_s80_0_sg0_5_ms20,D:\gemma4\segmentation_lattuce-desease\felzenszwalb_masks_output\train\HLTY\HLTY_680_s80_0_sg0_5_ms20_raw.png,D:\gemma4\segmentation_lattuce-desease\felzenszwalb_masks_output\train\HLTY\HLTY_680_s80_0_sg0_5_ms20_boundary.png,D:\gemma4\segmentation_lattuce-desease\felzenszwalb_masks_output\train\HLTY\HLTY_680_s80_0_sg0_5_ms20_colored.png,D:\gemma4\segmentation_lattuce-desease\felzenszwalb_masks_output\train\HLTY\HLTY_680_s80_0_sg0_5_ms20_info.txt
train,HLTY,healthy,D:\gemma4\segmentation_lattuce-desease\Roboflow_Dataset\train\HLTY\HLTY_681.JPG,HLTY_681,1,HLTY_681_s80_0_sg0_5_ms20,D:\gemma4\segmentation_lattuce-desease\felzenszwalb_masks_output\train\HLTY\HLTY_681_s80_0_sg0_5_ms20_raw.png,D:\gemma4\segmentation_lattuce-desease\felzenszwalb_masks_output\train\HLTY\HLTY_681_s80_0_sg0_5_ms20_boundary.png,D:\gemma4\segmentation_lattuce-desease\felzenszwalb_masks_output\train\HLTY\HLTY_681_s80_0_sg0_5_ms20_colored.png,D:\gemma4\segmentation_lattuce-desease\felzenszwalb_masks_output\train\HLTY\HLTY_681_s80_0_sg0_5_ms20_info.txt
train,HLTY,healthy,D:\gemma4\segmentation_lattuce-desease\Roboflow_Dataset\train\HLTY\HLTY_682.JPG,HLTY_682,1,HLTY_682_s80_0_sg0_5_ms20,D:\gemma4\segmentation_lattuce-desease\felzenszwalb_masks_output\train\HLTY\HLTY_682_s80_0_sg0_5_ms20_raw.png,D:\gemma4\segmentation_lattuce-desease\felzenszwalb_masks_output\train\HLTY\HLTY_682_s80_0_sg0_5_ms20_boundary.png,D:\gemma4\segmentation_lattuce-desease\felzenszwalb_masks_output\train\HLTY\HLTY_682_s80_0_sg0_5_ms20_colored.png,D:\gemma4\segmentation_lattuce-desease\felzenszwalb_masks_output\train\HLTY\HLTY_682_s80_0_sg0_5_ms20_info.txt
train,HLTY,healthy,D:\gemma4\segmentation_lattuce-desease\Roboflow_Dataset\train\HLTY\HLTY_684.JPG,HLTY_684,1,HLTY_684_s80_0_sg0_5_ms20,D:\gemma4\segmentation_lattuce-desease\felzenszwalb_masks_output\train\HLTY\HLTY_684_s80_0_sg0_5_ms20_raw.png,D:\gemma4\segmentation_lattuce-desease\felzenszwalb_masks_output\train\HLTY\HLTY_684_s80_0_sg0_5_ms20_boundary.png,D:\gemma4\segmentation_lattuce-desease\felzenszwalb_masks_output\train\HLTY\HLTY_684_s80_0_sg0_5_ms20_colored.png,D:\gemma4\segmentation_lattuce-desease\felzenszwalb_masks_output\train\HLTY\HLTY_684_s80_0_sg0_5_ms20_info.txt
train,HLTY,healthy,D:\gemma4\segmentation_lattuce-desease\Roboflow_Dataset\train\HLTY\HLTY_685.JPG,HLTY_685,1,HLTY_685_s80_0_sg0_5_ms20,D:\gemma4\segmentation_lattuce-desease\felzenszwalb_masks_output\train\HLTY\HLTY_685_s80_0_sg0_5_ms20_raw.png,D:\gemma4\segmentation_lattuce-desease\felzenszwalb_masks_output\train\HLTY\HLTY_685_s80_0_sg0_5_ms20_boundary.png,D:\gemma4\segmentation_lattuce-desease\felzenszwalb_masks_output\train\HLTY\HLTY_685_s80_0_sg0_5_ms20_colored.png,D:\gemma4\segmentation_lattuce-desease\felzenszwalb_masks_output\train\HLTY\HLTY_685_s80_0_sg0_5_ms20_info.txt
train,HLTY,healthy,D:\gemma4\segmentation_lattuce-desease\Roboflow_Dataset\train\HLTY\HLTY_686.JPG,HLTY_686,1,HLTY_686_s80_0_sg0_5_ms20,D:\gemma4\segmentation_lattuce-desease\felzenszwalb_masks_output\train\HLTY\HLTY_686_s80_0_sg0_5_ms20_raw.png,D:\gemma4\segmentation_lattuce-desease\felzenszwalb_masks_output\train\HLTY\HLTY_686_s80_0_sg0_5_ms20_boundary.png,D:\gemma4\segmentation_lattuce-desease\felzenszwalb_masks_output\train\HLTY\HLTY_686_s80_0_sg0_5_ms20_colored.png,D:\gemma4\segmentation_lattuce-desease\felzenszwalb_masks_output\train\HLTY\HLTY_686_s80_0_sg0_5_ms20_info.txt
train,HLTY,healthy,D:\gemma4\segmentation_lattuce-desease\Roboflow_Dataset\train\HLTY\HLTY_687.JPG,HLTY_687,1,HLTY_687_s80_0_sg0_5_ms20,D:\gemma4\segmentation_lattuce-desease\felzenszwalb_masks_output\train\HLTY\HLTY_687_s80_0_sg0_5_ms20_raw.png,D:\gemma4\segmentation_lattuce-desease\felzenszwalb_masks_output\train\HLTY\HLTY_687_s80_0_sg0_5_ms20_boundary.png,D:\gemma4\segmentation_lattuce-desease\felzenszwalb_masks_output\train\HLTY\HLTY_687_s80_0_sg0_5_ms20_colored.png,D:\gemma4\segmentation_lattuce-desease\felzenszwalb_masks_output\train\HLTY\HLTY_687_s80_0_sg0_5_ms20_info.txt
train,HLTY,healthy,D:\gemma4\segmentation_lattuce-desease\Roboflow_Dataset\train\HLTY\HLTY_688.JPG,HLTY_688,1,HLTY_688_s80_0_sg0_5_ms20,D:\gemma4\segmentation_lattuce-desease\felzenszwalb_masks_output\train\HLTY\HLTY_688_s80_0_sg0_5_ms20_raw.png,D:\gemma4\segmentation_lattuce-desease\felzenszwalb_masks_output\train\HLTY\HLTY_688_s80_0_sg0_5_ms20_boundary.png,D:\gemma4\segmentation_lattuce-desease\felzenszwalb_masks_output\train\HLTY\HLTY_688_s80_0_sg0_5_ms20_colored.png,D:\gemma4\segmentation_lattuce-desease\felzenszwalb_masks_output\train\HLTY\HLTY_688_s80_0_sg0_5_ms20_info.txt
train,HLTY,healthy,D:\gemma4\segmentation_lattuce-desease\Roboflow_Dataset\train\HLTY\HLTY_689.JPG,HLTY_689,1,HLTY_689_s80_0_sg0_5_ms20,D:\gemma4\segmentation_lattuce-desease\felzenszwalb_masks_output\train\HLTY\HLTY_689_s80_0_sg0_5_ms20_raw.png,D:\gemma4\segmentation_lattuce-desease\felzenszwalb_masks_output\train\HLTY\HLTY_689_s80_0_sg0_5_ms20_boundary.png,D:\gemma4\segmentation_lattuce-desease\felzenszwalb_masks_output\train\HLTY\HLTY_689_s80_0_sg0_5_ms20_colored.png,D:\gemma4\segmentation_lattuce-desease\felzenszwalb_masks_output\train\HLTY\HLTY_689_s80_0_sg0_5_ms20_info.txt
train,HLTY,healthy,D:\gemma4\segmentation_lattuce-desease\Roboflow_Dataset\train\HLTY\HLTY_69.JPG,HLTY_69,1,HLTY_69_s80_0_sg0_5_ms20,D:\gemma4\segmentation_lattuce-desease\felzenszwalb_masks_output\train\HLTY\HLTY_69_s80_0_sg0_5_ms20_raw.png,D:\gemma4\segmentation_lattuce-desease\felzenszwalb_masks_output\train\HLTY\HLTY_69_s80_0_sg0_5_ms20_boundary.png,D:\gemma4\segmentation_lattuce-desease\felzenszwalb_masks_output\train\HLTY\HLTY_69_s80_0_sg0_5_ms20_colored.png,D:\gemma4\segmentation_lattuce-desease\felzenszwalb_masks_output\train\HLTY\HLTY_69_s80_0_sg0_5_ms20_info.txt
train,HLTY,healthy,D:\gemma4\segmentation_lattuce-desease\Roboflow_Dataset\train\HLTY\HLTY_690.JPG,HLTY_690,1,HLTY_690_s80_0_sg0_5_ms20,D:\gemma4\segmentation_lattuce-desease\felzenszwalb_masks_output\train\HLTY\HLTY_690_s80_0_sg0_5_ms20_raw.png,D:\gemma4\segmentation_lattuce-desease\felzenszwalb_masks_output\train\HLTY\HLTY_690_s80_0_sg0_5_ms20_boundary.png,D:\gemma4\segmentation_lattuce-desease\felzenszwalb_masks_output\train\HLTY\HLTY_690_s80_0_sg0_5_ms20_colored.png,D:\gemma4\segmentation_lattuce-desease\felzenszwalb_masks_output\train\HLTY\HLTY_690_s80_0_sg0_5_ms20_info.txt
train,HLTY,healthy,D:\gemma4\segmentation_lattuce-desease\Roboflow_Dataset\train\HLTY\HLTY_692.JPG,HLTY_692,1,HLTY_692_s80_0_sg0_5_ms20,D:\gemma4\segmentation_lattuce-desease\felzenszwalb_masks_output\train\HLTY\HLTY_692_s80_0_sg0_5_ms20_raw.png,D:\gemma4\segmentation_lattuce-desease\felzenszwalb_masks_output\train\HLTY\HLTY_692_s80_0_sg0_5_ms20_boundary.png,D:\gemma4\segmentation_lattuce-desease\felzenszwalb_masks_output\train\HLTY\HLTY_692_s80_0_sg0_5_ms20_colored.png,D:\gemma4\segmentation_lattuce-desease\felzenszwalb_masks_output\train\HLTY\HLTY_692_s80_0_sg0_5_ms20_info.txt
train,HLTY,healthy,D:\gemma4\segmentation_lattuce-desease\Roboflow_Dataset\train\HLTY\HLTY_694.JPG,HLTY_694,1,HLTY_694_s80_0_sg0_5_ms20,D:\gemma4\segmentation_lattuce-desease\felzenszwalb_masks_output\train\HLTY\HLTY_694_s80_0_sg0_5_ms20_raw.png,D:\gemma4\segmentation_lattuce-desease\felzenszwalb_masks_output\train\HLTY\HLTY_694_s80_0_sg0_5_ms20_boundary.png,D:\gemma4\segmentation_lattuce-desease\felzenszwalb_masks_output\train\HLTY\HLTY_694_s80_0_sg0_5_ms20_colored.png,D:\gemma4\segmentation_lattuce-desease\felzenszwalb_masks_output\train\HLTY\HLTY_694_s80_0_sg0_5_ms20_info.txt
train,HLTY,healthy,D:\gemma4\segmentation_lattuce-desease\Roboflow_Dataset\train\HLTY\HLTY_695.JPG,HLTY_695,1,HLTY_695_s80_0_sg0_5_ms20,D:\gemma4\segmentation_lattuce-desease\felzenszwalb_masks_output\train\HLTY\HLTY_695_s80_0_sg0_5_ms20_raw.png,D:\gemma4\segmentation_lattuce-desease\felzenszwalb_masks_output\train\HLTY\HLTY_695_s80_0_sg0_5_ms20_boundary.png,D:\gemma4\segmentation_lattuce-desease\felzenszwalb_masks_output\train\HLTY\HLTY_695_s80_0_sg0_5_ms20_colored.png,D:\gemma4\segmentation_lattuce-desease\felzenszwalb_masks_output\train\HLTY\HLTY_695_s80_0_sg0_5_ms20_info.txt
train,HLTY,healthy,D:\gemma4\segmentation_lattuce-desease\Roboflow_Dataset\train\HLTY\HLTY_696.JPG,HLTY_696,1,HLTY_696_s80_0_sg0_5_ms20,D:\gemma4\segmentation_lattuce-desease\felzenszwalb_masks_output\train\HLTY\HLTY_696_s80_0_sg0_5_ms20_raw.png,D:\gemma4\segmentation_lattuce-desease\felzenszwalb_masks_output\train\HLTY\HLTY_696_s80_0_sg0_5_ms20_boundary.png,D:\gemma4\segmentation_lattuce-desease\felzenszwalb_masks_output\train\HLTY\HLTY_696_s80_0_sg0_5_ms20_colored.png,D:\gemma4\segmentation_lattuce-desease\felzenszwalb_masks_output\train\HLTY\HLTY_696_s80_0_sg0_5_ms20_info.txt
train,HLTY,healthy,D:\gemma4\segmentation_lattuce-desease\Roboflow_Dataset\train\HLTY\HLTY_697.JPG,HLTY_697,1,HLTY_697_s80_0_sg0_5_ms20,D:\gemma4\segmentation_lattuce-desease\felzenszwalb_masks_output\train\HLTY\HLTY_697_s80_0_sg0_5_ms20_raw.png,D:\gemma4\segmentation_lattuce-desease\felzenszwalb_masks_output\train\HLTY\HLTY_697_s80_0_sg0_5_ms20_boundary.png,D:\gemma4\segmentation_lattuce-desease\felzenszwalb_masks_output\train\HLTY\HLTY_697_s80_0_sg0_5_ms20_colored.png,D:\gemma4\segmentation_lattuce-desease\felzenszwalb_masks_output\train\HLTY\HLTY_697_s80_0_sg0_5_ms20_info.txt
train,HLTY,healthy,D:\gemma4\segmentation_lattuce-desease\Roboflow_Dataset\train\HLTY\HLTY_699.JPG,HLTY_699,1,HLTY_699_s80_0_sg0_5_ms20,D:\gemma4\segmentation_lattuce-desease\felzenszwalb_masks_output\train\HLTY\HLTY_699_s80_0_sg0_5_ms20_raw.png,D:\gemma4\segmentation_lattuce-desease\felzenszwalb_masks_output\train\HLTY\HLTY_699_s80_0_sg0_5_ms20_boundary.png,D:\gemma4\segmentation_lattuce-desease\felzenszwalb_masks_output\train\HLTY\HLTY_699_s80_0_sg0_5_ms20_colored.png,D:\gemma4\segmentation_lattuce-desease\felzenszwalb_masks_output\train\HLTY\HLTY_699_s80_0_sg0_5_ms20_info.txt
train,HLTY,healthy,D:\gemma4\segmentation_lattuce-desease\Roboflow_Dataset\train\HLTY\HLTY_7.JPG,HLTY_7,1,HLTY_7_s80_0_sg0_5_ms20,D:\gemma4\segmentation_lattuce-desease\felzenszwalb_masks_output\train\HLTY\HLTY_7_s80_0_sg0_5_ms20_raw.png,D:\gemma4\segmentation_lattuce-desease\felzenszwalb_masks_output\train\HLTY\HLTY_7_s80_0_sg0_5_ms20_boundary.png,D:\gemma4\segmentation_lattuce-desease\felzenszwalb_masks_output\train\HLTY\HLTY_7_s80_0_sg0_5_ms20_colored.png,D:\gemma4\segmentation_lattuce-desease\felzenszwalb_masks_output\train\HLTY\HLTY_7_s80_0_sg0_5_ms20_info.txt
train,HLTY,healthy,D:\gemma4\segmentation_lattuce-desease\Roboflow_Dataset\train\HLTY\HLTY_70.JPG,HLTY_70,1,HLTY_70_s80_0_sg0_5_ms20,D:\gemma4\segmentation_lattuce-desease\felzenszwalb_masks_output\train\HLTY\HLTY_70_s80_0_sg0_5_ms20_raw.png,D:\gemma4\segmentation_lattuce-desease\felzenszwalb_masks_output\train\HLTY\HLTY_70_s80_0_sg0_5_ms20_boundary.png,D:\gemma4\segmentation_lattuce-desease\felzenszwalb_masks_output\train\HLTY\HLTY_70_s80_0_sg0_5_ms20_colored.png,D:\gemma4\segmentation_lattuce-desease\felzenszwalb_masks_output\train\HLTY\HLTY_70_s80_0_sg0_5_ms20_info.txt
train,HLTY,healthy,D:\gemma4\segmentation_lattuce-desease\Roboflow_Dataset\train\HLTY\HLTY_701.JPG,HLTY_701,1,HLTY_701_s80_0_sg0_5_ms20,D:\gemma4\segmentation_lattuce-desease\felzenszwalb_masks_output\train\HLTY\HLTY_701_s80_0_sg0_5_ms20_raw.png,D:\gemma4\segmentation_lattuce-desease\felzenszwalb_masks_output\train\HLTY\HLTY_701_s80_0_sg0_5_ms20_boundary.png,D:\gemma4\segmentation_lattuce-desease\felzenszwalb_masks_output\train\HLTY\HLTY_701_s80_0_sg0_5_ms20_colored.png,D:\gemma4\segmentation_lattuce-desease\felzenszwalb_masks_output\train\HLTY\HLTY_701_s80_0_sg0_5_ms20_info.txt
train,HLTY,healthy,D:\gemma4\segmentation_lattuce-desease\Roboflow_Dataset\train\HLTY\HLTY_702.JPG,HLTY_702,1,HLTY_702_s80_0_sg0_5_ms20,D:\gemma4\segmentation_lattuce-desease\felzenszwalb_masks_output\train\HLTY\HLTY_702_s80_0_sg0_5_ms20_raw.png,D:\gemma4\segmentation_lattuce-desease\felzenszwalb_masks_output\train\HLTY\HLTY_702_s80_0_sg0_5_ms20_boundary.png,D:\gemma4\segmentation_lattuce-desease\felzenszwalb_masks_output\train\HLTY\HLTY_702_s80_0_sg0_5_ms20_colored.png,D:\gemma4\segmentation_lattuce-desease\felzenszwalb_masks_output\train\HLTY\HLTY_702_s80_0_sg0_5_ms20_info.txt
train,HLTY,healthy,D:\gemma4\segmentation_lattuce-desease\Roboflow_Dataset\train\HLTY\HLTY_703.JPG,HLTY_703,1,HLTY_703_s80_0_sg0_5_ms20,D:\gemma4\segmentation_lattuce-desease\felzenszwalb_masks_output\train\HLTY\HLTY_703_s80_0_sg0_5_ms20_raw.png,D:\gemma4\segmentation_lattuce-desease\felzenszwalb_masks_output\train\HLTY\HLTY_703_s80_0_sg0_5_ms20_boundary.png,D:\gemma4\segmentation_lattuce-desease\felzenszwalb_masks_output\train\HLTY\HLTY_703_s80_0_sg0_5_ms20_colored.png,D:\gemma4\segmentation_lattuce-desease\felzenszwalb_masks_output\train\HLTY\HLTY_703_s80_0_sg0_5_ms20_info.txt
train,HLTY,healthy,D:\gemma4\segmentation_lattuce-desease\Roboflow_Dataset\train\HLTY\HLTY_705.JPG,HLTY_705,1,HLTY_705_s80_0_sg0_5_ms20,D:\gemma4\segmentation_lattuce-desease\felzenszwalb_masks_output\train\HLTY\HLTY_705_s80_0_sg0_5_ms20_raw.png,D:\gemma4\segmentation_lattuce-desease\felzenszwalb_masks_output\train\HLTY\HLTY_705_s80_0_sg0_5_ms20_boundary.png,D:\gemma4\segmentation_lattuce-desease\felzenszwalb_masks_output\train\HLTY\HLTY_705_s80_0_sg0_5_ms20_colored.png,D:\gemma4\segmentation_lattuce-desease\felzenszwalb_masks_output\train\HLTY\HLTY_705_s80_0_sg0_5_ms20_info.txt
train,HLTY,healthy,D:\gemma4\segmentation_lattuce-desease\Roboflow_Dataset\train\HLTY\HLTY_706.JPG,HLTY_706,1,HLTY_706_s80_0_sg0_5_ms20,D:\gemma4\segmentation_lattuce-desease\felzenszwalb_masks_output\train\HLTY\HLTY_706_s80_0_sg0_5_ms20_raw.png,D:\gemma4\segmentation_lattuce-desease\felzenszwalb_masks_output\train\HLTY\HLTY_706_s80_0_sg0_5_ms20_boundary.png,D:\gemma4\segmentation_lattuce-desease\felzenszwalb_masks_output\train\HLTY\HLTY_706_s80_0_sg0_5_ms20_colored.png,D:\gemma4\segmentation_lattuce-desease\felzenszwalb_masks_output\train\HLTY\HLTY_706_s80_0_sg0_5_ms20_info.txt
train,HLTY,healthy,D:\gemma4\segmentation_lattuce-desease\Roboflow_Dataset\train\HLTY\HLTY_707.JPG,HLTY_707,1,HLTY_707_s80_0_sg0_5_ms20,D:\gemma4\segmentation_lattuce-desease\felzenszwalb_masks_output\train\HLTY\HLTY_707_s80_0_sg0_5_ms20_raw.png,D:\gemma4\segmentation_lattuce-desease\felzenszwalb_masks_output\train\HLTY\HLTY_707_s80_0_sg0_5_ms20_boundary.png,D:\gemma4\segmentation_lattuce-desease\felzenszwalb_masks_output\train\HLTY\HLTY_707_s80_0_sg0_5_ms20_colored.png,D:\gemma4\segmentation_lattuce-desease\felzenszwalb_masks_output\train\HLTY\HLTY_707_s80_0_sg0_5_ms20_info.txt
train,HLTY,healthy,D:\gemma4\segmentation_lattuce-desease\Roboflow_Dataset\train\HLTY\HLTY_708.JPG,HLTY_708,1,HLTY_708_s80_0_sg0_5_ms20,D:\gemma4\segmentation_lattuce-desease\felzenszwalb_masks_output\train\HLTY\HLTY_708_s80_0_sg0_5_ms20_raw.png,D:\gemma4\segmentation_lattuce-desease\felzenszwalb_masks_output\train\HLTY\HLTY_708_s80_0_sg0_5_ms20_boundary.png,D:\gemma4\segmentation_lattuce-desease\felzenszwalb_masks_output\train\HLTY\HLTY_708_s80_0_sg0_5_ms20_colored.png,D:\gemma4\segmentation_lattuce-desease\felzenszwalb_masks_output\train\HLTY\HLTY_708_s80_0_sg0_5_ms20_info.txt
train,HLTY,healthy,D:\gemma4\segmentation_lattuce-desease\Roboflow_Dataset\train\HLTY\HLTY_71.JPG,HLTY_71,1,HLTY_71_s80_0_sg0_5_ms20,D:\gemma4\segmentation_lattuce-desease\felzenszwalb_masks_output\train\HLTY\HLTY_71_s80_0_sg0_5_ms20_raw.png,D:\gemma4\segmentation_lattuce-desease\felzenszwalb_masks_output\train\HLTY\HLTY_71_s80_0_sg0_5_ms20_boundary.png,D:\gemma4\segmentation_lattuce-desease\felzenszwalb_masks_output\train\HLTY\HLTY_71_s80_0_sg0_5_ms20_colored.png,D:\gemma4\segmentation_lattuce-desease\felzenszwalb_masks_output\train\HLTY\HLTY_71_s80_0_sg0_5_ms20_info.txt
train,HLTY,healthy,D:\gemma4\segmentation_lattuce-desease\Roboflow_Dataset\train\HLTY\HLTY_711.JPG,HLTY_711,1,HLTY_711_s80_0_sg0_5_ms20,D:\gemma4\segmentation_lattuce-desease\felzenszwalb_masks_output\train\HLTY\HLTY_711_s80_0_sg0_5_ms20_raw.png,D:\gemma4\segmentation_lattuce-desease\felzenszwalb_masks_output\train\HLTY\HLTY_711_s80_0_sg0_5_ms20_boundary.png,D:\gemma4\segmentation_lattuce-desease\felzenszwalb_masks_output\train\HLTY\HLTY_711_s80_0_sg0_5_ms20_colored.png,D:\gemma4\segmentation_lattuce-desease\felzenszwalb_masks_output\train\HLTY\HLTY_711_s80_0_sg0_5_ms20_info.txt
train,HLTY,healthy,D:\gemma4\segmentation_lattuce-desease\Roboflow_Dataset\train\HLTY\HLTY_712.JPG,HLTY_712,1,HLTY_712_s80_0_sg0_5_ms20,D:\gemma4\segmentation_lattuce-desease\felzenszwalb_masks_output\train\HLTY\HLTY_712_s80_0_sg0_5_ms20_raw.png,D:\gemma4\segmentation_lattuce-desease\felzenszwalb_masks_output\train\HLTY\HLTY_712_s80_0_sg0_5_ms20_boundary.png,D:\gemma4\segmentation_lattuce-desease\felzenszwalb_masks_output\train\HLTY\HLTY_712_s80_0_sg0_5_ms20_colored.png,D:\gemma4\segmentation_lattuce-desease\felzenszwalb_masks_output\train\HLTY\HLTY_712_s80_0_sg0_5_ms20_info.txt
train,HLTY,healthy,D:\gemma4\segmentation_lattuce-desease\Roboflow_Dataset\train\HLTY\HLTY_713.JPG,HLTY_713,1,HLTY_713_s80_0_sg0_5_ms20,D:\gemma4\segmentation_lattuce-desease\felzenszwalb_masks_output\train\HLTY\HLTY_713_s80_0_sg0_5_ms20_raw.png,D:\gemma4\segmentation_lattuce-desease\felzenszwalb_masks_output\train\HLTY\HLTY_713_s80_0_sg0_5_ms20_boundary.png,D:\gemma4\segmentation_lattuce-desease\felzenszwalb_masks_output\train\HLTY\HLTY_713_s80_0_sg0_5_ms20_colored.png,D:\gemma4\segmentation_lattuce-desease\felzenszwalb_masks_output\train\HLTY\HLTY_713_s80_0_sg0_5_ms20_info.txt
train,HLTY,healthy,D:\gemma4\segmentation_lattuce-desease\Roboflow_Dataset\train\HLTY\HLTY_715.JPG,HLTY_715,1,HLTY_715_s80_0_sg0_5_ms20,D:\gemma4\segmentation_lattuce-desease\felzenszwalb_masks_output\train\HLTY\HLTY_715_s80_0_sg0_5_ms20_raw.png,D:\gemma4\segmentation_lattuce-desease\felzenszwalb_masks_output\train\HLTY\HLTY_715_s80_0_sg0_5_ms20_boundary.png,D:\gemma4\segmentation_lattuce-desease\felzenszwalb_masks_output\train\HLTY\HLTY_715_s80_0_sg0_5_ms20_colored.png,D:\gemma4\segmentation_lattuce-desease\felzenszwalb_masks_output\train\HLTY\HLTY_715_s80_0_sg0_5_ms20_info.txt
train,HLTY,healthy,D:\gemma4\segmentation_lattuce-desease\Roboflow_Dataset\train\HLTY\HLTY_717.JPG,HLTY_717,1,HLTY_717_s80_0_sg0_5_ms20,D:\gemma4\segmentation_lattuce-desease\felzenszwalb_masks_output\train\HLTY\HLTY_717_s80_0_sg0_5_ms20_raw.png,D:\gemma4\segmentation_lattuce-desease\felzenszwalb_masks_output\train\HLTY\HLTY_717_s80_0_sg0_5_ms20_boundary.png,D:\gemma4\segmentation_lattuce-desease\felzenszwalb_masks_output\train\HLTY\HLTY_717_s80_0_sg0_5_ms20_colored.png,D:\gemma4\segmentation_lattuce-desease\felzenszwalb_masks_output\train\HLTY\HLTY_717_s80_0_sg0_5_ms20_info.txt
train,HLTY,healthy,D:\gemma4\segmentation_lattuce-desease\Roboflow_Dataset\train\HLTY\HLTY_719.JPG,HLTY_719,1,HLTY_719_s80_0_sg0_5_ms20,D:\gemma4\segmentation_lattuce-desease\felzenszwalb_masks_output\train\HLTY\HLTY_719_s80_0_sg0_5_ms20_raw.png,D:\gemma4\segmentation_lattuce-desease\felzenszwalb_masks_output\train\HLTY\HLTY_719_s80_0_sg0_5_ms20_boundary.png,D:\gemma4\segmentation_lattuce-desease\felzenszwalb_masks_output\train\HLTY\HLTY_719_s80_0_sg0_5_ms20_colored.png,D:\gemma4\segmentation_lattuce-desease\felzenszwalb_masks_output\train\HLTY\HLTY_719_s80_0_sg0_5_ms20_info.txt
train,HLTY,healthy,D:\gemma4\segmentation_lattuce-desease\Roboflow_Dataset\train\HLTY\HLTY_72.JPG,HLTY_72,1,HLTY_72_s80_0_sg0_5_ms20,D:\gemma4\segmentation_lattuce-desease\felzenszwalb_masks_output\train\HLTY\HLTY_72_s80_0_sg0_5_ms20_raw.png,D:\gemma4\segmentation_lattuce-desease\felzenszwalb_masks_output\train\HLTY\HLTY_72_s80_0_sg0_5_ms20_boundary.png,D:\gemma4\segmentation_lattuce-desease\felzenszwalb_masks_output\train\HLTY\HLTY_72_s80_0_sg0_5_ms20_colored.png,D:\gemma4\segmentation_lattuce-desease\felzenszwalb_masks_output\train\HLTY\HLTY_72_s80_0_sg0_5_ms20_info.txt
train,HLTY,healthy,D:\gemma4\segmentation_lattuce-desease\Roboflow_Dataset\train\HLTY\HLTY_720.JPG,HLTY_720,1,HLTY_720_s80_0_sg0_5_ms20,D:\gemma4\segmentation_lattuce-desease\felzenszwalb_masks_output\train\HLTY\HLTY_720_s80_0_sg0_5_ms20_raw.png,D:\gemma4\segmentation_lattuce-desease\felzenszwalb_masks_output\train\HLTY\HLTY_720_s80_0_sg0_5_ms20_boundary.png,D:\gemma4\segmentation_lattuce-desease\felzenszwalb_masks_output\train\HLTY\HLTY_720_s80_0_sg0_5_ms20_colored.png,D:\gemma4\segmentation_lattuce-desease\felzenszwalb_masks_output\train\HLTY\HLTY_720_s80_0_sg0_5_ms20_info.txt
train,HLTY,healthy,D:\gemma4\segmentation_lattuce-desease\Roboflow_Dataset\train\HLTY\HLTY_721.JPG,HLTY_721,1,HLTY_721_s80_0_sg0_5_ms20,D:\gemma4\segmentation_lattuce-desease\felzenszwalb_masks_output\train\HLTY\HLTY_721_s80_0_sg0_5_ms20_raw.png,D:\gemma4\segmentation_lattuce-desease\felzenszwalb_masks_output\train\HLTY\HLTY_721_s80_0_sg0_5_ms20_boundary.png,D:\gemma4\segmentation_lattuce-desease\felzenszwalb_masks_output\train\HLTY\HLTY_721_s80_0_sg0_5_ms20_colored.png,D:\gemma4\segmentation_lattuce-desease\felzenszwalb_masks_output\train\HLTY\HLTY_721_s80_0_sg0_5_ms20_info.txt
train,HLTY,healthy,D:\gemma4\segmentation_lattuce-desease\Roboflow_Dataset\train\HLTY\HLTY_722.JPG,HLTY_722,1,HLTY_722_s80_0_sg0_5_ms20,D:\gemma4\segmentation_lattuce-desease\felzenszwalb_masks_output\train\HLTY\HLTY_722_s80_0_sg0_5_ms20_raw.png,D:\gemma4\segmentation_lattuce-desease\felzenszwalb_masks_output\train\HLTY\HLTY_722_s80_0_sg0_5_ms20_boundary.png,D:\gemma4\segmentation_lattuce-desease\felzenszwalb_masks_output\train\HLTY\HLTY_722_s80_0_sg0_5_ms20_colored.png,D:\gemma4\segmentation_lattuce-desease\felzenszwalb_masks_output\train\HLTY\HLTY_722_s80_0_sg0_5_ms20_info.txt
train,HLTY,healthy,D:\gemma4\segmentation_lattuce-desease\Roboflow_Dataset\train\HLTY\HLTY_723.JPG,HLTY_723,1,HLTY_723_s80_0_sg0_5_ms20,D:\gemma4\segmentation_lattuce-desease\felzenszwalb_masks_output\train\HLTY\HLTY_723_s80_0_sg0_5_ms20_raw.png,D:\gemma4\segmentation_lattuce-desease\felzenszwalb_masks_output\train\HLTY\HLTY_723_s80_0_sg0_5_ms20_boundary.png,D:\gemma4\segmentation_lattuce-desease\felzenszwalb_masks_output\train\HLTY\HLTY_723_s80_0_sg0_5_ms20_colored.png,D:\gemma4\segmentation_lattuce-desease\felzenszwalb_masks_output\train\HLTY\HLTY_723_s80_0_sg0_5_ms20_info.txt
train,HLTY,healthy,D:\gemma4\segmentation_lattuce-desease\Roboflow_Dataset\train\HLTY\HLTY_724.JPG,HLTY_724,1,HLTY_724_s80_0_sg0_5_ms20,D:\gemma4\segmentation_lattuce-desease\felzenszwalb_masks_output\train\HLTY\HLTY_724_s80_0_sg0_5_ms20_raw.png,D:\gemma4\segmentation_lattuce-desease\felzenszwalb_masks_output\train\HLTY\HLTY_724_s80_0_sg0_5_ms20_boundary.png,D:\gemma4\segmentation_lattuce-desease\felzenszwalb_masks_output\train\HLTY\HLTY_724_s80_0_sg0_5_ms20_colored.png,D:\gemma4\segmentation_lattuce-desease\felzenszwalb_masks_output\train\HLTY\HLTY_724_s80_0_sg0_5_ms20_info.txt
train,HLTY,healthy,D:\gemma4\segmentation_lattuce-desease\Roboflow_Dataset\train\HLTY\HLTY_725.JPG,HLTY_725,1,HLTY_725_s80_0_sg0_5_ms20,D:\gemma4\segmentation_lattuce-desease\felzenszwalb_masks_output\train\HLTY\HLTY_725_s80_0_sg0_5_ms20_raw.png,D:\gemma4\segmentation_lattuce-desease\felzenszwalb_masks_output\train\HLTY\HLTY_725_s80_0_sg0_5_ms20_boundary.png,D:\gemma4\segmentation_lattuce-desease\felzenszwalb_masks_output\train\HLTY\HLTY_725_s80_0_sg0_5_ms20_colored.png,D:\gemma4\segmentation_lattuce-desease\felzenszwalb_masks_output\train\HLTY\HLTY_725_s80_0_sg0_5_ms20_info.txt
train,HLTY,healthy,D:\gemma4\segmentation_lattuce-desease\Roboflow_Dataset\train\HLTY\HLTY_727.JPG,HLTY_727,1,HLTY_727_s80_0_sg0_5_ms20,D:\gemma4\segmentation_lattuce-desease\felzenszwalb_masks_output\train\HLTY\HLTY_727_s80_0_sg0_5_ms20_raw.png,D:\gemma4\segmentation_lattuce-desease\felzenszwalb_masks_output\train\HLTY\HLTY_727_s80_0_sg0_5_ms20_boundary.png,D:\gemma4\segmentation_lattuce-desease\felzenszwalb_masks_output\train\HLTY\HLTY_727_s80_0_sg0_5_ms20_colored.png,D:\gemma4\segmentation_lattuce-desease\felzenszwalb_masks_output\train\HLTY\HLTY_727_s80_0_sg0_5_ms20_info.txt
train,HLTY,healthy,D:\gemma4\segmentation_lattuce-desease\Roboflow_Dataset\train\HLTY\HLTY_728.JPG,HLTY_728,1,HLTY_728_s80_0_sg0_5_ms20,D:\gemma4\segmentation_lattuce-desease\felzenszwalb_masks_output\train\HLTY\HLTY_728_s80_0_sg0_5_ms20_raw.png,D:\gemma4\segmentation_lattuce-desease\felzenszwalb_masks_output\train\HLTY\HLTY_728_s80_0_sg0_5_ms20_boundary.png,D:\gemma4\segmentation_lattuce-desease\felzenszwalb_masks_output\train\HLTY\HLTY_728_s80_0_sg0_5_ms20_colored.png,D:\gemma4\segmentation_lattuce-desease\felzenszwalb_masks_output\train\HLTY\HLTY_728_s80_0_sg0_5_ms20_info.txt
train,HLTY,healthy,D:\gemma4\segmentation_lattuce-desease\Roboflow_Dataset\train\HLTY\HLTY_729.JPG,HLTY_729,1,HLTY_729_s80_0_sg0_5_ms20,D:\gemma4\segmentation_lattuce-desease\felzenszwalb_masks_output\train\HLTY\HLTY_729_s80_0_sg0_5_ms20_raw.png,D:\gemma4\segmentation_lattuce-desease\felzenszwalb_masks_output\train\HLTY\HLTY_729_s80_0_sg0_5_ms20_boundary.png,D:\gemma4\segmentation_lattuce-desease\felzenszwalb_masks_output\train\HLTY\HLTY_729_s80_0_sg0_5_ms20_colored.png,D:\gemma4\segmentation_lattuce-desease\felzenszwalb_masks_output\train\HLTY\HLTY_729_s80_0_sg0_5_ms20_info.txt
train,HLTY,healthy,D:\gemma4\segmentation_lattuce-desease\Roboflow_Dataset\train\HLTY\HLTY_731.JPG,HLTY_731,1,HLTY_731_s80_0_sg0_5_ms20,D:\gemma4\segmentation_lattuce-desease\felzenszwalb_masks_output\train\HLTY\HLTY_731_s80_0_sg0_5_ms20_raw.png,D:\gemma4\segmentation_lattuce-desease\felzenszwalb_masks_output\train\HLTY\HLTY_731_s80_0_sg0_5_ms20_boundary.png,D:\gemma4\segmentation_lattuce-desease\felzenszwalb_masks_output\train\HLTY\HLTY_731_s80_0_sg0_5_ms20_colored.png,D:\gemma4\segmentation_lattuce-desease\felzenszwalb_masks_output\train\HLTY\HLTY_731_s80_0_sg0_5_ms20_info.txt
train,HLTY,healthy,D:\gemma4\segmentation_lattuce-desease\Roboflow_Dataset\train\HLTY\HLTY_732.JPG,HLTY_732,1,HLTY_732_s80_0_sg0_5_ms20,D:\gemma4\segmentation_lattuce-desease\felzenszwalb_masks_output\train\HLTY\HLTY_732_s80_0_sg0_5_ms20_raw.png,D:\gemma4\segmentation_lattuce-desease\felzenszwalb_masks_output\train\HLTY\HLTY_732_s80_0_sg0_5_ms20_boundary.png,D:\gemma4\segmentation_lattuce-desease\felzenszwalb_masks_output\train\HLTY\HLTY_732_s80_0_sg0_5_ms20_colored.png,D:\gemma4\segmentation_lattuce-desease\felzenszwalb_masks_output\train\HLTY\HLTY_732_s80_0_sg0_5_ms20_info.txt
train,HLTY,healthy,D:\gemma4\segmentation_lattuce-desease\Roboflow_Dataset\train\HLTY\HLTY_733.JPG,HLTY_733,1,HLTY_733_s80_0_sg0_5_ms20,D:\gemma4\segmentation_lattuce-desease\felzenszwalb_masks_output\train\HLTY\HLTY_733_s80_0_sg0_5_ms20_raw.png,D:\gemma4\segmentation_lattuce-desease\felzenszwalb_masks_output\train\HLTY\HLTY_733_s80_0_sg0_5_ms20_boundary.png,D:\gemma4\segmentation_lattuce-desease\felzenszwalb_masks_output\train\HLTY\HLTY_733_s80_0_sg0_5_ms20_colored.png,D:\gemma4\segmentation_lattuce-desease\felzenszwalb_masks_output\train\HLTY\HLTY_733_s80_0_sg0_5_ms20_info.txt
train,HLTY,healthy,D:\gemma4\segmentation_lattuce-desease\Roboflow_Dataset\train\HLTY\HLTY_734.JPG,HLTY_734,1,HLTY_734_s80_0_sg0_5_ms20,D:\gemma4\segmentation_lattuce-desease\felzenszwalb_masks_output\train\HLTY\HLTY_734_s80_0_sg0_5_ms20_raw.png,D:\gemma4\segmentation_lattuce-desease\felzenszwalb_masks_output\train\HLTY\HLTY_734_s80_0_sg0_5_ms20_boundary.png,D:\gemma4\segmentation_lattuce-desease\felzenszwalb_masks_output\train\HLTY\HLTY_734_s80_0_sg0_5_ms20_colored.png,D:\gemma4\segmentation_lattuce-desease\felzenszwalb_masks_output\train\HLTY\HLTY_734_s80_0_sg0_5_ms20_info.txt
train,HLTY,healthy,D:\gemma4\segmentation_lattuce-desease\Roboflow_Dataset\train\HLTY\HLTY_735.JPG,HLTY_735,1,HLTY_735_s80_0_sg0_5_ms20,D:\gemma4\segmentation_lattuce-desease\felzenszwalb_masks_output\train\HLTY\HLTY_735_s80_0_sg0_5_ms20_raw.png,D:\gemma4\segmentation_lattuce-desease\felzenszwalb_masks_output\train\HLTY\HLTY_735_s80_0_sg0_5_ms20_boundary.png,D:\gemma4\segmentation_lattuce-desease\felzenszwalb_masks_output\train\HLTY\HLTY_735_s80_0_sg0_5_ms20_colored.png,D:\gemma4\segmentation_lattuce-desease\felzenszwalb_masks_output\train\HLTY\HLTY_735_s80_0_sg0_5_ms20_info.txt
train,HLTY,healthy,D:\gemma4\segmentation_lattuce-desease\Roboflow_Dataset\train\HLTY\HLTY_736.JPG,HLTY_736,1,HLTY_736_s80_0_sg0_5_ms20,D:\gemma4\segmentation_lattuce-desease\felzenszwalb_masks_output\train\HLTY\HLTY_736_s80_0_sg0_5_ms20_raw.png,D:\gemma4\segmentation_lattuce-desease\felzenszwalb_masks_output\train\HLTY\HLTY_736_s80_0_sg0_5_ms20_boundary.png,D:\gemma4\segmentation_lattuce-desease\felzenszwalb_masks_output\train\HLTY\HLTY_736_s80_0_sg0_5_ms20_colored.png,D:\gemma4\segmentation_lattuce-desease\felzenszwalb_masks_output\train\HLTY\HLTY_736_s80_0_sg0_5_ms20_info.txt
train,HLTY,healthy,D:\gemma4\segmentation_lattuce-desease\Roboflow_Dataset\train\HLTY\HLTY_737.JPG,HLTY_737,1,HLTY_737_s80_0_sg0_5_ms20,D:\gemma4\segmentation_lattuce-desease\felzenszwalb_masks_output\train\HLTY\HLTY_737_s80_0_sg0_5_ms20_raw.png,D:\gemma4\segmentation_lattuce-desease\felzenszwalb_masks_output\train\HLTY\HLTY_737_s80_0_sg0_5_ms20_boundary.png,D:\gemma4\segmentation_lattuce-desease\felzenszwalb_masks_output\train\HLTY\HLTY_737_s80_0_sg0_5_ms20_colored.png,D:\gemma4\segmentation_lattuce-desease\felzenszwalb_masks_output\train\HLTY\HLTY_737_s80_0_sg0_5_ms20_info.txt
train,HLTY,healthy,D:\gemma4\segmentation_lattuce-desease\Roboflow_Dataset\train\HLTY\HLTY_738.JPG,HLTY_738,1,HLTY_738_s80_0_sg0_5_ms20,D:\gemma4\segmentation_lattuce-desease\felzenszwalb_masks_output\train\HLTY\HLTY_738_s80_0_sg0_5_ms20_raw.png,D:\gemma4\segmentation_lattuce-desease\felzenszwalb_masks_output\train\HLTY\HLTY_738_s80_0_sg0_5_ms20_boundary.png,D:\gemma4\segmentation_lattuce-desease\felzenszwalb_masks_output\train\HLTY\HLTY_738_s80_0_sg0_5_ms20_colored.png,D:\gemma4\segmentation_lattuce-desease\felzenszwalb_masks_output\train\HLTY\HLTY_738_s80_0_sg0_5_ms20_info.txt
train,HLTY,healthy,D:\gemma4\segmentation_lattuce-desease\Roboflow_Dataset\train\HLTY\HLTY_739.JPG,HLTY_739,1,HLTY_739_s80_0_sg0_5_ms20,D:\gemma4\segmentation_lattuce-desease\felzenszwalb_masks_output\train\HLTY\HLTY_739_s80_0_sg0_5_ms20_raw.png,D:\gemma4\segmentation_lattuce-desease\felzenszwalb_masks_output\train\HLTY\HLTY_739_s80_0_sg0_5_ms20_boundary.png,D:\gemma4\segmentation_lattuce-desease\felzenszwalb_masks_output\train\HLTY\HLTY_739_s80_0_sg0_5_ms20_colored.png,D:\gemma4\segmentation_lattuce-desease\felzenszwalb_masks_output\train\HLTY\HLTY_739_s80_0_sg0_5_ms20_info.txt
train,HLTY,healthy,D:\gemma4\segmentation_lattuce-desease\Roboflow_Dataset\train\HLTY\HLTY_74.JPG,HLTY_74,1,HLTY_74_s80_0_sg0_5_ms20,D:\gemma4\segmentation_lattuce-desease\felzenszwalb_masks_output\train\HLTY\HLTY_74_s80_0_sg0_5_ms20_raw.png,D:\gemma4\segmentation_lattuce-desease\felzenszwalb_masks_output\train\HLTY\HLTY_74_s80_0_sg0_5_ms20_boundary.png,D:\gemma4\segmentation_lattuce-desease\felzenszwalb_masks_output\train\HLTY\HLTY_74_s80_0_sg0_5_ms20_colored.png,D:\gemma4\segmentation_lattuce-desease\felzenszwalb_masks_output\train\HLTY\HLTY_74_s80_0_sg0_5_ms20_info.txt
train,HLTY,healthy,D:\gemma4\segmentation_lattuce-desease\Roboflow_Dataset\train\HLTY\HLTY_740.JPG,HLTY_740,1,HLTY_740_s80_0_sg0_5_ms20,D:\gemma4\segmentation_lattuce-desease\felzenszwalb_masks_output\train\HLTY\HLTY_740_s80_0_sg0_5_ms20_raw.png,D:\gemma4\segmentation_lattuce-desease\felzenszwalb_masks_output\train\HLTY\HLTY_740_s80_0_sg0_5_ms20_boundary.png,D:\gemma4\segmentation_lattuce-desease\felzenszwalb_masks_output\train\HLTY\HLTY_740_s80_0_sg0_5_ms20_colored.png,D:\gemma4\segmentation_lattuce-desease\felzenszwalb_masks_output\train\HLTY\HLTY_740_s80_0_sg0_5_ms20_info.txt
train,HLTY,healthy,D:\gemma4\segmentation_lattuce-desease\Roboflow_Dataset\train\HLTY\HLTY_741.JPG,HLTY_741,1,HLTY_741_s80_0_sg0_5_ms20,D:\gemma4\segmentation_lattuce-desease\felzenszwalb_masks_output\train\HLTY\HLTY_741_s80_0_sg0_5_ms20_raw.png,D:\gemma4\segmentation_lattuce-desease\felzenszwalb_masks_output\train\HLTY\HLTY_741_s80_0_sg0_5_ms20_boundary.png,D:\gemma4\segmentation_lattuce-desease\felzenszwalb_masks_output\train\HLTY\HLTY_741_s80_0_sg0_5_ms20_colored.png,D:\gemma4\segmentation_lattuce-desease\felzenszwalb_masks_output\train\HLTY\HLTY_741_s80_0_sg0_5_ms20_info.txt
train,HLTY,healthy,D:\gemma4\segmentation_lattuce-desease\Roboflow_Dataset\train\HLTY\HLTY_742.JPG,HLTY_742,1,HLTY_742_s80_0_sg0_5_ms20,D:\gemma4\segmentation_lattuce-desease\felzenszwalb_masks_output\train\HLTY\HLTY_742_s80_0_sg0_5_ms20_raw.png,D:\gemma4\segmentation_lattuce-desease\felzenszwalb_masks_output\train\HLTY\HLTY_742_s80_0_sg0_5_ms20_boundary.png,D:\gemma4\segmentation_lattuce-desease\felzenszwalb_masks_output\train\HLTY\HLTY_742_s80_0_sg0_5_ms20_colored.png,D:\gemma4\segmentation_lattuce-desease\felzenszwalb_masks_output\train\HLTY\HLTY_742_s80_0_sg0_5_ms20_info.txt
train,HLTY,healthy,D:\gemma4\segmentation_lattuce-desease\Roboflow_Dataset\train\HLTY\HLTY_743.JPG,HLTY_743,1,HLTY_743_s80_0_sg0_5_ms20,D:\gemma4\segmentation_lattuce-desease\felzenszwalb_masks_output\train\HLTY\HLTY_743_s80_0_sg0_5_ms20_raw.png,D:\gemma4\segmentation_lattuce-desease\felzenszwalb_masks_output\train\HLTY\HLTY_743_s80_0_sg0_5_ms20_boundary.png,D:\gemma4\segmentation_lattuce-desease\felzenszwalb_masks_output\train\HLTY\HLTY_743_s80_0_sg0_5_ms20_colored.png,D:\gemma4\segmentation_lattuce-desease\felzenszwalb_masks_output\train\HLTY\HLTY_743_s80_0_sg0_5_ms20_info.txt
train,HLTY,healthy,D:\gemma4\segmentation_lattuce-desease\Roboflow_Dataset\train\HLTY\HLTY_744.JPG,HLTY_744,1,HLTY_744_s80_0_sg0_5_ms20,D:\gemma4\segmentation_lattuce-desease\felzenszwalb_masks_output\train\HLTY\HLTY_744_s80_0_sg0_5_ms20_raw.png,D:\gemma4\segmentation_lattuce-desease\felzenszwalb_masks_output\train\HLTY\HLTY_744_s80_0_sg0_5_ms20_boundary.png,D:\gemma4\segmentation_lattuce-desease\felzenszwalb_masks_output\train\HLTY\HLTY_744_s80_0_sg0_5_ms20_colored.png,D:\gemma4\segmentation_lattuce-desease\felzenszwalb_masks_output\train\HLTY\HLTY_744_s80_0_sg0_5_ms20_info.txt
train,HLTY,healthy,D:\gemma4\segmentation_lattuce-desease\Roboflow_Dataset\train\HLTY\HLTY_749.JPG,HLTY_749,1,HLTY_749_s80_0_sg0_5_ms20,D:\gemma4\segmentation_lattuce-desease\felzenszwalb_masks_output\train\HLTY\HLTY_749_s80_0_sg0_5_ms20_raw.png,D:\gemma4\segmentation_lattuce-desease\felzenszwalb_masks_output\train\HLTY\HLTY_749_s80_0_sg0_5_ms20_boundary.png,D:\gemma4\segmentation_lattuce-desease\felzenszwalb_masks_output\train\HLTY\HLTY_749_s80_0_sg0_5_ms20_colored.png,D:\gemma4\segmentation_lattuce-desease\felzenszwalb_masks_output\train\HLTY\HLTY_749_s80_0_sg0_5_ms20_info.txt
train,HLTY,healthy,D:\gemma4\segmentation_lattuce-desease\Roboflow_Dataset\train\HLTY\HLTY_75.JPG,HLTY_75,1,HLTY_75_s80_0_sg0_5_ms20,D:\gemma4\segmentation_lattuce-desease\felzenszwalb_masks_output\train\HLTY\HLTY_75_s80_0_sg0_5_ms20_raw.png,D:\gemma4\segmentation_lattuce-desease\felzenszwalb_masks_output\train\HLTY\HLTY_75_s80_0_sg0_5_ms20_boundary.png,D:\gemma4\segmentation_lattuce-desease\felzenszwalb_masks_output\train\HLTY\HLTY_75_s80_0_sg0_5_ms20_colored.png,D:\gemma4\segmentation_lattuce-desease\felzenszwalb_masks_output\train\HLTY\HLTY_75_s80_0_sg0_5_ms20_info.txt
train,HLTY,healthy,D:\gemma4\segmentation_lattuce-desease\Roboflow_Dataset\train\HLTY\HLTY_750.JPG,HLTY_750,1,HLTY_750_s80_0_sg0_5_ms20,D:\gemma4\segmentation_lattuce-desease\felzenszwalb_masks_output\train\HLTY\HLTY_750_s80_0_sg0_5_ms20_raw.png,D:\gemma4\segmentation_lattuce-desease\felzenszwalb_masks_output\train\HLTY\HLTY_750_s80_0_sg0_5_ms20_boundary.png,D:\gemma4\segmentation_lattuce-desease\felzenszwalb_masks_output\train\HLTY\HLTY_750_s80_0_sg0_5_ms20_colored.png,D:\gemma4\segmentation_lattuce-desease\felzenszwalb_masks_output\train\HLTY\HLTY_750_s80_0_sg0_5_ms20_info.txt
train,HLTY,healthy,D:\gemma4\segmentation_lattuce-desease\Roboflow_Dataset\train\HLTY\HLTY_751.JPG,HLTY_751,1,HLTY_751_s80_0_sg0_5_ms20,D:\gemma4\segmentation_lattuce-desease\felzenszwalb_masks_output\train\HLTY\HLTY_751_s80_0_sg0_5_ms20_raw.png,D:\gemma4\segmentation_lattuce-desease\felzenszwalb_masks_output\train\HLTY\HLTY_751_s80_0_sg0_5_ms20_boundary.png,D:\gemma4\segmentation_lattuce-desease\felzenszwalb_masks_output\train\HLTY\HLTY_751_s80_0_sg0_5_ms20_colored.png,D:\gemma4\segmentation_lattuce-desease\felzenszwalb_masks_output\train\HLTY\HLTY_751_s80_0_sg0_5_ms20_info.txt
train,HLTY,healthy,D:\gemma4\segmentation_lattuce-desease\Roboflow_Dataset\train\HLTY\HLTY_752.JPG,HLTY_752,1,HLTY_752_s80_0_sg0_5_ms20,D:\gemma4\segmentation_lattuce-desease\felzenszwalb_masks_output\train\HLTY\HLTY_752_s80_0_sg0_5_ms20_raw.png,D:\gemma4\segmentation_lattuce-desease\felzenszwalb_masks_output\train\HLTY\HLTY_752_s80_0_sg0_5_ms20_boundary.png,D:\gemma4\segmentation_lattuce-desease\felzenszwalb_masks_output\train\HLTY\HLTY_752_s80_0_sg0_5_ms20_colored.png,D:\gemma4\segmentation_lattuce-desease\felzenszwalb_masks_output\train\HLTY\HLTY_752_s80_0_sg0_5_ms20_info.txt
train,HLTY,healthy,D:\gemma4\segmentation_lattuce-desease\Roboflow_Dataset\train\HLTY\HLTY_753.JPG,HLTY_753,1,HLTY_753_s80_0_sg0_5_ms20,D:\gemma4\segmentation_lattuce-desease\felzenszwalb_masks_output\train\HLTY\HLTY_753_s80_0_sg0_5_ms20_raw.png,D:\gemma4\segmentation_lattuce-desease\felzenszwalb_masks_output\train\HLTY\HLTY_753_s80_0_sg0_5_ms20_boundary.png,D:\gemma4\segmentation_lattuce-desease\felzenszwalb_masks_output\train\HLTY\HLTY_753_s80_0_sg0_5_ms20_colored.png,D:\gemma4\segmentation_lattuce-desease\felzenszwalb_masks_output\train\HLTY\HLTY_753_s80_0_sg0_5_ms20_info.txt
train,HLTY,healthy,D:\gemma4\segmentation_lattuce-desease\Roboflow_Dataset\train\HLTY\HLTY_754.JPG,HLTY_754,1,HLTY_754_s80_0_sg0_5_ms20,D:\gemma4\segmentation_lattuce-desease\felzenszwalb_masks_output\train\HLTY\HLTY_754_s80_0_sg0_5_ms20_raw.png,D:\gemma4\segmentation_lattuce-desease\felzenszwalb_masks_output\train\HLTY\HLTY_754_s80_0_sg0_5_ms20_boundary.png,D:\gemma4\segmentation_lattuce-desease\felzenszwalb_masks_output\train\HLTY\HLTY_754_s80_0_sg0_5_ms20_colored.png,D:\gemma4\segmentation_lattuce-desease\felzenszwalb_masks_output\train\HLTY\HLTY_754_s80_0_sg0_5_ms20_info.txt
train,HLTY,healthy,D:\gemma4\segmentation_lattuce-desease\Roboflow_Dataset\train\HLTY\HLTY_755.JPG,HLTY_755,1,HLTY_755_s80_0_sg0_5_ms20,D:\gemma4\segmentation_lattuce-desease\felzenszwalb_masks_output\train\HLTY\HLTY_755_s80_0_sg0_5_ms20_raw.png,D:\gemma4\segmentation_lattuce-desease\felzenszwalb_masks_output\train\HLTY\HLTY_755_s80_0_sg0_5_ms20_boundary.png,D:\gemma4\segmentation_lattuce-desease\felzenszwalb_masks_output\train\HLTY\HLTY_755_s80_0_sg0_5_ms20_colored.png,D:\gemma4\segmentation_lattuce-desease\felzenszwalb_masks_output\train\HLTY\HLTY_755_s80_0_sg0_5_ms20_info.txt
train,HLTY,healthy,D:\gemma4\segmentation_lattuce-desease\Roboflow_Dataset\train\HLTY\HLTY_756.JPG,HLTY_756,1,HLTY_756_s80_0_sg0_5_ms20,D:\gemma4\segmentation_lattuce-desease\felzenszwalb_masks_output\train\HLTY\HLTY_756_s80_0_sg0_5_ms20_raw.png,D:\gemma4\segmentation_lattuce-desease\felzenszwalb_masks_output\train\HLTY\HLTY_756_s80_0_sg0_5_ms20_boundary.png,D:\gemma4\segmentation_lattuce-desease\felzenszwalb_masks_output\train\HLTY\HLTY_756_s80_0_sg0_5_ms20_colored.png,D:\gemma4\segmentation_lattuce-desease\felzenszwalb_masks_output\train\HLTY\HLTY_756_s80_0_sg0_5_ms20_info.txt
train,HLTY,healthy,D:\gemma4\segmentation_lattuce-desease\Roboflow_Dataset\train\HLTY\HLTY_757.JPG,HLTY_757,1,HLTY_757_s80_0_sg0_5_ms20,D:\gemma4\segmentation_lattuce-desease\felzenszwalb_masks_output\train\HLTY\HLTY_757_s80_0_sg0_5_ms20_raw.png,D:\gemma4\segmentation_lattuce-desease\felzenszwalb_masks_output\train\HLTY\HLTY_757_s80_0_sg0_5_ms20_boundary.png,D:\gemma4\segmentation_lattuce-desease\felzenszwalb_masks_output\train\HLTY\HLTY_757_s80_0_sg0_5_ms20_colored.png,D:\gemma4\segmentation_lattuce-desease\felzenszwalb_masks_output\train\HLTY\HLTY_757_s80_0_sg0_5_ms20_info.txt
train,HLTY,healthy,D:\gemma4\segmentation_lattuce-desease\Roboflow_Dataset\train\HLTY\HLTY_759.JPG,HLTY_759,1,HLTY_759_s80_0_sg0_5_ms20,D:\gemma4\segmentation_lattuce-desease\felzenszwalb_masks_output\train\HLTY\HLTY_759_s80_0_sg0_5_ms20_raw.png,D:\gemma4\segmentation_lattuce-desease\felzenszwalb_masks_output\train\HLTY\HLTY_759_s80_0_sg0_5_ms20_boundary.png,D:\gemma4\segmentation_lattuce-desease\felzenszwalb_masks_output\train\HLTY\HLTY_759_s80_0_sg0_5_ms20_colored.png,D:\gemma4\segmentation_lattuce-desease\felzenszwalb_masks_output\train\HLTY\HLTY_759_s80_0_sg0_5_ms20_info.txt
train,HLTY,healthy,D:\gemma4\segmentation_lattuce-desease\Roboflow_Dataset\train\HLTY\HLTY_76.JPG,HLTY_76,1,HLTY_76_s80_0_sg0_5_ms20,D:\gemma4\segmentation_lattuce-desease\felzenszwalb_masks_output\train\HLTY\HLTY_76_s80_0_sg0_5_ms20_raw.png,D:\gemma4\segmentation_lattuce-desease\felzenszwalb_masks_output\train\HLTY\HLTY_76_s80_0_sg0_5_ms20_boundary.png,D:\gemma4\segmentation_lattuce-desease\felzenszwalb_masks_output\train\HLTY\HLTY_76_s80_0_sg0_5_ms20_colored.png,D:\gemma4\segmentation_lattuce-desease\felzenszwalb_masks_output\train\HLTY\HLTY_76_s80_0_sg0_5_ms20_info.txt
train,HLTY,healthy,D:\gemma4\segmentation_lattuce-desease\Roboflow_Dataset\train\HLTY\HLTY_761.JPG,HLTY_761,1,HLTY_761_s80_0_sg0_5_ms20,D:\gemma4\segmentation_lattuce-desease\felzenszwalb_masks_output\train\HLTY\HLTY_761_s80_0_sg0_5_ms20_raw.png,D:\gemma4\segmentation_lattuce-desease\felzenszwalb_masks_output\train\HLTY\HLTY_761_s80_0_sg0_5_ms20_boundary.png,D:\gemma4\segmentation_lattuce-desease\felzenszwalb_masks_output\train\HLTY\HLTY_761_s80_0_sg0_5_ms20_colored.png,D:\gemma4\segmentation_lattuce-desease\felzenszwalb_masks_output\train\HLTY\HLTY_761_s80_0_sg0_5_ms20_info.txt
train,HLTY,healthy,D:\gemma4\segmentation_lattuce-desease\Roboflow_Dataset\train\HLTY\HLTY_762.JPG,HLTY_762,1,HLTY_762_s80_0_sg0_5_ms20,D:\gemma4\segmentation_lattuce-desease\felzenszwalb_masks_output\train\HLTY\HLTY_762_s80_0_sg0_5_ms20_raw.png,D:\gemma4\segmentation_lattuce-desease\felzenszwalb_masks_output\train\HLTY\HLTY_762_s80_0_sg0_5_ms20_boundary.png,D:\gemma4\segmentation_lattuce-desease\felzenszwalb_masks_output\train\HLTY\HLTY_762_s80_0_sg0_5_ms20_colored.png,D:\gemma4\segmentation_lattuce-desease\felzenszwalb_masks_output\train\HLTY\HLTY_762_s80_0_sg0_5_ms20_info.txt
train,HLTY,healthy,D:\gemma4\segmentation_lattuce-desease\Roboflow_Dataset\train\HLTY\HLTY_763.JPG,HLTY_763,1,HLTY_763_s80_0_sg0_5_ms20,D:\gemma4\segmentation_lattuce-desease\felzenszwalb_masks_output\train\HLTY\HLTY_763_s80_0_sg0_5_ms20_raw.png,D:\gemma4\segmentation_lattuce-desease\felzenszwalb_masks_output\train\HLTY\HLTY_763_s80_0_sg0_5_ms20_boundary.png,D:\gemma4\segmentation_lattuce-desease\felzenszwalb_masks_output\train\HLTY\HLTY_763_s80_0_sg0_5_ms20_colored.png,D:\gemma4\segmentation_lattuce-desease\felzenszwalb_masks_output\train\HLTY\HLTY_763_s80_0_sg0_5_ms20_info.txt
train,HLTY,healthy,D:\gemma4\segmentation_lattuce-desease\Roboflow_Dataset\train\HLTY\HLTY_765.JPG,HLTY_765,1,HLTY_765_s80_0_sg0_5_ms20,D:\gemma4\segmentation_lattuce-desease\felzenszwalb_masks_output\train\HLTY\HLTY_765_s80_0_sg0_5_ms20_raw.png,D:\gemma4\segmentation_lattuce-desease\felzenszwalb_masks_output\train\HLTY\HLTY_765_s80_0_sg0_5_ms20_boundary.png,D:\gemma4\segmentation_lattuce-desease\felzenszwalb_masks_output\train\HLTY\HLTY_765_s80_0_sg0_5_ms20_colored.png,D:\gemma4\segmentation_lattuce-desease\felzenszwalb_masks_output\train\HLTY\HLTY_765_s80_0_sg0_5_ms20_info.txt
train,HLTY,healthy,D:\gemma4\segmentation_lattuce-desease\Roboflow_Dataset\train\HLTY\HLTY_767.JPG,HLTY_767,1,HLTY_767_s80_0_sg0_5_ms20,D:\gemma4\segmentation_lattuce-desease\felzenszwalb_masks_output\train\HLTY\HLTY_767_s80_0_sg0_5_ms20_raw.png,D:\gemma4\segmentation_lattuce-desease\felzenszwalb_masks_output\train\HLTY\HLTY_767_s80_0_sg0_5_ms20_boundary.png,D:\gemma4\segmentation_lattuce-desease\felzenszwalb_masks_output\train\HLTY\HLTY_767_s80_0_sg0_5_ms20_colored.png,D:\gemma4\segmentation_lattuce-desease\felzenszwalb_masks_output\train\HLTY\HLTY_767_s80_0_sg0_5_ms20_info.txt
train,HLTY,healthy,D:\gemma4\segmentation_lattuce-desease\Roboflow_Dataset\train\HLTY\HLTY_768.JPG,HLTY_768,1,HLTY_768_s80_0_sg0_5_ms20,D:\gemma4\segmentation_lattuce-desease\felzenszwalb_masks_output\train\HLTY\HLTY_768_s80_0_sg0_5_ms20_raw.png,D:\gemma4\segmentation_lattuce-desease\felzenszwalb_masks_output\train\HLTY\HLTY_768_s80_0_sg0_5_ms20_boundary.png,D:\gemma4\segmentation_lattuce-desease\felzenszwalb_masks_output\train\HLTY\HLTY_768_s80_0_sg0_5_ms20_colored.png,D:\gemma4\segmentation_lattuce-desease\felzenszwalb_masks_output\train\HLTY\HLTY_768_s80_0_sg0_5_ms20_info.txt
train,HLTY,healthy,D:\gemma4\segmentation_lattuce-desease\Roboflow_Dataset\train\HLTY\HLTY_769.JPG,HLTY_769,1,HLTY_769_s80_0_sg0_5_ms20,D:\gemma4\segmentation_lattuce-desease\felzenszwalb_masks_output\train\HLTY\HLTY_769_s80_0_sg0_5_ms20_raw.png,D:\gemma4\segmentation_lattuce-desease\felzenszwalb_masks_output\train\HLTY\HLTY_769_s80_0_sg0_5_ms20_boundary.png,D:\gemma4\segmentation_lattuce-desease\felzenszwalb_masks_output\train\HLTY\HLTY_769_s80_0_sg0_5_ms20_colored.png,D:\gemma4\segmentation_lattuce-desease\felzenszwalb_masks_output\train\HLTY\HLTY_769_s80_0_sg0_5_ms20_info.txt
train,HLTY,healthy,D:\gemma4\segmentation_lattuce-desease\Roboflow_Dataset\train\HLTY\HLTY_770.JPG,HLTY_770,1,HLTY_770_s80_0_sg0_5_ms20,D:\gemma4\segmentation_lattuce-desease\felzenszwalb_masks_output\train\HLTY\HLTY_770_s80_0_sg0_5_ms20_raw.png,D:\gemma4\segmentation_lattuce-desease\felzenszwalb_masks_output\train\HLTY\HLTY_770_s80_0_sg0_5_ms20_boundary.png,D:\gemma4\segmentation_lattuce-desease\felzenszwalb_masks_output\train\HLTY\HLTY_770_s80_0_sg0_5_ms20_colored.png,D:\gemma4\segmentation_lattuce-desease\felzenszwalb_masks_output\train\HLTY\HLTY_770_s80_0_sg0_5_ms20_info.txt
train,HLTY,healthy,D:\gemma4\segmentation_lattuce-desease\Roboflow_Dataset\train\HLTY\HLTY_771.JPG,HLTY_771,1,HLTY_771_s80_0_sg0_5_ms20,D:\gemma4\segmentation_lattuce-desease\felzenszwalb_masks_output\train\HLTY\HLTY_771_s80_0_sg0_5_ms20_raw.png,D:\gemma4\segmentation_lattuce-desease\felzenszwalb_masks_output\train\HLTY\HLTY_771_s80_0_sg0_5_ms20_boundary.png,D:\gemma4\segmentation_lattuce-desease\felzenszwalb_masks_output\train\HLTY\HLTY_771_s80_0_sg0_5_ms20_colored.png,D:\gemma4\segmentation_lattuce-desease\felzenszwalb_masks_output\train\HLTY\HLTY_771_s80_0_sg0_5_ms20_info.txt
train,HLTY,healthy,D:\gemma4\segmentation_lattuce-desease\Roboflow_Dataset\train\HLTY\HLTY_772.JPG,HLTY_772,1,HLTY_772_s80_0_sg0_5_ms20,D:\gemma4\segmentation_lattuce-desease\felzenszwalb_masks_output\train\HLTY\HLTY_772_s80_0_sg0_5_ms20_raw.png,D:\gemma4\segmentation_lattuce-desease\felzenszwalb_masks_output\train\HLTY\HLTY_772_s80_0_sg0_5_ms20_boundary.png,D:\gemma4\segmentation_lattuce-desease\felzenszwalb_masks_output\train\HLTY\HLTY_772_s80_0_sg0_5_ms20_colored.png,D:\gemma4\segmentation_lattuce-desease\felzenszwalb_masks_output\train\HLTY\HLTY_772_s80_0_sg0_5_ms20_info.txt
train,HLTY,healthy,D:\gemma4\segmentation_lattuce-desease\Roboflow_Dataset\train\HLTY\HLTY_773.JPG,HLTY_773,1,HLTY_773_s80_0_sg0_5_ms20,D:\gemma4\segmentation_lattuce-desease\felzenszwalb_masks_output\train\HLTY\HLTY_773_s80_0_sg0_5_ms20_raw.png,D:\gemma4\segmentation_lattuce-desease\felzenszwalb_masks_output\train\HLTY\HLTY_773_s80_0_sg0_5_ms20_boundary.png,D:\gemma4\segmentation_lattuce-desease\felzenszwalb_masks_output\train\HLTY\HLTY_773_s80_0_sg0_5_ms20_colored.png,D:\gemma4\segmentation_lattuce-desease\felzenszwalb_masks_output\train\HLTY\HLTY_773_s80_0_sg0_5_ms20_info.txt
train,HLTY,healthy,D:\gemma4\segmentation_lattuce-desease\Roboflow_Dataset\train\HLTY\HLTY_775.JPG,HLTY_775,1,HLTY_775_s80_0_sg0_5_ms20,D:\gemma4\segmentation_lattuce-desease\felzenszwalb_masks_output\train\HLTY\HLTY_775_s80_0_sg0_5_ms20_raw.png,D:\gemma4\segmentation_lattuce-desease\felzenszwalb_masks_output\train\HLTY\HLTY_775_s80_0_sg0_5_ms20_boundary.png,D:\gemma4\segmentation_lattuce-desease\felzenszwalb_masks_output\train\HLTY\HLTY_775_s80_0_sg0_5_ms20_colored.png,D:\gemma4\segmentation_lattuce-desease\felzenszwalb_masks_output\train\HLTY\HLTY_775_s80_0_sg0_5_ms20_info.txt
train,HLTY,healthy,D:\gemma4\segmentation_lattuce-desease\Roboflow_Dataset\train\HLTY\HLTY_776.JPG,HLTY_776,1,HLTY_776_s80_0_sg0_5_ms20,D:\gemma4\segmentation_lattuce-desease\felzenszwalb_masks_output\train\HLTY\HLTY_776_s80_0_sg0_5_ms20_raw.png,D:\gemma4\segmentation_lattuce-desease\felzenszwalb_masks_output\train\HLTY\HLTY_776_s80_0_sg0_5_ms20_boundary.png,D:\gemma4\segmentation_lattuce-desease\felzenszwalb_masks_output\train\HLTY\HLTY_776_s80_0_sg0_5_ms20_colored.png,D:\gemma4\segmentation_lattuce-desease\felzenszwalb_masks_output\train\HLTY\HLTY_776_s80_0_sg0_5_ms20_info.txt
train,HLTY,healthy,D:\gemma4\segmentation_lattuce-desease\Roboflow_Dataset\train\HLTY\HLTY_777.JPG,HLTY_777,1,HLTY_777_s80_0_sg0_5_ms20,D:\gemma4\segmentation_lattuce-desease\felzenszwalb_masks_output\train\HLTY\HLTY_777_s80_0_sg0_5_ms20_raw.png,D:\gemma4\segmentation_lattuce-desease\felzenszwalb_masks_output\train\HLTY\HLTY_777_s80_0_sg0_5_ms20_boundary.png,D:\gemma4\segmentation_lattuce-desease\felzenszwalb_masks_output\train\HLTY\HLTY_777_s80_0_sg0_5_ms20_colored.png,D:\gemma4\segmentation_lattuce-desease\felzenszwalb_masks_output\train\HLTY\HLTY_777_s80_0_sg0_5_ms20_info.txt
train,HLTY,healthy,D:\gemma4\segmentation_lattuce-desease\Roboflow_Dataset\train\HLTY\HLTY_778.JPG,HLTY_778,1,HLTY_778_s80_0_sg0_5_ms20,D:\gemma4\segmentation_lattuce-desease\felzenszwalb_masks_output\train\HLTY\HLTY_778_s80_0_sg0_5_ms20_raw.png,D:\gemma4\segmentation_lattuce-desease\felzenszwalb_masks_output\train\HLTY\HLTY_778_s80_0_sg0_5_ms20_boundary.png,D:\gemma4\segmentation_lattuce-desease\felzenszwalb_masks_output\train\HLTY\HLTY_778_s80_0_sg0_5_ms20_colored.png,D:\gemma4\segmentation_lattuce-desease\felzenszwalb_masks_output\train\HLTY\HLTY_778_s80_0_sg0_5_ms20_info.txt
train,HLTY,healthy,D:\gemma4\segmentation_lattuce-desease\Roboflow_Dataset\train\HLTY\HLTY_779.JPG,HLTY_779,1,HLTY_779_s80_0_sg0_5_ms20,D:\gemma4\segmentation_lattuce-desease\felzenszwalb_masks_output\train\HLTY\HLTY_779_s80_0_sg0_5_ms20_raw.png,D:\gemma4\segmentation_lattuce-desease\felzenszwalb_masks_output\train\HLTY\HLTY_779_s80_0_sg0_5_ms20_boundary.png,D:\gemma4\segmentation_lattuce-desease\felzenszwalb_masks_output\train\HLTY\HLTY_779_s80_0_sg0_5_ms20_colored.png,D:\gemma4\segmentation_lattuce-desease\felzenszwalb_masks_output\train\HLTY\HLTY_779_s80_0_sg0_5_ms20_info.txt
train,HLTY,healthy,D:\gemma4\segmentation_lattuce-desease\Roboflow_Dataset\train\HLTY\HLTY_78.JPG,HLTY_78,1,HLTY_78_s80_0_sg0_5_ms20,D:\gemma4\segmentation_lattuce-desease\felzenszwalb_masks_output\train\HLTY\HLTY_78_s80_0_sg0_5_ms20_raw.png,D:\gemma4\segmentation_lattuce-desease\felzenszwalb_masks_output\train\HLTY\HLTY_78_s80_0_sg0_5_ms20_boundary.png,D:\gemma4\segmentation_lattuce-desease\felzenszwalb_masks_output\train\HLTY\HLTY_78_s80_0_sg0_5_ms20_colored.png,D:\gemma4\segmentation_lattuce-desease\felzenszwalb_masks_output\train\HLTY\HLTY_78_s80_0_sg0_5_ms20_info.txt
train,HLTY,healthy,D:\gemma4\segmentation_lattuce-desease\Roboflow_Dataset\train\HLTY\HLTY_780.JPG,HLTY_780,1,HLTY_780_s80_0_sg0_5_ms20,D:\gemma4\segmentation_lattuce-desease\felzenszwalb_masks_output\train\HLTY\HLTY_780_s80_0_sg0_5_ms20_raw.png,D:\gemma4\segmentation_lattuce-desease\felzenszwalb_masks_output\train\HLTY\HLTY_780_s80_0_sg0_5_ms20_boundary.png,D:\gemma4\segmentation_lattuce-desease\felzenszwalb_masks_output\train\HLTY\HLTY_780_s80_0_sg0_5_ms20_colored.png,D:\gemma4\segmentation_lattuce-desease\felzenszwalb_masks_output\train\HLTY\HLTY_780_s80_0_sg0_5_ms20_info.txt
train,HLTY,healthy,D:\gemma4\segmentation_lattuce-desease\Roboflow_Dataset\train\HLTY\HLTY_781.JPG,HLTY_781,1,HLTY_781_s80_0_sg0_5_ms20,D:\gemma4\segmentation_lattuce-desease\felzenszwalb_masks_output\train\HLTY\HLTY_781_s80_0_sg0_5_ms20_raw.png,D:\gemma4\segmentation_lattuce-desease\felzenszwalb_masks_output\train\HLTY\HLTY_781_s80_0_sg0_5_ms20_boundary.png,D:\gemma4\segmentation_lattuce-desease\felzenszwalb_masks_output\train\HLTY\HLTY_781_s80_0_sg0_5_ms20_colored.png,D:\gemma4\segmentation_lattuce-desease\felzenszwalb_masks_output\train\HLTY\HLTY_781_s80_0_sg0_5_ms20_info.txt
train,HLTY,healthy,D:\gemma4\segmentation_lattuce-desease\Roboflow_Dataset\train\HLTY\HLTY_782.JPG,HLTY_782,1,HLTY_782_s80_0_sg0_5_ms20,D:\gemma4\segmentation_lattuce-desease\felzenszwalb_masks_output\train\HLTY\HLTY_782_s80_0_sg0_5_ms20_raw.png,D:\gemma4\segmentation_lattuce-desease\felzenszwalb_masks_output\train\HLTY\HLTY_782_s80_0_sg0_5_ms20_boundary.png,D:\gemma4\segmentation_lattuce-desease\felzenszwalb_masks_output\train\HLTY\HLTY_782_s80_0_sg0_5_ms20_colored.png,D:\gemma4\segmentation_lattuce-desease\felzenszwalb_masks_output\train\HLTY\HLTY_782_s80_0_sg0_5_ms20_info.txt
train,HLTY,healthy,D:\gemma4\segmentation_lattuce-desease\Roboflow_Dataset\train\HLTY\HLTY_783.JPG,HLTY_783,1,HLTY_783_s80_0_sg0_5_ms20,D:\gemma4\segmentation_lattuce-desease\felzenszwalb_masks_output\train\HLTY\HLTY_783_s80_0_sg0_5_ms20_raw.png,D:\gemma4\segmentation_lattuce-desease\felzenszwalb_masks_output\train\HLTY\HLTY_783_s80_0_sg0_5_ms20_boundary.png,D:\gemma4\segmentation_lattuce-desease\felzenszwalb_masks_output\train\HLTY\HLTY_783_s80_0_sg0_5_ms20_colored.png,D:\gemma4\segmentation_lattuce-desease\felzenszwalb_masks_output\train\HLTY\HLTY_783_s80_0_sg0_5_ms20_info.txt
train,HLTY,healthy,D:\gemma4\segmentation_lattuce-desease\Roboflow_Dataset\train\HLTY\HLTY_785.JPG,HLTY_785,1,HLTY_785_s80_0_sg0_5_ms20,D:\gemma4\segmentation_lattuce-desease\felzenszwalb_masks_output\train\HLTY\HLTY_785_s80_0_sg0_5_ms20_raw.png,D:\gemma4\segmentation_lattuce-desease\felzenszwalb_masks_output\train\HLTY\HLTY_785_s80_0_sg0_5_ms20_boundary.png,D:\gemma4\segmentation_lattuce-desease\felzenszwalb_masks_output\train\HLTY\HLTY_785_s80_0_sg0_5_ms20_colored.png,D:\gemma4\segmentation_lattuce-desease\felzenszwalb_masks_output\train\HLTY\HLTY_785_s80_0_sg0_5_ms20_info.txt
train,HLTY,healthy,D:\gemma4\segmentation_lattuce-desease\Roboflow_Dataset\train\HLTY\HLTY_786.JPG,HLTY_786,1,HLTY_786_s80_0_sg0_5_ms20,D:\gemma4\segmentation_lattuce-desease\felzenszwalb_masks_output\train\HLTY\HLTY_786_s80_0_sg0_5_ms20_raw.png,D:\gemma4\segmentation_lattuce-desease\felzenszwalb_masks_output\train\HLTY\HLTY_786_s80_0_sg0_5_ms20_boundary.png,D:\gemma4\segmentation_lattuce-desease\felzenszwalb_masks_output\train\HLTY\HLTY_786_s80_0_sg0_5_ms20_colored.png,D:\gemma4\segmentation_lattuce-desease\felzenszwalb_masks_output\train\HLTY\HLTY_786_s80_0_sg0_5_ms20_info.txt
train,HLTY,healthy,D:\gemma4\segmentation_lattuce-desease\Roboflow_Dataset\train\HLTY\HLTY_788.JPG,HLTY_788,1,HLTY_788_s80_0_sg0_5_ms20,D:\gemma4\segmentation_lattuce-desease\felzenszwalb_masks_output\train\HLTY\HLTY_788_s80_0_sg0_5_ms20_raw.png,D:\gemma4\segmentation_lattuce-desease\felzenszwalb_masks_output\train\HLTY\HLTY_788_s80_0_sg0_5_ms20_boundary.png,D:\gemma4\segmentation_lattuce-desease\felzenszwalb_masks_output\train\HLTY\HLTY_788_s80_0_sg0_5_ms20_colored.png,D:\gemma4\segmentation_lattuce-desease\felzenszwalb_masks_output\train\HLTY\HLTY_788_s80_0_sg0_5_ms20_info.txt
train,HLTY,healthy,D:\gemma4\segmentation_lattuce-desease\Roboflow_Dataset\train\HLTY\HLTY_79.JPG,HLTY_79,1,HLTY_79_s80_0_sg0_5_ms20,D:\gemma4\segmentation_lattuce-desease\felzenszwalb_masks_output\train\HLTY\HLTY_79_s80_0_sg0_5_ms20_raw.png,D:\gemma4\segmentation_lattuce-desease\felzenszwalb_masks_output\train\HLTY\HLTY_79_s80_0_sg0_5_ms20_boundary.png,D:\gemma4\segmentation_lattuce-desease\felzenszwalb_masks_output\train\HLTY\HLTY_79_s80_0_sg0_5_ms20_colored.png,D:\gemma4\segmentation_lattuce-desease\felzenszwalb_masks_output\train\HLTY\HLTY_79_s80_0_sg0_5_ms20_info.txt
train,HLTY,healthy,D:\gemma4\segmentation_lattuce-desease\Roboflow_Dataset\train\HLTY\HLTY_790.jpg,HLTY_790,1,HLTY_790_s80_0_sg0_5_ms20,D:\gemma4\segmentation_lattuce-desease\felzenszwalb_masks_output\train\HLTY\HLTY_790_s80_0_sg0_5_ms20_raw.png,D:\gemma4\segmentation_lattuce-desease\felzenszwalb_masks_output\train\HLTY\HLTY_790_s80_0_sg0_5_ms20_boundary.png,D:\gemma4\segmentation_lattuce-desease\felzenszwalb_masks_output\train\HLTY\HLTY_790_s80_0_sg0_5_ms20_colored.png,D:\gemma4\segmentation_lattuce-desease\felzenszwalb_masks_output\train\HLTY\HLTY_790_s80_0_sg0_5_ms20_info.txt
train,HLTY,healthy,D:\gemma4\segmentation_lattuce-desease\Roboflow_Dataset\train\HLTY\HLTY_791.JPG,HLTY_791,1,HLTY_791_s80_0_sg0_5_ms20,D:\gemma4\segmentation_lattuce-desease\felzenszwalb_masks_output\train\HLTY\HLTY_791_s80_0_sg0_5_ms20_raw.png,D:\gemma4\segmentation_lattuce-desease\felzenszwalb_masks_output\train\HLTY\HLTY_791_s80_0_sg0_5_ms20_boundary.png,D:\gemma4\segmentation_lattuce-desease\felzenszwalb_masks_output\train\HLTY\HLTY_791_s80_0_sg0_5_ms20_colored.png,D:\gemma4\segmentation_lattuce-desease\felzenszwalb_masks_output\train\HLTY\HLTY_791_s80_0_sg0_5_ms20_info.txt
train,HLTY,healthy,D:\gemma4\segmentation_lattuce-desease\Roboflow_Dataset\train\HLTY\HLTY_792.JPG,HLTY_792,1,HLTY_792_s80_0_sg0_5_ms20,D:\gemma4\segmentation_lattuce-desease\felzenszwalb_masks_output\train\HLTY\HLTY_792_s80_0_sg0_5_ms20_raw.png,D:\gemma4\segmentation_lattuce-desease\felzenszwalb_masks_output\train\HLTY\HLTY_792_s80_0_sg0_5_ms20_boundary.png,D:\gemma4\segmentation_lattuce-desease\felzenszwalb_masks_output\train\HLTY\HLTY_792_s80_0_sg0_5_ms20_colored.png,D:\gemma4\segmentation_lattuce-desease\felzenszwalb_masks_output\train\HLTY\HLTY_792_s80_0_sg0_5_ms20_info.txt
train,HLTY,healthy,D:\gemma4\segmentation_lattuce-desease\Roboflow_Dataset\train\HLTY\HLTY_793.JPG,HLTY_793,1,HLTY_793_s80_0_sg0_5_ms20,D:\gemma4\segmentation_lattuce-desease\felzenszwalb_masks_output\train\HLTY\HLTY_793_s80_0_sg0_5_ms20_raw.png,D:\gemma4\segmentation_lattuce-desease\felzenszwalb_masks_output\train\HLTY\HLTY_793_s80_0_sg0_5_ms20_boundary.png,D:\gemma4\segmentation_lattuce-desease\felzenszwalb_masks_output\train\HLTY\HLTY_793_s80_0_sg0_5_ms20_colored.png,D:\gemma4\segmentation_lattuce-desease\felzenszwalb_masks_output\train\HLTY\HLTY_793_s80_0_sg0_5_ms20_info.txt
train,HLTY,healthy,D:\gemma4\segmentation_lattuce-desease\Roboflow_Dataset\train\HLTY\HLTY_796.JPG,HLTY_796,1,HLTY_796_s80_0_sg0_5_ms20,D:\gemma4\segmentation_lattuce-desease\felzenszwalb_masks_output\train\HLTY\HLTY_796_s80_0_sg0_5_ms20_raw.png,D:\gemma4\segmentation_lattuce-desease\felzenszwalb_masks_output\train\HLTY\HLTY_796_s80_0_sg0_5_ms20_boundary.png,D:\gemma4\segmentation_lattuce-desease\felzenszwalb_masks_output\train\HLTY\HLTY_796_s80_0_sg0_5_ms20_colored.png,D:\gemma4\segmentation_lattuce-desease\felzenszwalb_masks_output\train\HLTY\HLTY_796_s80_0_sg0_5_ms20_info.txt
train,HLTY,healthy,D:\gemma4\segmentation_lattuce-desease\Roboflow_Dataset\train\HLTY\HLTY_797.JPG,HLTY_797,1,HLTY_797_s80_0_sg0_5_ms20,D:\gemma4\segmentation_lattuce-desease\felzenszwalb_masks_output\train\HLTY\HLTY_797_s80_0_sg0_5_ms20_raw.png,D:\gemma4\segmentation_lattuce-desease\felzenszwalb_masks_output\train\HLTY\HLTY_797_s80_0_sg0_5_ms20_boundary.png,D:\gemma4\segmentation_lattuce-desease\felzenszwalb_masks_output\train\HLTY\HLTY_797_s80_0_sg0_5_ms20_colored.png,D:\gemma4\segmentation_lattuce-desease\felzenszwalb_masks_output\train\HLTY\HLTY_797_s80_0_sg0_5_ms20_info.txt
train,HLTY,healthy,D:\gemma4\segmentation_lattuce-desease\Roboflow_Dataset\train\HLTY\HLTY_798.JPG,HLTY_798,1,HLTY_798_s80_0_sg0_5_ms20,D:\gemma4\segmentation_lattuce-desease\felzenszwalb_masks_output\train\HLTY\HLTY_798_s80_0_sg0_5_ms20_raw.png,D:\gemma4\segmentation_lattuce-desease\felzenszwalb_masks_output\train\HLTY\HLTY_798_s80_0_sg0_5_ms20_boundary.png,D:\gemma4\segmentation_lattuce-desease\felzenszwalb_masks_output\train\HLTY\HLTY_798_s80_0_sg0_5_ms20_colored.png,D:\gemma4\segmentation_lattuce-desease\felzenszwalb_masks_output\train\HLTY\HLTY_798_s80_0_sg0_5_ms20_info.txt
train,HLTY,healthy,D:\gemma4\segmentation_lattuce-desease\Roboflow_Dataset\train\HLTY\HLTY_799.JPG,HLTY_799,1,HLTY_799_s80_0_sg0_5_ms20,D:\gemma4\segmentation_lattuce-desease\felzenszwalb_masks_output\train\HLTY\HLTY_799_s80_0_sg0_5_ms20_raw.png,D:\gemma4\segmentation_lattuce-desease\felzenszwalb_masks_output\train\HLTY\HLTY_799_s80_0_sg0_5_ms20_boundary.png,D:\gemma4\segmentation_lattuce-desease\felzenszwalb_masks_output\train\HLTY\HLTY_799_s80_0_sg0_5_ms20_colored.png,D:\gemma4\segmentation_lattuce-desease\felzenszwalb_masks_output\train\HLTY\HLTY_799_s80_0_sg0_5_ms20_info.txt
train,HLTY,healthy,D:\gemma4\segmentation_lattuce-desease\Roboflow_Dataset\train\HLTY\HLTY_8.JPG,HLTY_8,1,HLTY_8_s80_0_sg0_5_ms20,D:\gemma4\segmentation_lattuce-desease\felzenszwalb_masks_output\train\HLTY\HLTY_8_s80_0_sg0_5_ms20_raw.png,D:\gemma4\segmentation_lattuce-desease\felzenszwalb_masks_output\train\HLTY\HLTY_8_s80_0_sg0_5_ms20_boundary.png,D:\gemma4\segmentation_lattuce-desease\felzenszwalb_masks_output\train\HLTY\HLTY_8_s80_0_sg0_5_ms20_colored.png,D:\gemma4\segmentation_lattuce-desease\felzenszwalb_masks_output\train\HLTY\HLTY_8_s80_0_sg0_5_ms20_info.txt
train,HLTY,healthy,D:\gemma4\segmentation_lattuce-desease\Roboflow_Dataset\train\HLTY\HLTY_80.JPG,HLTY_80,1,HLTY_80_s80_0_sg0_5_ms20,D:\gemma4\segmentation_lattuce-desease\felzenszwalb_masks_output\train\HLTY\HLTY_80_s80_0_sg0_5_ms20_raw.png,D:\gemma4\segmentation_lattuce-desease\felzenszwalb_masks_output\train\HLTY\HLTY_80_s80_0_sg0_5_ms20_boundary.png,D:\gemma4\segmentation_lattuce-desease\felzenszwalb_masks_output\train\HLTY\HLTY_80_s80_0_sg0_5_ms20_colored.png,D:\gemma4\segmentation_lattuce-desease\felzenszwalb_masks_output\train\HLTY\HLTY_80_s80_0_sg0_5_ms20_info.txt
train,HLTY,healthy,D:\gemma4\segmentation_lattuce-desease\Roboflow_Dataset\train\HLTY\HLTY_801.JPG,HLTY_801,1,HLTY_801_s80_0_sg0_5_ms20,D:\gemma4\segmentation_lattuce-desease\felzenszwalb_masks_output\train\HLTY\HLTY_801_s80_0_sg0_5_ms20_raw.png,D:\gemma4\segmentation_lattuce-desease\felzenszwalb_masks_output\train\HLTY\HLTY_801_s80_0_sg0_5_ms20_boundary.png,D:\gemma4\segmentation_lattuce-desease\felzenszwalb_masks_output\train\HLTY\HLTY_801_s80_0_sg0_5_ms20_colored.png,D:\gemma4\segmentation_lattuce-desease\felzenszwalb_masks_output\train\HLTY\HLTY_801_s80_0_sg0_5_ms20_info.txt
train,HLTY,healthy,D:\gemma4\segmentation_lattuce-desease\Roboflow_Dataset\train\HLTY\HLTY_802.JPG,HLTY_802,1,HLTY_802_s80_0_sg0_5_ms20,D:\gemma4\segmentation_lattuce-desease\felzenszwalb_masks_output\train\HLTY\HLTY_802_s80_0_sg0_5_ms20_raw.png,D:\gemma4\segmentation_lattuce-desease\felzenszwalb_masks_output\train\HLTY\HLTY_802_s80_0_sg0_5_ms20_boundary.png,D:\gemma4\segmentation_lattuce-desease\felzenszwalb_masks_output\train\HLTY\HLTY_802_s80_0_sg0_5_ms20_colored.png,D:\gemma4\segmentation_lattuce-desease\felzenszwalb_masks_output\train\HLTY\HLTY_802_s80_0_sg0_5_ms20_info.txt
train,HLTY,healthy,D:\gemma4\segmentation_lattuce-desease\Roboflow_Dataset\train\HLTY\HLTY_803.JPG,HLTY_803,1,HLTY_803_s80_0_sg0_5_ms20,D:\gemma4\segmentation_lattuce-desease\felzenszwalb_masks_output\train\HLTY\HLTY_803_s80_0_sg0_5_ms20_raw.png,D:\gemma4\segmentation_lattuce-desease\felzenszwalb_masks_output\train\HLTY\HLTY_803_s80_0_sg0_5_ms20_boundary.png,D:\gemma4\segmentation_lattuce-desease\felzenszwalb_masks_output\train\HLTY\HLTY_803_s80_0_sg0_5_ms20_colored.png,D:\gemma4\segmentation_lattuce-desease\felzenszwalb_masks_output\train\HLTY\HLTY_803_s80_0_sg0_5_ms20_info.txt
train,HLTY,healthy,D:\gemma4\segmentation_lattuce-desease\Roboflow_Dataset\train\HLTY\HLTY_804.JPG,HLTY_804,1,HLTY_804_s80_0_sg0_5_ms20,D:\gemma4\segmentation_lattuce-desease\felzenszwalb_masks_output\train\HLTY\HLTY_804_s80_0_sg0_5_ms20_raw.png,D:\gemma4\segmentation_lattuce-desease\felzenszwalb_masks_output\train\HLTY\HLTY_804_s80_0_sg0_5_ms20_boundary.png,D:\gemma4\segmentation_lattuce-desease\felzenszwalb_masks_output\train\HLTY\HLTY_804_s80_0_sg0_5_ms20_colored.png,D:\gemma4\segmentation_lattuce-desease\felzenszwalb_masks_output\train\HLTY\HLTY_804_s80_0_sg0_5_ms20_info.txt
train,HLTY,healthy,D:\gemma4\segmentation_lattuce-desease\Roboflow_Dataset\train\HLTY\HLTY_805.JPG,HLTY_805,1,HLTY_805_s80_0_sg0_5_ms20,D:\gemma4\segmentation_lattuce-desease\felzenszwalb_masks_output\train\HLTY\HLTY_805_s80_0_sg0_5_ms20_raw.png,D:\gemma4\segmentation_lattuce-desease\felzenszwalb_masks_output\train\HLTY\HLTY_805_s80_0_sg0_5_ms20_boundary.png,D:\gemma4\segmentation_lattuce-desease\felzenszwalb_masks_output\train\HLTY\HLTY_805_s80_0_sg0_5_ms20_colored.png,D:\gemma4\segmentation_lattuce-desease\felzenszwalb_masks_output\train\HLTY\HLTY_805_s80_0_sg0_5_ms20_info.txt
train,HLTY,healthy,D:\gemma4\segmentation_lattuce-desease\Roboflow_Dataset\train\HLTY\HLTY_807.JPG,HLTY_807,1,HLTY_807_s80_0_sg0_5_ms20,D:\gemma4\segmentation_lattuce-desease\felzenszwalb_masks_output\train\HLTY\HLTY_807_s80_0_sg0_5_ms20_raw.png,D:\gemma4\segmentation_lattuce-desease\felzenszwalb_masks_output\train\HLTY\HLTY_807_s80_0_sg0_5_ms20_boundary.png,D:\gemma4\segmentation_lattuce-desease\felzenszwalb_masks_output\train\HLTY\HLTY_807_s80_0_sg0_5_ms20_colored.png,D:\gemma4\segmentation_lattuce-desease\felzenszwalb_masks_output\train\HLTY\HLTY_807_s80_0_sg0_5_ms20_info.txt
train,HLTY,healthy,D:\gemma4\segmentation_lattuce-desease\Roboflow_Dataset\train\HLTY\HLTY_808.JPG,HLTY_808,1,HLTY_808_s80_0_sg0_5_ms20,D:\gemma4\segmentation_lattuce-desease\felzenszwalb_masks_output\train\HLTY\HLTY_808_s80_0_sg0_5_ms20_raw.png,D:\gemma4\segmentation_lattuce-desease\felzenszwalb_masks_output\train\HLTY\HLTY_808_s80_0_sg0_5_ms20_boundary.png,D:\gemma4\segmentation_lattuce-desease\felzenszwalb_masks_output\train\HLTY\HLTY_808_s80_0_sg0_5_ms20_colored.png,D:\gemma4\segmentation_lattuce-desease\felzenszwalb_masks_output\train\HLTY\HLTY_808_s80_0_sg0_5_ms20_info.txt
train,HLTY,healthy,D:\gemma4\segmentation_lattuce-desease\Roboflow_Dataset\train\HLTY\HLTY_81.JPG,HLTY_81,1,HLTY_81_s80_0_sg0_5_ms20,D:\gemma4\segmentation_lattuce-desease\felzenszwalb_masks_output\train\HLTY\HLTY_81_s80_0_sg0_5_ms20_raw.png,D:\gemma4\segmentation_lattuce-desease\felzenszwalb_masks_output\train\HLTY\HLTY_81_s80_0_sg0_5_ms20_boundary.png,D:\gemma4\segmentation_lattuce-desease\felzenszwalb_masks_output\train\HLTY\HLTY_81_s80_0_sg0_5_ms20_colored.png,D:\gemma4\segmentation_lattuce-desease\felzenszwalb_masks_output\train\HLTY\HLTY_81_s80_0_sg0_5_ms20_info.txt
train,HLTY,healthy,D:\gemma4\segmentation_lattuce-desease\Roboflow_Dataset\train\HLTY\HLTY_810.JPG,HLTY_810,1,HLTY_810_s80_0_sg0_5_ms20,D:\gemma4\segmentation_lattuce-desease\felzenszwalb_masks_output\train\HLTY\HLTY_810_s80_0_sg0_5_ms20_raw.png,D:\gemma4\segmentation_lattuce-desease\felzenszwalb_masks_output\train\HLTY\HLTY_810_s80_0_sg0_5_ms20_boundary.png,D:\gemma4\segmentation_lattuce-desease\felzenszwalb_masks_output\train\HLTY\HLTY_810_s80_0_sg0_5_ms20_colored.png,D:\gemma4\segmentation_lattuce-desease\felzenszwalb_masks_output\train\HLTY\HLTY_810_s80_0_sg0_5_ms20_info.txt
train,HLTY,healthy,D:\gemma4\segmentation_lattuce-desease\Roboflow_Dataset\train\HLTY\HLTY_811.JPG,HLTY_811,1,HLTY_811_s80_0_sg0_5_ms20,D:\gemma4\segmentation_lattuce-desease\felzenszwalb_masks_output\train\HLTY\HLTY_811_s80_0_sg0_5_ms20_raw.png,D:\gemma4\segmentation_lattuce-desease\felzenszwalb_masks_output\train\HLTY\HLTY_811_s80_0_sg0_5_ms20_boundary.png,D:\gemma4\segmentation_lattuce-desease\felzenszwalb_masks_output\train\HLTY\HLTY_811_s80_0_sg0_5_ms20_colored.png,D:\gemma4\segmentation_lattuce-desease\felzenszwalb_masks_output\train\HLTY\HLTY_811_s80_0_sg0_5_ms20_info.txt
train,HLTY,healthy,D:\gemma4\segmentation_lattuce-desease\Roboflow_Dataset\train\HLTY\HLTY_812.JPG,HLTY_812,1,HLTY_812_s80_0_sg0_5_ms20,D:\gemma4\segmentation_lattuce-desease\felzenszwalb_masks_output\train\HLTY\HLTY_812_s80_0_sg0_5_ms20_raw.png,D:\gemma4\segmentation_lattuce-desease\felzenszwalb_masks_output\train\HLTY\HLTY_812_s80_0_sg0_5_ms20_boundary.png,D:\gemma4\segmentation_lattuce-desease\felzenszwalb_masks_output\train\HLTY\HLTY_812_s80_0_sg0_5_ms20_colored.png,D:\gemma4\segmentation_lattuce-desease\felzenszwalb_masks_output\train\HLTY\HLTY_812_s80_0_sg0_5_ms20_info.txt
train,HLTY,healthy,D:\gemma4\segmentation_lattuce-desease\Roboflow_Dataset\train\HLTY\HLTY_813.JPG,HLTY_813,1,HLTY_813_s80_0_sg0_5_ms20,D:\gemma4\segmentation_lattuce-desease\felzenszwalb_masks_output\train\HLTY\HLTY_813_s80_0_sg0_5_ms20_raw.png,D:\gemma4\segmentation_lattuce-desease\felzenszwalb_masks_output\train\HLTY\HLTY_813_s80_0_sg0_5_ms20_boundary.png,D:\gemma4\segmentation_lattuce-desease\felzenszwalb_masks_output\train\HLTY\HLTY_813_s80_0_sg0_5_ms20_colored.png,D:\gemma4\segmentation_lattuce-desease\felzenszwalb_masks_output\train\HLTY\HLTY_813_s80_0_sg0_5_ms20_info.txt
train,HLTY,healthy,D:\gemma4\segmentation_lattuce-desease\Roboflow_Dataset\train\HLTY\HLTY_814.JPG,HLTY_814,1,HLTY_814_s80_0_sg0_5_ms20,D:\gemma4\segmentation_lattuce-desease\felzenszwalb_masks_output\train\HLTY\HLTY_814_s80_0_sg0_5_ms20_raw.png,D:\gemma4\segmentation_lattuce-desease\felzenszwalb_masks_output\train\HLTY\HLTY_814_s80_0_sg0_5_ms20_boundary.png,D:\gemma4\segmentation_lattuce-desease\felzenszwalb_masks_output\train\HLTY\HLTY_814_s80_0_sg0_5_ms20_colored.png,D:\gemma4\segmentation_lattuce-desease\felzenszwalb_masks_output\train\HLTY\HLTY_814_s80_0_sg0_5_ms20_info.txt
train,HLTY,healthy,D:\gemma4\segmentation_lattuce-desease\Roboflow_Dataset\train\HLTY\HLTY_817.JPG,HLTY_817,1,HLTY_817_s80_0_sg0_5_ms20,D:\gemma4\segmentation_lattuce-desease\felzenszwalb_masks_output\train\HLTY\HLTY_817_s80_0_sg0_5_ms20_raw.png,D:\gemma4\segmentation_lattuce-desease\felzenszwalb_masks_output\train\HLTY\HLTY_817_s80_0_sg0_5_ms20_boundary.png,D:\gemma4\segmentation_lattuce-desease\felzenszwalb_masks_output\train\HLTY\HLTY_817_s80_0_sg0_5_ms20_colored.png,D:\gemma4\segmentation_lattuce-desease\felzenszwalb_masks_output\train\HLTY\HLTY_817_s80_0_sg0_5_ms20_info.txt
train,HLTY,healthy,D:\gemma4\segmentation_lattuce-desease\Roboflow_Dataset\train\HLTY\HLTY_818.JPG,HLTY_818,1,HLTY_818_s80_0_sg0_5_ms20,D:\gemma4\segmentation_lattuce-desease\felzenszwalb_masks_output\train\HLTY\HLTY_818_s80_0_sg0_5_ms20_raw.png,D:\gemma4\segmentation_lattuce-desease\felzenszwalb_masks_output\train\HLTY\HLTY_818_s80_0_sg0_5_ms20_boundary.png,D:\gemma4\segmentation_lattuce-desease\felzenszwalb_masks_output\train\HLTY\HLTY_818_s80_0_sg0_5_ms20_colored.png,D:\gemma4\segmentation_lattuce-desease\felzenszwalb_masks_output\train\HLTY\HLTY_818_s80_0_sg0_5_ms20_info.txt
train,HLTY,healthy,D:\gemma4\segmentation_lattuce-desease\Roboflow_Dataset\train\HLTY\HLTY_819.JPG,HLTY_819,1,HLTY_819_s80_0_sg0_5_ms20,D:\gemma4\segmentation_lattuce-desease\felzenszwalb_masks_output\train\HLTY\HLTY_819_s80_0_sg0_5_ms20_raw.png,D:\gemma4\segmentation_lattuce-desease\felzenszwalb_masks_output\train\HLTY\HLTY_819_s80_0_sg0_5_ms20_boundary.png,D:\gemma4\segmentation_lattuce-desease\felzenszwalb_masks_output\train\HLTY\HLTY_819_s80_0_sg0_5_ms20_colored.png,D:\gemma4\segmentation_lattuce-desease\felzenszwalb_masks_output\train\HLTY\HLTY_819_s80_0_sg0_5_ms20_info.txt
train,HLTY,healthy,D:\gemma4\segmentation_lattuce-desease\Roboflow_Dataset\train\HLTY\HLTY_82.jpg,HLTY_82,1,HLTY_82_s80_0_sg0_5_ms20,D:\gemma4\segmentation_lattuce-desease\felzenszwalb_masks_output\train\HLTY\HLTY_82_s80_0_sg0_5_ms20_raw.png,D:\gemma4\segmentation_lattuce-desease\felzenszwalb_masks_output\train\HLTY\HLTY_82_s80_0_sg0_5_ms20_boundary.png,D:\gemma4\segmentation_lattuce-desease\felzenszwalb_masks_output\train\HLTY\HLTY_82_s80_0_sg0_5_ms20_colored.png,D:\gemma4\segmentation_lattuce-desease\felzenszwalb_masks_output\train\HLTY\HLTY_82_s80_0_sg0_5_ms20_info.txt
train,HLTY,healthy,D:\gemma4\segmentation_lattuce-desease\Roboflow_Dataset\train\HLTY\HLTY_820.JPG,HLTY_820,1,HLTY_820_s80_0_sg0_5_ms20,D:\gemma4\segmentation_lattuce-desease\felzenszwalb_masks_output\train\HLTY\HLTY_820_s80_0_sg0_5_ms20_raw.png,D:\gemma4\segmentation_lattuce-desease\felzenszwalb_masks_output\train\HLTY\HLTY_820_s80_0_sg0_5_ms20_boundary.png,D:\gemma4\segmentation_lattuce-desease\felzenszwalb_masks_output\train\HLTY\HLTY_820_s80_0_sg0_5_ms20_colored.png,D:\gemma4\segmentation_lattuce-desease\felzenszwalb_masks_output\train\HLTY\HLTY_820_s80_0_sg0_5_ms20_info.txt
train,HLTY,healthy,D:\gemma4\segmentation_lattuce-desease\Roboflow_Dataset\train\HLTY\HLTY_821.JPG,HLTY_821,1,HLTY_821_s80_0_sg0_5_ms20,D:\gemma4\segmentation_lattuce-desease\felzenszwalb_masks_output\train\HLTY\HLTY_821_s80_0_sg0_5_ms20_raw.png,D:\gemma4\segmentation_lattuce-desease\felzenszwalb_masks_output\train\HLTY\HLTY_821_s80_0_sg0_5_ms20_boundary.png,D:\gemma4\segmentation_lattuce-desease\felzenszwalb_masks_output\train\HLTY\HLTY_821_s80_0_sg0_5_ms20_colored.png,D:\gemma4\segmentation_lattuce-desease\felzenszwalb_masks_output\train\HLTY\HLTY_821_s80_0_sg0_5_ms20_info.txt
train,HLTY,healthy,D:\gemma4\segmentation_lattuce-desease\Roboflow_Dataset\train\HLTY\HLTY_822.JPG,HLTY_822,1,HLTY_822_s80_0_sg0_5_ms20,D:\gemma4\segmentation_lattuce-desease\felzenszwalb_masks_output\train\HLTY\HLTY_822_s80_0_sg0_5_ms20_raw.png,D:\gemma4\segmentation_lattuce-desease\felzenszwalb_masks_output\train\HLTY\HLTY_822_s80_0_sg0_5_ms20_boundary.png,D:\gemma4\segmentation_lattuce-desease\felzenszwalb_masks_output\train\HLTY\HLTY_822_s80_0_sg0_5_ms20_colored.png,D:\gemma4\segmentation_lattuce-desease\felzenszwalb_masks_output\train\HLTY\HLTY_822_s80_0_sg0_5_ms20_info.txt
train,HLTY,healthy,D:\gemma4\segmentation_lattuce-desease\Roboflow_Dataset\train\HLTY\HLTY_823.JPG,HLTY_823,1,HLTY_823_s80_0_sg0_5_ms20,D:\gemma4\segmentation_lattuce-desease\felzenszwalb_masks_output\train\HLTY\HLTY_823_s80_0_sg0_5_ms20_raw.png,D:\gemma4\segmentation_lattuce-desease\felzenszwalb_masks_output\train\HLTY\HLTY_823_s80_0_sg0_5_ms20_boundary.png,D:\gemma4\segmentation_lattuce-desease\felzenszwalb_masks_output\train\HLTY\HLTY_823_s80_0_sg0_5_ms20_colored.png,D:\gemma4\segmentation_lattuce-desease\felzenszwalb_masks_output\train\HLTY\HLTY_823_s80_0_sg0_5_ms20_info.txt
train,HLTY,healthy,D:\gemma4\segmentation_lattuce-desease\Roboflow_Dataset\train\HLTY\HLTY_824.JPG,HLTY_824,1,HLTY_824_s80_0_sg0_5_ms20,D:\gemma4\segmentation_lattuce-desease\felzenszwalb_masks_output\train\HLTY\HLTY_824_s80_0_sg0_5_ms20_raw.png,D:\gemma4\segmentation_lattuce-desease\felzenszwalb_masks_output\train\HLTY\HLTY_824_s80_0_sg0_5_ms20_boundary.png,D:\gemma4\segmentation_lattuce-desease\felzenszwalb_masks_output\train\HLTY\HLTY_824_s80_0_sg0_5_ms20_colored.png,D:\gemma4\segmentation_lattuce-desease\felzenszwalb_masks_output\train\HLTY\HLTY_824_s80_0_sg0_5_ms20_info.txt
train,HLTY,healthy,D:\gemma4\segmentation_lattuce-desease\Roboflow_Dataset\train\HLTY\HLTY_825.JPG,HLTY_825,1,HLTY_825_s80_0_sg0_5_ms20,D:\gemma4\segmentation_lattuce-desease\felzenszwalb_masks_output\train\HLTY\HLTY_825_s80_0_sg0_5_ms20_raw.png,D:\gemma4\segmentation_lattuce-desease\felzenszwalb_masks_output\train\HLTY\HLTY_825_s80_0_sg0_5_ms20_boundary.png,D:\gemma4\segmentation_lattuce-desease\felzenszwalb_masks_output\train\HLTY\HLTY_825_s80_0_sg0_5_ms20_colored.png,D:\gemma4\segmentation_lattuce-desease\felzenszwalb_masks_output\train\HLTY\HLTY_825_s80_0_sg0_5_ms20_info.txt
train,HLTY,healthy,D:\gemma4\segmentation_lattuce-desease\Roboflow_Dataset\train\HLTY\HLTY_826.JPG,HLTY_826,1,HLTY_826_s80_0_sg0_5_ms20,D:\gemma4\segmentation_lattuce-desease\felzenszwalb_masks_output\train\HLTY\HLTY_826_s80_0_sg0_5_ms20_raw.png,D:\gemma4\segmentation_lattuce-desease\felzenszwalb_masks_output\train\HLTY\HLTY_826_s80_0_sg0_5_ms20_boundary.png,D:\gemma4\segmentation_lattuce-desease\felzenszwalb_masks_output\train\HLTY\HLTY_826_s80_0_sg0_5_ms20_colored.png,D:\gemma4\segmentation_lattuce-desease\felzenszwalb_masks_output\train\HLTY\HLTY_826_s80_0_sg0_5_ms20_info.txt
train,HLTY,healthy,D:\gemma4\segmentation_lattuce-desease\Roboflow_Dataset\train\HLTY\HLTY_827.JPG,HLTY_827,1,HLTY_827_s80_0_sg0_5_ms20,D:\gemma4\segmentation_lattuce-desease\felzenszwalb_masks_output\train\HLTY\HLTY_827_s80_0_sg0_5_ms20_raw.png,D:\gemma4\segmentation_lattuce-desease\felzenszwalb_masks_output\train\HLTY\HLTY_827_s80_0_sg0_5_ms20_boundary.png,D:\gemma4\segmentation_lattuce-desease\felzenszwalb_masks_output\train\HLTY\HLTY_827_s80_0_sg0_5_ms20_colored.png,D:\gemma4\segmentation_lattuce-desease\felzenszwalb_masks_output\train\HLTY\HLTY_827_s80_0_sg0_5_ms20_info.txt
train,HLTY,healthy,D:\gemma4\segmentation_lattuce-desease\Roboflow_Dataset\train\HLTY\HLTY_828.JPG,HLTY_828,1,HLTY_828_s80_0_sg0_5_ms20,D:\gemma4\segmentation_lattuce-desease\felzenszwalb_masks_output\train\HLTY\HLTY_828_s80_0_sg0_5_ms20_raw.png,D:\gemma4\segmentation_lattuce-desease\felzenszwalb_masks_output\train\HLTY\HLTY_828_s80_0_sg0_5_ms20_boundary.png,D:\gemma4\segmentation_lattuce-desease\felzenszwalb_masks_output\train\HLTY\HLTY_828_s80_0_sg0_5_ms20_colored.png,D:\gemma4\segmentation_lattuce-desease\felzenszwalb_masks_output\train\HLTY\HLTY_828_s80_0_sg0_5_ms20_info.txt
train,HLTY,healthy,D:\gemma4\segmentation_lattuce-desease\Roboflow_Dataset\train\HLTY\HLTY_829.JPG,HLTY_829,1,HLTY_829_s80_0_sg0_5_ms20,D:\gemma4\segmentation_lattuce-desease\felzenszwalb_masks_output\train\HLTY\HLTY_829_s80_0_sg0_5_ms20_raw.png,D:\gemma4\segmentation_lattuce-desease\felzenszwalb_masks_output\train\HLTY\HLTY_829_s80_0_sg0_5_ms20_boundary.png,D:\gemma4\segmentation_lattuce-desease\felzenszwalb_masks_output\train\HLTY\HLTY_829_s80_0_sg0_5_ms20_colored.png,D:\gemma4\segmentation_lattuce-desease\felzenszwalb_masks_output\train\HLTY\HLTY_829_s80_0_sg0_5_ms20_info.txt
train,HLTY,healthy,D:\gemma4\segmentation_lattuce-desease\Roboflow_Dataset\train\HLTY\HLTY_83.jpg,HLTY_83,1,HLTY_83_s80_0_sg0_5_ms20,D:\gemma4\segmentation_lattuce-desease\felzenszwalb_masks_output\train\HLTY\HLTY_83_s80_0_sg0_5_ms20_raw.png,D:\gemma4\segmentation_lattuce-desease\felzenszwalb_masks_output\train\HLTY\HLTY_83_s80_0_sg0_5_ms20_boundary.png,D:\gemma4\segmentation_lattuce-desease\felzenszwalb_masks_output\train\HLTY\HLTY_83_s80_0_sg0_5_ms20_colored.png,D:\gemma4\segmentation_lattuce-desease\felzenszwalb_masks_output\train\HLTY\HLTY_83_s80_0_sg0_5_ms20_info.txt
train,HLTY,healthy,D:\gemma4\segmentation_lattuce-desease\Roboflow_Dataset\train\HLTY\HLTY_830.JPG,HLTY_830,1,HLTY_830_s80_0_sg0_5_ms20,D:\gemma4\segmentation_lattuce-desease\felzenszwalb_masks_output\train\HLTY\HLTY_830_s80_0_sg0_5_ms20_raw.png,D:\gemma4\segmentation_lattuce-desease\felzenszwalb_masks_output\train\HLTY\HLTY_830_s80_0_sg0_5_ms20_boundary.png,D:\gemma4\segmentation_lattuce-desease\felzenszwalb_masks_output\train\HLTY\HLTY_830_s80_0_sg0_5_ms20_colored.png,D:\gemma4\segmentation_lattuce-desease\felzenszwalb_masks_output\train\HLTY\HLTY_830_s80_0_sg0_5_ms20_info.txt
train,HLTY,healthy,D:\gemma4\segmentation_lattuce-desease\Roboflow_Dataset\train\HLTY\HLTY_831.JPG,HLTY_831,1,HLTY_831_s80_0_sg0_5_ms20,D:\gemma4\segmentation_lattuce-desease\felzenszwalb_masks_output\train\HLTY\HLTY_831_s80_0_sg0_5_ms20_raw.png,D:\gemma4\segmentation_lattuce-desease\felzenszwalb_masks_output\train\HLTY\HLTY_831_s80_0_sg0_5_ms20_boundary.png,D:\gemma4\segmentation_lattuce-desease\felzenszwalb_masks_output\train\HLTY\HLTY_831_s80_0_sg0_5_ms20_colored.png,D:\gemma4\segmentation_lattuce-desease\felzenszwalb_masks_output\train\HLTY\HLTY_831_s80_0_sg0_5_ms20_info.txt
train,HLTY,healthy,D:\gemma4\segmentation_lattuce-desease\Roboflow_Dataset\train\HLTY\HLTY_832.JPG,HLTY_832,1,HLTY_832_s80_0_sg0_5_ms20,D:\gemma4\segmentation_lattuce-desease\felzenszwalb_masks_output\train\HLTY\HLTY_832_s80_0_sg0_5_ms20_raw.png,D:\gemma4\segmentation_lattuce-desease\felzenszwalb_masks_output\train\HLTY\HLTY_832_s80_0_sg0_5_ms20_boundary.png,D:\gemma4\segmentation_lattuce-desease\felzenszwalb_masks_output\train\HLTY\HLTY_832_s80_0_sg0_5_ms20_colored.png,D:\gemma4\segmentation_lattuce-desease\felzenszwalb_masks_output\train\HLTY\HLTY_832_s80_0_sg0_5_ms20_info.txt
train,HLTY,healthy,D:\gemma4\segmentation_lattuce-desease\Roboflow_Dataset\train\HLTY\HLTY_833.JPG,HLTY_833,1,HLTY_833_s80_0_sg0_5_ms20,D:\gemma4\segmentation_lattuce-desease\felzenszwalb_masks_output\train\HLTY\HLTY_833_s80_0_sg0_5_ms20_raw.png,D:\gemma4\segmentation_lattuce-desease\felzenszwalb_masks_output\train\HLTY\HLTY_833_s80_0_sg0_5_ms20_boundary.png,D:\gemma4\segmentation_lattuce-desease\felzenszwalb_masks_output\train\HLTY\HLTY_833_s80_0_sg0_5_ms20_colored.png,D:\gemma4\segmentation_lattuce-desease\felzenszwalb_masks_output\train\HLTY\HLTY_833_s80_0_sg0_5_ms20_info.txt
train,HLTY,healthy,D:\gemma4\segmentation_lattuce-desease\Roboflow_Dataset\train\HLTY\HLTY_834.JPG,HLTY_834,1,HLTY_834_s80_0_sg0_5_ms20,D:\gemma4\segmentation_lattuce-desease\felzenszwalb_masks_output\train\HLTY\HLTY_834_s80_0_sg0_5_ms20_raw.png,D:\gemma4\segmentation_lattuce-desease\felzenszwalb_masks_output\train\HLTY\HLTY_834_s80_0_sg0_5_ms20_boundary.png,D:\gemma4\segmentation_lattuce-desease\felzenszwalb_masks_output\train\HLTY\HLTY_834_s80_0_sg0_5_ms20_colored.png,D:\gemma4\segmentation_lattuce-desease\felzenszwalb_masks_output\train\HLTY\HLTY_834_s80_0_sg0_5_ms20_info.txt
train,HLTY,healthy,D:\gemma4\segmentation_lattuce-desease\Roboflow_Dataset\train\HLTY\HLTY_835.JPG,HLTY_835,1,HLTY_835_s80_0_sg0_5_ms20,D:\gemma4\segmentation_lattuce-desease\felzenszwalb_masks_output\train\HLTY\HLTY_835_s80_0_sg0_5_ms20_raw.png,D:\gemma4\segmentation_lattuce-desease\felzenszwalb_masks_output\train\HLTY\HLTY_835_s80_0_sg0_5_ms20_boundary.png,D:\gemma4\segmentation_lattuce-desease\felzenszwalb_masks_output\train\HLTY\HLTY_835_s80_0_sg0_5_ms20_colored.png,D:\gemma4\segmentation_lattuce-desease\felzenszwalb_masks_output\train\HLTY\HLTY_835_s80_0_sg0_5_ms20_info.txt
train,HLTY,healthy,D:\gemma4\segmentation_lattuce-desease\Roboflow_Dataset\train\HLTY\HLTY_836.JPG,HLTY_836,1,HLTY_836_s80_0_sg0_5_ms20,D:\gemma4\segmentation_lattuce-desease\felzenszwalb_masks_output\train\HLTY\HLTY_836_s80_0_sg0_5_ms20_raw.png,D:\gemma4\segmentation_lattuce-desease\felzenszwalb_masks_output\train\HLTY\HLTY_836_s80_0_sg0_5_ms20_boundary.png,D:\gemma4\segmentation_lattuce-desease\felzenszwalb_masks_output\train\HLTY\HLTY_836_s80_0_sg0_5_ms20_colored.png,D:\gemma4\segmentation_lattuce-desease\felzenszwalb_masks_output\train\HLTY\HLTY_836_s80_0_sg0_5_ms20_info.txt
train,HLTY,healthy,D:\gemma4\segmentation_lattuce-desease\Roboflow_Dataset\train\HLTY\HLTY_837.JPG,HLTY_837,1,HLTY_837_s80_0_sg0_5_ms20,D:\gemma4\segmentation_lattuce-desease\felzenszwalb_masks_output\train\HLTY\HLTY_837_s80_0_sg0_5_ms20_raw.png,D:\gemma4\segmentation_lattuce-desease\felzenszwalb_masks_output\train\HLTY\HLTY_837_s80_0_sg0_5_ms20_boundary.png,D:\gemma4\segmentation_lattuce-desease\felzenszwalb_masks_output\train\HLTY\HLTY_837_s80_0_sg0_5_ms20_colored.png,D:\gemma4\segmentation_lattuce-desease\felzenszwalb_masks_output\train\HLTY\HLTY_837_s80_0_sg0_5_ms20_info.txt
train,HLTY,healthy,D:\gemma4\segmentation_lattuce-desease\Roboflow_Dataset\train\HLTY\HLTY_838.JPG,HLTY_838,1,HLTY_838_s80_0_sg0_5_ms20,D:\gemma4\segmentation_lattuce-desease\felzenszwalb_masks_output\train\HLTY\HLTY_838_s80_0_sg0_5_ms20_raw.png,D:\gemma4\segmentation_lattuce-desease\felzenszwalb_masks_output\train\HLTY\HLTY_838_s80_0_sg0_5_ms20_boundary.png,D:\gemma4\segmentation_lattuce-desease\felzenszwalb_masks_output\train\HLTY\HLTY_838_s80_0_sg0_5_ms20_colored.png,D:\gemma4\segmentation_lattuce-desease\felzenszwalb_masks_output\train\HLTY\HLTY_838_s80_0_sg0_5_ms20_info.txt
train,HLTY,healthy,D:\gemma4\segmentation_lattuce-desease\Roboflow_Dataset\train\HLTY\HLTY_839.JPG,HLTY_839,1,HLTY_839_s80_0_sg0_5_ms20,D:\gemma4\segmentation_lattuce-desease\felzenszwalb_masks_output\train\HLTY\HLTY_839_s80_0_sg0_5_ms20_raw.png,D:\gemma4\segmentation_lattuce-desease\felzenszwalb_masks_output\train\HLTY\HLTY_839_s80_0_sg0_5_ms20_boundary.png,D:\gemma4\segmentation_lattuce-desease\felzenszwalb_masks_output\train\HLTY\HLTY_839_s80_0_sg0_5_ms20_colored.png,D:\gemma4\segmentation_lattuce-desease\felzenszwalb_masks_output\train\HLTY\HLTY_839_s80_0_sg0_5_ms20_info.txt
train,HLTY,healthy,D:\gemma4\segmentation_lattuce-desease\Roboflow_Dataset\train\HLTY\HLTY_84.jpg,HLTY_84,1,HLTY_84_s80_0_sg0_5_ms20,D:\gemma4\segmentation_lattuce-desease\felzenszwalb_masks_output\train\HLTY\HLTY_84_s80_0_sg0_5_ms20_raw.png,D:\gemma4\segmentation_lattuce-desease\felzenszwalb_masks_output\train\HLTY\HLTY_84_s80_0_sg0_5_ms20_boundary.png,D:\gemma4\segmentation_lattuce-desease\felzenszwalb_masks_output\train\HLTY\HLTY_84_s80_0_sg0_5_ms20_colored.png,D:\gemma4\segmentation_lattuce-desease\felzenszwalb_masks_output\train\HLTY\HLTY_84_s80_0_sg0_5_ms20_info.txt
train,HLTY,healthy,D:\gemma4\segmentation_lattuce-desease\Roboflow_Dataset\train\HLTY\HLTY_840.JPG,HLTY_840,1,HLTY_840_s80_0_sg0_5_ms20,D:\gemma4\segmentation_lattuce-desease\felzenszwalb_masks_output\train\HLTY\HLTY_840_s80_0_sg0_5_ms20_raw.png,D:\gemma4\segmentation_lattuce-desease\felzenszwalb_masks_output\train\HLTY\HLTY_840_s80_0_sg0_5_ms20_boundary.png,D:\gemma4\segmentation_lattuce-desease\felzenszwalb_masks_output\train\HLTY\HLTY_840_s80_0_sg0_5_ms20_colored.png,D:\gemma4\segmentation_lattuce-desease\felzenszwalb_masks_output\train\HLTY\HLTY_840_s80_0_sg0_5_ms20_info.txt
train,HLTY,healthy,D:\gemma4\segmentation_lattuce-desease\Roboflow_Dataset\train\HLTY\HLTY_841.JPG,HLTY_841,1,HLTY_841_s80_0_sg0_5_ms20,D:\gemma4\segmentation_lattuce-desease\felzenszwalb_masks_output\train\HLTY\HLTY_841_s80_0_sg0_5_ms20_raw.png,D:\gemma4\segmentation_lattuce-desease\felzenszwalb_masks_output\train\HLTY\HLTY_841_s80_0_sg0_5_ms20_boundary.png,D:\gemma4\segmentation_lattuce-desease\felzenszwalb_masks_output\train\HLTY\HLTY_841_s80_0_sg0_5_ms20_colored.png,D:\gemma4\segmentation_lattuce-desease\felzenszwalb_masks_output\train\HLTY\HLTY_841_s80_0_sg0_5_ms20_info.txt
train,HLTY,healthy,D:\gemma4\segmentation_lattuce-desease\Roboflow_Dataset\train\HLTY\HLTY_842.JPG,HLTY_842,1,HLTY_842_s80_0_sg0_5_ms20,D:\gemma4\segmentation_lattuce-desease\felzenszwalb_masks_output\train\HLTY\HLTY_842_s80_0_sg0_5_ms20_raw.png,D:\gemma4\segmentation_lattuce-desease\felzenszwalb_masks_output\train\HLTY\HLTY_842_s80_0_sg0_5_ms20_boundary.png,D:\gemma4\segmentation_lattuce-desease\felzenszwalb_masks_output\train\HLTY\HLTY_842_s80_0_sg0_5_ms20_colored.png,D:\gemma4\segmentation_lattuce-desease\felzenszwalb_masks_output\train\HLTY\HLTY_842_s80_0_sg0_5_ms20_info.txt
train,HLTY,healthy,D:\gemma4\segmentation_lattuce-desease\Roboflow_Dataset\train\HLTY\HLTY_843.JPG,HLTY_843,1,HLTY_843_s80_0_sg0_5_ms20,D:\gemma4\segmentation_lattuce-desease\felzenszwalb_masks_output\train\HLTY\HLTY_843_s80_0_sg0_5_ms20_raw.png,D:\gemma4\segmentation_lattuce-desease\felzenszwalb_masks_output\train\HLTY\HLTY_843_s80_0_sg0_5_ms20_boundary.png,D:\gemma4\segmentation_lattuce-desease\felzenszwalb_masks_output\train\HLTY\HLTY_843_s80_0_sg0_5_ms20_colored.png,D:\gemma4\segmentation_lattuce-desease\felzenszwalb_masks_output\train\HLTY\HLTY_843_s80_0_sg0_5_ms20_info.txt
train,HLTY,healthy,D:\gemma4\segmentation_lattuce-desease\Roboflow_Dataset\train\HLTY\HLTY_845.JPG,HLTY_845,1,HLTY_845_s80_0_sg0_5_ms20,D:\gemma4\segmentation_lattuce-desease\felzenszwalb_masks_output\train\HLTY\HLTY_845_s80_0_sg0_5_ms20_raw.png,D:\gemma4\segmentation_lattuce-desease\felzenszwalb_masks_output\train\HLTY\HLTY_845_s80_0_sg0_5_ms20_boundary.png,D:\gemma4\segmentation_lattuce-desease\felzenszwalb_masks_output\train\HLTY\HLTY_845_s80_0_sg0_5_ms20_colored.png,D:\gemma4\segmentation_lattuce-desease\felzenszwalb_masks_output\train\HLTY\HLTY_845_s80_0_sg0_5_ms20_info.txt
train,HLTY,healthy,D:\gemma4\segmentation_lattuce-desease\Roboflow_Dataset\train\HLTY\HLTY_846.JPG,HLTY_846,1,HLTY_846_s80_0_sg0_5_ms20,D:\gemma4\segmentation_lattuce-desease\felzenszwalb_masks_output\train\HLTY\HLTY_846_s80_0_sg0_5_ms20_raw.png,D:\gemma4\segmentation_lattuce-desease\felzenszwalb_masks_output\train\HLTY\HLTY_846_s80_0_sg0_5_ms20_boundary.png,D:\gemma4\segmentation_lattuce-desease\felzenszwalb_masks_output\train\HLTY\HLTY_846_s80_0_sg0_5_ms20_colored.png,D:\gemma4\segmentation_lattuce-desease\felzenszwalb_masks_output\train\HLTY\HLTY_846_s80_0_sg0_5_ms20_info.txt
train,HLTY,healthy,D:\gemma4\segmentation_lattuce-desease\Roboflow_Dataset\train\HLTY\HLTY_847.JPG,HLTY_847,1,HLTY_847_s80_0_sg0_5_ms20,D:\gemma4\segmentation_lattuce-desease\felzenszwalb_masks_output\train\HLTY\HLTY_847_s80_0_sg0_5_ms20_raw.png,D:\gemma4\segmentation_lattuce-desease\felzenszwalb_masks_output\train\HLTY\HLTY_847_s80_0_sg0_5_ms20_boundary.png,D:\gemma4\segmentation_lattuce-desease\felzenszwalb_masks_output\train\HLTY\HLTY_847_s80_0_sg0_5_ms20_colored.png,D:\gemma4\segmentation_lattuce-desease\felzenszwalb_masks_output\train\HLTY\HLTY_847_s80_0_sg0_5_ms20_info.txt
train,HLTY,healthy,D:\gemma4\segmentation_lattuce-desease\Roboflow_Dataset\train\HLTY\HLTY_848.JPG,HLTY_848,1,HLTY_848_s80_0_sg0_5_ms20,D:\gemma4\segmentation_lattuce-desease\felzenszwalb_masks_output\train\HLTY\HLTY_848_s80_0_sg0_5_ms20_raw.png,D:\gemma4\segmentation_lattuce-desease\felzenszwalb_masks_output\train\HLTY\HLTY_848_s80_0_sg0_5_ms20_boundary.png,D:\gemma4\segmentation_lattuce-desease\felzenszwalb_masks_output\train\HLTY\HLTY_848_s80_0_sg0_5_ms20_colored.png,D:\gemma4\segmentation_lattuce-desease\felzenszwalb_masks_output\train\HLTY\HLTY_848_s80_0_sg0_5_ms20_info.txt
train,HLTY,healthy,D:\gemma4\segmentation_lattuce-desease\Roboflow_Dataset\train\HLTY\HLTY_849.JPG,HLTY_849,1,HLTY_849_s80_0_sg0_5_ms20,D:\gemma4\segmentation_lattuce-desease\felzenszwalb_masks_output\train\HLTY\HLTY_849_s80_0_sg0_5_ms20_raw.png,D:\gemma4\segmentation_lattuce-desease\felzenszwalb_masks_output\train\HLTY\HLTY_849_s80_0_sg0_5_ms20_boundary.png,D:\gemma4\segmentation_lattuce-desease\felzenszwalb_masks_output\train\HLTY\HLTY_849_s80_0_sg0_5_ms20_colored.png,D:\gemma4\segmentation_lattuce-desease\felzenszwalb_masks_output\train\HLTY\HLTY_849_s80_0_sg0_5_ms20_info.txt
train,HLTY,healthy,D:\gemma4\segmentation_lattuce-desease\Roboflow_Dataset\train\HLTY\HLTY_85.jpg,HLTY_85,1,HLTY_85_s80_0_sg0_5_ms20,D:\gemma4\segmentation_lattuce-desease\felzenszwalb_masks_output\train\HLTY\HLTY_85_s80_0_sg0_5_ms20_raw.png,D:\gemma4\segmentation_lattuce-desease\felzenszwalb_masks_output\train\HLTY\HLTY_85_s80_0_sg0_5_ms20_boundary.png,D:\gemma4\segmentation_lattuce-desease\felzenszwalb_masks_output\train\HLTY\HLTY_85_s80_0_sg0_5_ms20_colored.png,D:\gemma4\segmentation_lattuce-desease\felzenszwalb_masks_output\train\HLTY\HLTY_85_s80_0_sg0_5_ms20_info.txt
train,HLTY,healthy,D:\gemma4\segmentation_lattuce-desease\Roboflow_Dataset\train\HLTY\HLTY_850.JPG,HLTY_850,1,HLTY_850_s80_0_sg0_5_ms20,D:\gemma4\segmentation_lattuce-desease\felzenszwalb_masks_output\train\HLTY\HLTY_850_s80_0_sg0_5_ms20_raw.png,D:\gemma4\segmentation_lattuce-desease\felzenszwalb_masks_output\train\HLTY\HLTY_850_s80_0_sg0_5_ms20_boundary.png,D:\gemma4\segmentation_lattuce-desease\felzenszwalb_masks_output\train\HLTY\HLTY_850_s80_0_sg0_5_ms20_colored.png,D:\gemma4\segmentation_lattuce-desease\felzenszwalb_masks_output\train\HLTY\HLTY_850_s80_0_sg0_5_ms20_info.txt
train,HLTY,healthy,D:\gemma4\segmentation_lattuce-desease\Roboflow_Dataset\train\HLTY\HLTY_851.JPG,HLTY_851,1,HLTY_851_s80_0_sg0_5_ms20,D:\gemma4\segmentation_lattuce-desease\felzenszwalb_masks_output\train\HLTY\HLTY_851_s80_0_sg0_5_ms20_raw.png,D:\gemma4\segmentation_lattuce-desease\felzenszwalb_masks_output\train\HLTY\HLTY_851_s80_0_sg0_5_ms20_boundary.png,D:\gemma4\segmentation_lattuce-desease\felzenszwalb_masks_output\train\HLTY\HLTY_851_s80_0_sg0_5_ms20_colored.png,D:\gemma4\segmentation_lattuce-desease\felzenszwalb_masks_output\train\HLTY\HLTY_851_s80_0_sg0_5_ms20_info.txt
train,HLTY,healthy,D:\gemma4\segmentation_lattuce-desease\Roboflow_Dataset\train\HLTY\HLTY_852.JPG,HLTY_852,1,HLTY_852_s80_0_sg0_5_ms20,D:\gemma4\segmentation_lattuce-desease\felzenszwalb_masks_output\train\HLTY\HLTY_852_s80_0_sg0_5_ms20_raw.png,D:\gemma4\segmentation_lattuce-desease\felzenszwalb_masks_output\train\HLTY\HLTY_852_s80_0_sg0_5_ms20_boundary.png,D:\gemma4\segmentation_lattuce-desease\felzenszwalb_masks_output\train\HLTY\HLTY_852_s80_0_sg0_5_ms20_colored.png,D:\gemma4\segmentation_lattuce-desease\felzenszwalb_masks_output\train\HLTY\HLTY_852_s80_0_sg0_5_ms20_info.txt
train,HLTY,healthy,D:\gemma4\segmentation_lattuce-desease\Roboflow_Dataset\train\HLTY\HLTY_853.JPG,HLTY_853,1,HLTY_853_s80_0_sg0_5_ms20,D:\gemma4\segmentation_lattuce-desease\felzenszwalb_masks_output\train\HLTY\HLTY_853_s80_0_sg0_5_ms20_raw.png,D:\gemma4\segmentation_lattuce-desease\felzenszwalb_masks_output\train\HLTY\HLTY_853_s80_0_sg0_5_ms20_boundary.png,D:\gemma4\segmentation_lattuce-desease\felzenszwalb_masks_output\train\HLTY\HLTY_853_s80_0_sg0_5_ms20_colored.png,D:\gemma4\segmentation_lattuce-desease\felzenszwalb_masks_output\train\HLTY\HLTY_853_s80_0_sg0_5_ms20_info.txt
train,HLTY,healthy,D:\gemma4\segmentation_lattuce-desease\Roboflow_Dataset\train\HLTY\HLTY_854.JPG,HLTY_854,1,HLTY_854_s80_0_sg0_5_ms20,D:\gemma4\segmentation_lattuce-desease\felzenszwalb_masks_output\train\HLTY\HLTY_854_s80_0_sg0_5_ms20_raw.png,D:\gemma4\segmentation_lattuce-desease\felzenszwalb_masks_output\train\HLTY\HLTY_854_s80_0_sg0_5_ms20_boundary.png,D:\gemma4\segmentation_lattuce-desease\felzenszwalb_masks_output\train\HLTY\HLTY_854_s80_0_sg0_5_ms20_colored.png,D:\gemma4\segmentation_lattuce-desease\felzenszwalb_masks_output\train\HLTY\HLTY_854_s80_0_sg0_5_ms20_info.txt
train,HLTY,healthy,D:\gemma4\segmentation_lattuce-desease\Roboflow_Dataset\train\HLTY\HLTY_855.JPG,HLTY_855,1,HLTY_855_s80_0_sg0_5_ms20,D:\gemma4\segmentation_lattuce-desease\felzenszwalb_masks_output\train\HLTY\HLTY_855_s80_0_sg0_5_ms20_raw.png,D:\gemma4\segmentation_lattuce-desease\felzenszwalb_masks_output\train\HLTY\HLTY_855_s80_0_sg0_5_ms20_boundary.png,D:\gemma4\segmentation_lattuce-desease\felzenszwalb_masks_output\train\HLTY\HLTY_855_s80_0_sg0_5_ms20_colored.png,D:\gemma4\segmentation_lattuce-desease\felzenszwalb_masks_output\train\HLTY\HLTY_855_s80_0_sg0_5_ms20_info.txt
train,HLTY,healthy,D:\gemma4\segmentation_lattuce-desease\Roboflow_Dataset\train\HLTY\HLTY_856.JPG,HLTY_856,0,,,,,
train,HLTY,healthy,D:\gemma4\segmentation_lattuce-desease\Roboflow_Dataset\train\HLTY\HLTY_857.JPG,HLTY_857,0,,,,,
train,HLTY,healthy,D:\gemma4\segmentation_lattuce-desease\Roboflow_Dataset\train\HLTY\HLTY_858.JPG,HLTY_858,1,HLTY_858_s80_0_sg0_5_ms20,D:\gemma4\segmentation_lattuce-desease\felzenszwalb_masks_output\train\HLTY\HLTY_858_s80_0_sg0_5_ms20_raw.png,D:\gemma4\segmentation_lattuce-desease\felzenszwalb_masks_output\train\HLTY\HLTY_858_s80_0_sg0_5_ms20_boundary.png,D:\gemma4\segmentation_lattuce-desease\felzenszwalb_masks_output\train\HLTY\HLTY_858_s80_0_sg0_5_ms20_colored.png,D:\gemma4\segmentation_lattuce-desease\felzenszwalb_masks_output\train\HLTY\HLTY_858_s80_0_sg0_5_ms20_info.txt
train,HLTY,healthy,D:\gemma4\segmentation_lattuce-desease\Roboflow_Dataset\train\HLTY\HLTY_86.jpg,HLTY_86,1,HLTY_86_s80_0_sg0_5_ms20,D:\gemma4\segmentation_lattuce-desease\felzenszwalb_masks_output\train\HLTY\HLTY_86_s80_0_sg0_5_ms20_raw.png,D:\gemma4\segmentation_lattuce-desease\felzenszwalb_masks_output\train\HLTY\HLTY_86_s80_0_sg0_5_ms20_boundary.png,D:\gemma4\segmentation_lattuce-desease\felzenszwalb_masks_output\train\HLTY\HLTY_86_s80_0_sg0_5_ms20_colored.png,D:\gemma4\segmentation_lattuce-desease\felzenszwalb_masks_output\train\HLTY\HLTY_86_s80_0_sg0_5_ms20_info.txt
train,HLTY,healthy,D:\gemma4\segmentation_lattuce-desease\Roboflow_Dataset\train\HLTY\HLTY_860.JPG,HLTY_860,1,HLTY_860_s80_0_sg0_5_ms20,D:\gemma4\segmentation_lattuce-desease\felzenszwalb_masks_output\train\HLTY\HLTY_860_s80_0_sg0_5_ms20_raw.png,D:\gemma4\segmentation_lattuce-desease\felzenszwalb_masks_output\train\HLTY\HLTY_860_s80_0_sg0_5_ms20_boundary.png,D:\gemma4\segmentation_lattuce-desease\felzenszwalb_masks_output\train\HLTY\HLTY_860_s80_0_sg0_5_ms20_colored.png,D:\gemma4\segmentation_lattuce-desease\felzenszwalb_masks_output\train\HLTY\HLTY_860_s80_0_sg0_5_ms20_info.txt
train,HLTY,healthy,D:\gemma4\segmentation_lattuce-desease\Roboflow_Dataset\train\HLTY\HLTY_861.JPG,HLTY_861,0,,,,,
train,HLTY,healthy,D:\gemma4\segmentation_lattuce-desease\Roboflow_Dataset\train\HLTY\HLTY_863.JPG,HLTY_863,1,HLTY_863_s80_0_sg0_5_ms20,D:\gemma4\segmentation_lattuce-desease\felzenszwalb_masks_output\train\HLTY\HLTY_863_s80_0_sg0_5_ms20_raw.png,D:\gemma4\segmentation_lattuce-desease\felzenszwalb_masks_output\train\HLTY\HLTY_863_s80_0_sg0_5_ms20_boundary.png,D:\gemma4\segmentation_lattuce-desease\felzenszwalb_masks_output\train\HLTY\HLTY_863_s80_0_sg0_5_ms20_colored.png,D:\gemma4\segmentation_lattuce-desease\felzenszwalb_masks_output\train\HLTY\HLTY_863_s80_0_sg0_5_ms20_info.txt
train,HLTY,healthy,D:\gemma4\segmentation_lattuce-desease\Roboflow_Dataset\train\HLTY\HLTY_864.JPG,HLTY_864,1,HLTY_864_s80_0_sg0_5_ms20,D:\gemma4\segmentation_lattuce-desease\felzenszwalb_masks_output\train\HLTY\HLTY_864_s80_0_sg0_5_ms20_raw.png,D:\gemma4\segmentation_lattuce-desease\felzenszwalb_masks_output\train\HLTY\HLTY_864_s80_0_sg0_5_ms20_boundary.png,D:\gemma4\segmentation_lattuce-desease\felzenszwalb_masks_output\train\HLTY\HLTY_864_s80_0_sg0_5_ms20_colored.png,D:\gemma4\segmentation_lattuce-desease\felzenszwalb_masks_output\train\HLTY\HLTY_864_s80_0_sg0_5_ms20_info.txt
train,HLTY,healthy,D:\gemma4\segmentation_lattuce-desease\Roboflow_Dataset\train\HLTY\HLTY_865.JPG,HLTY_865,1,HLTY_865_s80_0_sg0_5_ms20,D:\gemma4\segmentation_lattuce-desease\felzenszwalb_masks_output\train\HLTY\HLTY_865_s80_0_sg0_5_ms20_raw.png,D:\gemma4\segmentation_lattuce-desease\felzenszwalb_masks_output\train\HLTY\HLTY_865_s80_0_sg0_5_ms20_boundary.png,D:\gemma4\segmentation_lattuce-desease\felzenszwalb_masks_output\train\HLTY\HLTY_865_s80_0_sg0_5_ms20_colored.png,D:\gemma4\segmentation_lattuce-desease\felzenszwalb_masks_output\train\HLTY\HLTY_865_s80_0_sg0_5_ms20_info.txt
train,HLTY,healthy,D:\gemma4\segmentation_lattuce-desease\Roboflow_Dataset\train\HLTY\HLTY_866.JPG,HLTY_866,1,HLTY_866_s80_0_sg0_5_ms20,D:\gemma4\segmentation_lattuce-desease\felzenszwalb_masks_output\train\HLTY\HLTY_866_s80_0_sg0_5_ms20_raw.png,D:\gemma4\segmentation_lattuce-desease\felzenszwalb_masks_output\train\HLTY\HLTY_866_s80_0_sg0_5_ms20_boundary.png,D:\gemma4\segmentation_lattuce-desease\felzenszwalb_masks_output\train\HLTY\HLTY_866_s80_0_sg0_5_ms20_colored.png,D:\gemma4\segmentation_lattuce-desease\felzenszwalb_masks_output\train\HLTY\HLTY_866_s80_0_sg0_5_ms20_info.txt
train,HLTY,healthy,D:\gemma4\segmentation_lattuce-desease\Roboflow_Dataset\train\HLTY\HLTY_868.JPG,HLTY_868,1,HLTY_868_s80_0_sg0_5_ms20,D:\gemma4\segmentation_lattuce-desease\felzenszwalb_masks_output\train\HLTY\HLTY_868_s80_0_sg0_5_ms20_raw.png,D:\gemma4\segmentation_lattuce-desease\felzenszwalb_masks_output\train\HLTY\HLTY_868_s80_0_sg0_5_ms20_boundary.png,D:\gemma4\segmentation_lattuce-desease\felzenszwalb_masks_output\train\HLTY\HLTY_868_s80_0_sg0_5_ms20_colored.png,D:\gemma4\segmentation_lattuce-desease\felzenszwalb_masks_output\train\HLTY\HLTY_868_s80_0_sg0_5_ms20_info.txt
train,HLTY,healthy,D:\gemma4\segmentation_lattuce-desease\Roboflow_Dataset\train\HLTY\HLTY_869.JPG,HLTY_869,1,HLTY_869_s80_0_sg0_5_ms20,D:\gemma4\segmentation_lattuce-desease\felzenszwalb_masks_output\train\HLTY\HLTY_869_s80_0_sg0_5_ms20_raw.png,D:\gemma4\segmentation_lattuce-desease\felzenszwalb_masks_output\train\HLTY\HLTY_869_s80_0_sg0_5_ms20_boundary.png,D:\gemma4\segmentation_lattuce-desease\felzenszwalb_masks_output\train\HLTY\HLTY_869_s80_0_sg0_5_ms20_colored.png,D:\gemma4\segmentation_lattuce-desease\felzenszwalb_masks_output\train\HLTY\HLTY_869_s80_0_sg0_5_ms20_info.txt
train,HLTY,healthy,D:\gemma4\segmentation_lattuce-desease\Roboflow_Dataset\train\HLTY\HLTY_870.JPG,HLTY_870,1,HLTY_870_s80_0_sg0_5_ms20,D:\gemma4\segmentation_lattuce-desease\felzenszwalb_masks_output\train\HLTY\HLTY_870_s80_0_sg0_5_ms20_raw.png,D:\gemma4\segmentation_lattuce-desease\felzenszwalb_masks_output\train\HLTY\HLTY_870_s80_0_sg0_5_ms20_boundary.png,D:\gemma4\segmentation_lattuce-desease\felzenszwalb_masks_output\train\HLTY\HLTY_870_s80_0_sg0_5_ms20_colored.png,D:\gemma4\segmentation_lattuce-desease\felzenszwalb_masks_output\train\HLTY\HLTY_870_s80_0_sg0_5_ms20_info.txt
train,HLTY,healthy,D:\gemma4\segmentation_lattuce-desease\Roboflow_Dataset\train\HLTY\HLTY_871.JPG,HLTY_871,1,HLTY_871_s80_0_sg0_5_ms20,D:\gemma4\segmentation_lattuce-desease\felzenszwalb_masks_output\train\HLTY\HLTY_871_s80_0_sg0_5_ms20_raw.png,D:\gemma4\segmentation_lattuce-desease\felzenszwalb_masks_output\train\HLTY\HLTY_871_s80_0_sg0_5_ms20_boundary.png,D:\gemma4\segmentation_lattuce-desease\felzenszwalb_masks_output\train\HLTY\HLTY_871_s80_0_sg0_5_ms20_colored.png,D:\gemma4\segmentation_lattuce-desease\felzenszwalb_masks_output\train\HLTY\HLTY_871_s80_0_sg0_5_ms20_info.txt
train,HLTY,healthy,D:\gemma4\segmentation_lattuce-desease\Roboflow_Dataset\train\HLTY\HLTY_872.JPG,HLTY_872,1,HLTY_872_s80_0_sg0_5_ms20,D:\gemma4\segmentation_lattuce-desease\felzenszwalb_masks_output\train\HLTY\HLTY_872_s80_0_sg0_5_ms20_raw.png,D:\gemma4\segmentation_lattuce-desease\felzenszwalb_masks_output\train\HLTY\HLTY_872_s80_0_sg0_5_ms20_boundary.png,D:\gemma4\segmentation_lattuce-desease\felzenszwalb_masks_output\train\HLTY\HLTY_872_s80_0_sg0_5_ms20_colored.png,D:\gemma4\segmentation_lattuce-desease\felzenszwalb_masks_output\train\HLTY\HLTY_872_s80_0_sg0_5_ms20_info.txt
train,HLTY,healthy,D:\gemma4\segmentation_lattuce-desease\Roboflow_Dataset\train\HLTY\HLTY_875.JPG,HLTY_875,1,HLTY_875_s80_0_sg0_5_ms20,D:\gemma4\segmentation_lattuce-desease\felzenszwalb_masks_output\train\HLTY\HLTY_875_s80_0_sg0_5_ms20_raw.png,D:\gemma4\segmentation_lattuce-desease\felzenszwalb_masks_output\train\HLTY\HLTY_875_s80_0_sg0_5_ms20_boundary.png,D:\gemma4\segmentation_lattuce-desease\felzenszwalb_masks_output\train\HLTY\HLTY_875_s80_0_sg0_5_ms20_colored.png,D:\gemma4\segmentation_lattuce-desease\felzenszwalb_masks_output\train\HLTY\HLTY_875_s80_0_sg0_5_ms20_info.txt
train,HLTY,healthy,D:\gemma4\segmentation_lattuce-desease\Roboflow_Dataset\train\HLTY\HLTY_877.JPG,HLTY_877,1,HLTY_877_s80_0_sg0_5_ms20,D:\gemma4\segmentation_lattuce-desease\felzenszwalb_masks_output\train\HLTY\HLTY_877_s80_0_sg0_5_ms20_raw.png,D:\gemma4\segmentation_lattuce-desease\felzenszwalb_masks_output\train\HLTY\HLTY_877_s80_0_sg0_5_ms20_boundary.png,D:\gemma4\segmentation_lattuce-desease\felzenszwalb_masks_output\train\HLTY\HLTY_877_s80_0_sg0_5_ms20_colored.png,D:\gemma4\segmentation_lattuce-desease\felzenszwalb_masks_output\train\HLTY\HLTY_877_s80_0_sg0_5_ms20_info.txt
train,HLTY,healthy,D:\gemma4\segmentation_lattuce-desease\Roboflow_Dataset\train\HLTY\HLTY_878.JPG,HLTY_878,1,HLTY_878_s80_0_sg0_5_ms20,D:\gemma4\segmentation_lattuce-desease\felzenszwalb_masks_output\train\HLTY\HLTY_878_s80_0_sg0_5_ms20_raw.png,D:\gemma4\segmentation_lattuce-desease\felzenszwalb_masks_output\train\HLTY\HLTY_878_s80_0_sg0_5_ms20_boundary.png,D:\gemma4\segmentation_lattuce-desease\felzenszwalb_masks_output\train\HLTY\HLTY_878_s80_0_sg0_5_ms20_colored.png,D:\gemma4\segmentation_lattuce-desease\felzenszwalb_masks_output\train\HLTY\HLTY_878_s80_0_sg0_5_ms20_info.txt
train,HLTY,healthy,D:\gemma4\segmentation_lattuce-desease\Roboflow_Dataset\train\HLTY\HLTY_879.JPG,HLTY_879,1,HLTY_879_s80_0_sg0_5_ms20,D:\gemma4\segmentation_lattuce-desease\felzenszwalb_masks_output\train\HLTY\HLTY_879_s80_0_sg0_5_ms20_raw.png,D:\gemma4\segmentation_lattuce-desease\felzenszwalb_masks_output\train\HLTY\HLTY_879_s80_0_sg0_5_ms20_boundary.png,D:\gemma4\segmentation_lattuce-desease\felzenszwalb_masks_output\train\HLTY\HLTY_879_s80_0_sg0_5_ms20_colored.png,D:\gemma4\segmentation_lattuce-desease\felzenszwalb_masks_output\train\HLTY\HLTY_879_s80_0_sg0_5_ms20_info.txt
train,HLTY,healthy,D:\gemma4\segmentation_lattuce-desease\Roboflow_Dataset\train\HLTY\HLTY_88.jpg,HLTY_88,1,HLTY_88_s80_0_sg0_5_ms20,D:\gemma4\segmentation_lattuce-desease\felzenszwalb_masks_output\train\HLTY\HLTY_88_s80_0_sg0_5_ms20_raw.png,D:\gemma4\segmentation_lattuce-desease\felzenszwalb_masks_output\train\HLTY\HLTY_88_s80_0_sg0_5_ms20_boundary.png,D:\gemma4\segmentation_lattuce-desease\felzenszwalb_masks_output\train\HLTY\HLTY_88_s80_0_sg0_5_ms20_colored.png,D:\gemma4\segmentation_lattuce-desease\felzenszwalb_masks_output\train\HLTY\HLTY_88_s80_0_sg0_5_ms20_info.txt
train,HLTY,healthy,D:\gemma4\segmentation_lattuce-desease\Roboflow_Dataset\train\HLTY\HLTY_880.JPG,HLTY_880,1,HLTY_880_s80_0_sg0_5_ms20,D:\gemma4\segmentation_lattuce-desease\felzenszwalb_masks_output\train\HLTY\HLTY_880_s80_0_sg0_5_ms20_raw.png,D:\gemma4\segmentation_lattuce-desease\felzenszwalb_masks_output\train\HLTY\HLTY_880_s80_0_sg0_5_ms20_boundary.png,D:\gemma4\segmentation_lattuce-desease\felzenszwalb_masks_output\train\HLTY\HLTY_880_s80_0_sg0_5_ms20_colored.png,D:\gemma4\segmentation_lattuce-desease\felzenszwalb_masks_output\train\HLTY\HLTY_880_s80_0_sg0_5_ms20_info.txt
train,HLTY,healthy,D:\gemma4\segmentation_lattuce-desease\Roboflow_Dataset\train\HLTY\HLTY_882.JPG,HLTY_882,1,HLTY_882_s80_0_sg0_5_ms20,D:\gemma4\segmentation_lattuce-desease\felzenszwalb_masks_output\train\HLTY\HLTY_882_s80_0_sg0_5_ms20_raw.png,D:\gemma4\segmentation_lattuce-desease\felzenszwalb_masks_output\train\HLTY\HLTY_882_s80_0_sg0_5_ms20_boundary.png,D:\gemma4\segmentation_lattuce-desease\felzenszwalb_masks_output\train\HLTY\HLTY_882_s80_0_sg0_5_ms20_colored.png,D:\gemma4\segmentation_lattuce-desease\felzenszwalb_masks_output\train\HLTY\HLTY_882_s80_0_sg0_5_ms20_info.txt
train,HLTY,healthy,D:\gemma4\segmentation_lattuce-desease\Roboflow_Dataset\train\HLTY\HLTY_883.JPG,HLTY_883,1,HLTY_883_s80_0_sg0_5_ms20,D:\gemma4\segmentation_lattuce-desease\felzenszwalb_masks_output\train\HLTY\HLTY_883_s80_0_sg0_5_ms20_raw.png,D:\gemma4\segmentation_lattuce-desease\felzenszwalb_masks_output\train\HLTY\HLTY_883_s80_0_sg0_5_ms20_boundary.png,D:\gemma4\segmentation_lattuce-desease\felzenszwalb_masks_output\train\HLTY\HLTY_883_s80_0_sg0_5_ms20_colored.png,D:\gemma4\segmentation_lattuce-desease\felzenszwalb_masks_output\train\HLTY\HLTY_883_s80_0_sg0_5_ms20_info.txt
train,HLTY,healthy,D:\gemma4\segmentation_lattuce-desease\Roboflow_Dataset\train\HLTY\HLTY_884.JPG,HLTY_884,1,HLTY_884_s80_0_sg0_5_ms20,D:\gemma4\segmentation_lattuce-desease\felzenszwalb_masks_output\train\HLTY\HLTY_884_s80_0_sg0_5_ms20_raw.png,D:\gemma4\segmentation_lattuce-desease\felzenszwalb_masks_output\train\HLTY\HLTY_884_s80_0_sg0_5_ms20_boundary.png,D:\gemma4\segmentation_lattuce-desease\felzenszwalb_masks_output\train\HLTY\HLTY_884_s80_0_sg0_5_ms20_colored.png,D:\gemma4\segmentation_lattuce-desease\felzenszwalb_masks_output\train\HLTY\HLTY_884_s80_0_sg0_5_ms20_info.txt
train,HLTY,healthy,D:\gemma4\segmentation_lattuce-desease\Roboflow_Dataset\train\HLTY\HLTY_885.JPG,HLTY_885,1,HLTY_885_s80_0_sg0_5_ms20,D:\gemma4\segmentation_lattuce-desease\felzenszwalb_masks_output\train\HLTY\HLTY_885_s80_0_sg0_5_ms20_raw.png,D:\gemma4\segmentation_lattuce-desease\felzenszwalb_masks_output\train\HLTY\HLTY_885_s80_0_sg0_5_ms20_boundary.png,D:\gemma4\segmentation_lattuce-desease\felzenszwalb_masks_output\train\HLTY\HLTY_885_s80_0_sg0_5_ms20_colored.png,D:\gemma4\segmentation_lattuce-desease\felzenszwalb_masks_output\train\HLTY\HLTY_885_s80_0_sg0_5_ms20_info.txt
train,HLTY,healthy,D:\gemma4\segmentation_lattuce-desease\Roboflow_Dataset\train\HLTY\HLTY_886.JPG,HLTY_886,1,HLTY_886_s80_0_sg0_5_ms20,D:\gemma4\segmentation_lattuce-desease\felzenszwalb_masks_output\train\HLTY\HLTY_886_s80_0_sg0_5_ms20_raw.png,D:\gemma4\segmentation_lattuce-desease\felzenszwalb_masks_output\train\HLTY\HLTY_886_s80_0_sg0_5_ms20_boundary.png,D:\gemma4\segmentation_lattuce-desease\felzenszwalb_masks_output\train\HLTY\HLTY_886_s80_0_sg0_5_ms20_colored.png,D:\gemma4\segmentation_lattuce-desease\felzenszwalb_masks_output\train\HLTY\HLTY_886_s80_0_sg0_5_ms20_info.txt
train,HLTY,healthy,D:\gemma4\segmentation_lattuce-desease\Roboflow_Dataset\train\HLTY\HLTY_889.JPG,HLTY_889,1,HLTY_889_s80_0_sg0_5_ms20,D:\gemma4\segmentation_lattuce-desease\felzenszwalb_masks_output\train\HLTY\HLTY_889_s80_0_sg0_5_ms20_raw.png,D:\gemma4\segmentation_lattuce-desease\felzenszwalb_masks_output\train\HLTY\HLTY_889_s80_0_sg0_5_ms20_boundary.png,D:\gemma4\segmentation_lattuce-desease\felzenszwalb_masks_output\train\HLTY\HLTY_889_s80_0_sg0_5_ms20_colored.png,D:\gemma4\segmentation_lattuce-desease\felzenszwalb_masks_output\train\HLTY\HLTY_889_s80_0_sg0_5_ms20_info.txt
train,HLTY,healthy,D:\gemma4\segmentation_lattuce-desease\Roboflow_Dataset\train\HLTY\HLTY_890.JPG,HLTY_890,1,HLTY_890_s80_0_sg0_5_ms20,D:\gemma4\segmentation_lattuce-desease\felzenszwalb_masks_output\train\HLTY\HLTY_890_s80_0_sg0_5_ms20_raw.png,D:\gemma4\segmentation_lattuce-desease\felzenszwalb_masks_output\train\HLTY\HLTY_890_s80_0_sg0_5_ms20_boundary.png,D:\gemma4\segmentation_lattuce-desease\felzenszwalb_masks_output\train\HLTY\HLTY_890_s80_0_sg0_5_ms20_colored.png,D:\gemma4\segmentation_lattuce-desease\felzenszwalb_masks_output\train\HLTY\HLTY_890_s80_0_sg0_5_ms20_info.txt
train,HLTY,healthy,D:\gemma4\segmentation_lattuce-desease\Roboflow_Dataset\train\HLTY\HLTY_891.JPG,HLTY_891,1,HLTY_891_s80_0_sg0_5_ms20,D:\gemma4\segmentation_lattuce-desease\felzenszwalb_masks_output\train\HLTY\HLTY_891_s80_0_sg0_5_ms20_raw.png,D:\gemma4\segmentation_lattuce-desease\felzenszwalb_masks_output\train\HLTY\HLTY_891_s80_0_sg0_5_ms20_boundary.png,D:\gemma4\segmentation_lattuce-desease\felzenszwalb_masks_output\train\HLTY\HLTY_891_s80_0_sg0_5_ms20_colored.png,D:\gemma4\segmentation_lattuce-desease\felzenszwalb_masks_output\train\HLTY\HLTY_891_s80_0_sg0_5_ms20_info.txt
train,HLTY,healthy,D:\gemma4\segmentation_lattuce-desease\Roboflow_Dataset\train\HLTY\HLTY_892.JPG,HLTY_892,1,HLTY_892_s80_0_sg0_5_ms20,D:\gemma4\segmentation_lattuce-desease\felzenszwalb_masks_output\train\HLTY\HLTY_892_s80_0_sg0_5_ms20_raw.png,D:\gemma4\segmentation_lattuce-desease\felzenszwalb_masks_output\train\HLTY\HLTY_892_s80_0_sg0_5_ms20_boundary.png,D:\gemma4\segmentation_lattuce-desease\felzenszwalb_masks_output\train\HLTY\HLTY_892_s80_0_sg0_5_ms20_colored.png,D:\gemma4\segmentation_lattuce-desease\felzenszwalb_masks_output\train\HLTY\HLTY_892_s80_0_sg0_5_ms20_info.txt
train,HLTY,healthy,D:\gemma4\segmentation_lattuce-desease\Roboflow_Dataset\train\HLTY\HLTY_894.JPG,HLTY_894,1,HLTY_894_s80_0_sg0_5_ms20,D:\gemma4\segmentation_lattuce-desease\felzenszwalb_masks_output\train\HLTY\HLTY_894_s80_0_sg0_5_ms20_raw.png,D:\gemma4\segmentation_lattuce-desease\felzenszwalb_masks_output\train\HLTY\HLTY_894_s80_0_sg0_5_ms20_boundary.png,D:\gemma4\segmentation_lattuce-desease\felzenszwalb_masks_output\train\HLTY\HLTY_894_s80_0_sg0_5_ms20_colored.png,D:\gemma4\segmentation_lattuce-desease\felzenszwalb_masks_output\train\HLTY\HLTY_894_s80_0_sg0_5_ms20_info.txt
train,HLTY,healthy,D:\gemma4\segmentation_lattuce-desease\Roboflow_Dataset\train\HLTY\HLTY_895.JPG,HLTY_895,1,HLTY_895_s80_0_sg0_5_ms20,D:\gemma4\segmentation_lattuce-desease\felzenszwalb_masks_output\train\HLTY\HLTY_895_s80_0_sg0_5_ms20_raw.png,D:\gemma4\segmentation_lattuce-desease\felzenszwalb_masks_output\train\HLTY\HLTY_895_s80_0_sg0_5_ms20_boundary.png,D:\gemma4\segmentation_lattuce-desease\felzenszwalb_masks_output\train\HLTY\HLTY_895_s80_0_sg0_5_ms20_colored.png,D:\gemma4\segmentation_lattuce-desease\felzenszwalb_masks_output\train\HLTY\HLTY_895_s80_0_sg0_5_ms20_info.txt
train,HLTY,healthy,D:\gemma4\segmentation_lattuce-desease\Roboflow_Dataset\train\HLTY\HLTY_896.JPG,HLTY_896,1,HLTY_896_s80_0_sg0_5_ms20,D:\gemma4\segmentation_lattuce-desease\felzenszwalb_masks_output\train\HLTY\HLTY_896_s80_0_sg0_5_ms20_raw.png,D:\gemma4\segmentation_lattuce-desease\felzenszwalb_masks_output\train\HLTY\HLTY_896_s80_0_sg0_5_ms20_boundary.png,D:\gemma4\segmentation_lattuce-desease\felzenszwalb_masks_output\train\HLTY\HLTY_896_s80_0_sg0_5_ms20_colored.png,D:\gemma4\segmentation_lattuce-desease\felzenszwalb_masks_output\train\HLTY\HLTY_896_s80_0_sg0_5_ms20_info.txt
train,HLTY,healthy,D:\gemma4\segmentation_lattuce-desease\Roboflow_Dataset\train\HLTY\HLTY_898.JPG,HLTY_898,1,HLTY_898_s80_0_sg0_5_ms20,D:\gemma4\segmentation_lattuce-desease\felzenszwalb_masks_output\train\HLTY\HLTY_898_s80_0_sg0_5_ms20_raw.png,D:\gemma4\segmentation_lattuce-desease\felzenszwalb_masks_output\train\HLTY\HLTY_898_s80_0_sg0_5_ms20_boundary.png,D:\gemma4\segmentation_lattuce-desease\felzenszwalb_masks_output\train\HLTY\HLTY_898_s80_0_sg0_5_ms20_colored.png,D:\gemma4\segmentation_lattuce-desease\felzenszwalb_masks_output\train\HLTY\HLTY_898_s80_0_sg0_5_ms20_info.txt
train,HLTY,healthy,D:\gemma4\segmentation_lattuce-desease\Roboflow_Dataset\train\HLTY\HLTY_899.JPG,HLTY_899,1,HLTY_899_s80_0_sg0_5_ms20,D:\gemma4\segmentation_lattuce-desease\felzenszwalb_masks_output\train\HLTY\HLTY_899_s80_0_sg0_5_ms20_raw.png,D:\gemma4\segmentation_lattuce-desease\felzenszwalb_masks_output\train\HLTY\HLTY_899_s80_0_sg0_5_ms20_boundary.png,D:\gemma4\segmentation_lattuce-desease\felzenszwalb_masks_output\train\HLTY\HLTY_899_s80_0_sg0_5_ms20_colored.png,D:\gemma4\segmentation_lattuce-desease\felzenszwalb_masks_output\train\HLTY\HLTY_899_s80_0_sg0_5_ms20_info.txt
train,HLTY,healthy,D:\gemma4\segmentation_lattuce-desease\Roboflow_Dataset\train\HLTY\HLTY_9.JPG,HLTY_9,1,HLTY_9_s80_0_sg0_5_ms20,D:\gemma4\segmentation_lattuce-desease\felzenszwalb_masks_output\train\HLTY\HLTY_9_s80_0_sg0_5_ms20_raw.png,D:\gemma4\segmentation_lattuce-desease\felzenszwalb_masks_output\train\HLTY\HLTY_9_s80_0_sg0_5_ms20_boundary.png,D:\gemma4\segmentation_lattuce-desease\felzenszwalb_masks_output\train\HLTY\HLTY_9_s80_0_sg0_5_ms20_colored.png,D:\gemma4\segmentation_lattuce-desease\felzenszwalb_masks_output\train\HLTY\HLTY_9_s80_0_sg0_5_ms20_info.txt
train,HLTY,healthy,D:\gemma4\segmentation_lattuce-desease\Roboflow_Dataset\train\HLTY\HLTY_900.JPG,HLTY_900,1,HLTY_900_s80_0_sg0_5_ms20,D:\gemma4\segmentation_lattuce-desease\felzenszwalb_masks_output\train\HLTY\HLTY_900_s80_0_sg0_5_ms20_raw.png,D:\gemma4\segmentation_lattuce-desease\felzenszwalb_masks_output\train\HLTY\HLTY_900_s80_0_sg0_5_ms20_boundary.png,D:\gemma4\segmentation_lattuce-desease\felzenszwalb_masks_output\train\HLTY\HLTY_900_s80_0_sg0_5_ms20_colored.png,D:\gemma4\segmentation_lattuce-desease\felzenszwalb_masks_output\train\HLTY\HLTY_900_s80_0_sg0_5_ms20_info.txt
train,HLTY,healthy,D:\gemma4\segmentation_lattuce-desease\Roboflow_Dataset\train\HLTY\HLTY_901.jpg,HLTY_901,1,HLTY_901_s80_0_sg0_5_ms20,D:\gemma4\segmentation_lattuce-desease\felzenszwalb_masks_output\train\HLTY\HLTY_901_s80_0_sg0_5_ms20_raw.png,D:\gemma4\segmentation_lattuce-desease\felzenszwalb_masks_output\train\HLTY\HLTY_901_s80_0_sg0_5_ms20_boundary.png,D:\gemma4\segmentation_lattuce-desease\felzenszwalb_masks_output\train\HLTY\HLTY_901_s80_0_sg0_5_ms20_colored.png,D:\gemma4\segmentation_lattuce-desease\felzenszwalb_masks_output\train\HLTY\HLTY_901_s80_0_sg0_5_ms20_info.txt
train,HLTY,healthy,D:\gemma4\segmentation_lattuce-desease\Roboflow_Dataset\train\HLTY\HLTY_902.JPG,HLTY_902,1,HLTY_902_s80_0_sg0_5_ms20,D:\gemma4\segmentation_lattuce-desease\felzenszwalb_masks_output\train\HLTY\HLTY_902_s80_0_sg0_5_ms20_raw.png,D:\gemma4\segmentation_lattuce-desease\felzenszwalb_masks_output\train\HLTY\HLTY_902_s80_0_sg0_5_ms20_boundary.png,D:\gemma4\segmentation_lattuce-desease\felzenszwalb_masks_output\train\HLTY\HLTY_902_s80_0_sg0_5_ms20_colored.png,D:\gemma4\segmentation_lattuce-desease\felzenszwalb_masks_output\train\HLTY\HLTY_902_s80_0_sg0_5_ms20_info.txt
train,HLTY,healthy,D:\gemma4\segmentation_lattuce-desease\Roboflow_Dataset\train\HLTY\HLTY_903.JPG,HLTY_903,1,HLTY_903_s80_0_sg0_5_ms20,D:\gemma4\segmentation_lattuce-desease\felzenszwalb_masks_output\train\HLTY\HLTY_903_s80_0_sg0_5_ms20_raw.png,D:\gemma4\segmentation_lattuce-desease\felzenszwalb_masks_output\train\HLTY\HLTY_903_s80_0_sg0_5_ms20_boundary.png,D:\gemma4\segmentation_lattuce-desease\felzenszwalb_masks_output\train\HLTY\HLTY_903_s80_0_sg0_5_ms20_colored.png,D:\gemma4\segmentation_lattuce-desease\felzenszwalb_masks_output\train\HLTY\HLTY_903_s80_0_sg0_5_ms20_info.txt
train,HLTY,healthy,D:\gemma4\segmentation_lattuce-desease\Roboflow_Dataset\train\HLTY\HLTY_904.JPG,HLTY_904,1,HLTY_904_s80_0_sg0_5_ms20,D:\gemma4\segmentation_lattuce-desease\felzenszwalb_masks_output\train\HLTY\HLTY_904_s80_0_sg0_5_ms20_raw.png,D:\gemma4\segmentation_lattuce-desease\felzenszwalb_masks_output\train\HLTY\HLTY_904_s80_0_sg0_5_ms20_boundary.png,D:\gemma4\segmentation_lattuce-desease\felzenszwalb_masks_output\train\HLTY\HLTY_904_s80_0_sg0_5_ms20_colored.png,D:\gemma4\segmentation_lattuce-desease\felzenszwalb_masks_output\train\HLTY\HLTY_904_s80_0_sg0_5_ms20_info.txt
train,HLTY,healthy,D:\gemma4\segmentation_lattuce-desease\Roboflow_Dataset\train\HLTY\HLTY_905.JPG,HLTY_905,1,HLTY_905_s80_0_sg0_5_ms20,D:\gemma4\segmentation_lattuce-desease\felzenszwalb_masks_output\train\HLTY\HLTY_905_s80_0_sg0_5_ms20_raw.png,D:\gemma4\segmentation_lattuce-desease\felzenszwalb_masks_output\train\HLTY\HLTY_905_s80_0_sg0_5_ms20_boundary.png,D:\gemma4\segmentation_lattuce-desease\felzenszwalb_masks_output\train\HLTY\HLTY_905_s80_0_sg0_5_ms20_colored.png,D:\gemma4\segmentation_lattuce-desease\felzenszwalb_masks_output\train\HLTY\HLTY_905_s80_0_sg0_5_ms20_info.txt
train,HLTY,healthy,D:\gemma4\segmentation_lattuce-desease\Roboflow_Dataset\train\HLTY\HLTY_906.JPG,HLTY_906,1,HLTY_906_s80_0_sg0_5_ms20,D:\gemma4\segmentation_lattuce-desease\felzenszwalb_masks_output\train\HLTY\HLTY_906_s80_0_sg0_5_ms20_raw.png,D:\gemma4\segmentation_lattuce-desease\felzenszwalb_masks_output\train\HLTY\HLTY_906_s80_0_sg0_5_ms20_boundary.png,D:\gemma4\segmentation_lattuce-desease\felzenszwalb_masks_output\train\HLTY\HLTY_906_s80_0_sg0_5_ms20_colored.png,D:\gemma4\segmentation_lattuce-desease\felzenszwalb_masks_output\train\HLTY\HLTY_906_s80_0_sg0_5_ms20_info.txt
train,HLTY,healthy,D:\gemma4\segmentation_lattuce-desease\Roboflow_Dataset\train\HLTY\HLTY_907.JPG,HLTY_907,1,HLTY_907_s80_0_sg0_5_ms20,D:\gemma4\segmentation_lattuce-desease\felzenszwalb_masks_output\train\HLTY\HLTY_907_s80_0_sg0_5_ms20_raw.png,D:\gemma4\segmentation_lattuce-desease\felzenszwalb_masks_output\train\HLTY\HLTY_907_s80_0_sg0_5_ms20_boundary.png,D:\gemma4\segmentation_lattuce-desease\felzenszwalb_masks_output\train\HLTY\HLTY_907_s80_0_sg0_5_ms20_colored.png,D:\gemma4\segmentation_lattuce-desease\felzenszwalb_masks_output\train\HLTY\HLTY_907_s80_0_sg0_5_ms20_info.txt
train,HLTY,healthy,D:\gemma4\segmentation_lattuce-desease\Roboflow_Dataset\train\HLTY\HLTY_908.JPG,HLTY_908,1,HLTY_908_s80_0_sg0_5_ms20,D:\gemma4\segmentation_lattuce-desease\felzenszwalb_masks_output\train\HLTY\HLTY_908_s80_0_sg0_5_ms20_raw.png,D:\gemma4\segmentation_lattuce-desease\felzenszwalb_masks_output\train\HLTY\HLTY_908_s80_0_sg0_5_ms20_boundary.png,D:\gemma4\segmentation_lattuce-desease\felzenszwalb_masks_output\train\HLTY\HLTY_908_s80_0_sg0_5_ms20_colored.png,D:\gemma4\segmentation_lattuce-desease\felzenszwalb_masks_output\train\HLTY\HLTY_908_s80_0_sg0_5_ms20_info.txt
train,HLTY,healthy,D:\gemma4\segmentation_lattuce-desease\Roboflow_Dataset\train\HLTY\HLTY_909.JPG,HLTY_909,1,HLTY_909_s80_0_sg0_5_ms20,D:\gemma4\segmentation_lattuce-desease\felzenszwalb_masks_output\train\HLTY\HLTY_909_s80_0_sg0_5_ms20_raw.png,D:\gemma4\segmentation_lattuce-desease\felzenszwalb_masks_output\train\HLTY\HLTY_909_s80_0_sg0_5_ms20_boundary.png,D:\gemma4\segmentation_lattuce-desease\felzenszwalb_masks_output\train\HLTY\HLTY_909_s80_0_sg0_5_ms20_colored.png,D:\gemma4\segmentation_lattuce-desease\felzenszwalb_masks_output\train\HLTY\HLTY_909_s80_0_sg0_5_ms20_info.txt
train,HLTY,healthy,D:\gemma4\segmentation_lattuce-desease\Roboflow_Dataset\train\HLTY\HLTY_91.jpg,HLTY_91,1,HLTY_91_s80_0_sg0_5_ms20,D:\gemma4\segmentation_lattuce-desease\felzenszwalb_masks_output\train\HLTY\HLTY_91_s80_0_sg0_5_ms20_raw.png,D:\gemma4\segmentation_lattuce-desease\felzenszwalb_masks_output\train\HLTY\HLTY_91_s80_0_sg0_5_ms20_boundary.png,D:\gemma4\segmentation_lattuce-desease\felzenszwalb_masks_output\train\HLTY\HLTY_91_s80_0_sg0_5_ms20_colored.png,D:\gemma4\segmentation_lattuce-desease\felzenszwalb_masks_output\train\HLTY\HLTY_91_s80_0_sg0_5_ms20_info.txt
train,HLTY,healthy,D:\gemma4\segmentation_lattuce-desease\Roboflow_Dataset\train\HLTY\HLTY_910.JPG,HLTY_910,1,HLTY_910_s80_0_sg0_5_ms20,D:\gemma4\segmentation_lattuce-desease\felzenszwalb_masks_output\train\HLTY\HLTY_910_s80_0_sg0_5_ms20_raw.png,D:\gemma4\segmentation_lattuce-desease\felzenszwalb_masks_output\train\HLTY\HLTY_910_s80_0_sg0_5_ms20_boundary.png,D:\gemma4\segmentation_lattuce-desease\felzenszwalb_masks_output\train\HLTY\HLTY_910_s80_0_sg0_5_ms20_colored.png,D:\gemma4\segmentation_lattuce-desease\felzenszwalb_masks_output\train\HLTY\HLTY_910_s80_0_sg0_5_ms20_info.txt
train,HLTY,healthy,D:\gemma4\segmentation_lattuce-desease\Roboflow_Dataset\train\HLTY\HLTY_912.JPG,HLTY_912,1,HLTY_912_s80_0_sg0_5_ms20,D:\gemma4\segmentation_lattuce-desease\felzenszwalb_masks_output\train\HLTY\HLTY_912_s80_0_sg0_5_ms20_raw.png,D:\gemma4\segmentation_lattuce-desease\felzenszwalb_masks_output\train\HLTY\HLTY_912_s80_0_sg0_5_ms20_boundary.png,D:\gemma4\segmentation_lattuce-desease\felzenszwalb_masks_output\train\HLTY\HLTY_912_s80_0_sg0_5_ms20_colored.png,D:\gemma4\segmentation_lattuce-desease\felzenszwalb_masks_output\train\HLTY\HLTY_912_s80_0_sg0_5_ms20_info.txt
train,HLTY,healthy,D:\gemma4\segmentation_lattuce-desease\Roboflow_Dataset\train\HLTY\HLTY_915.JPG,HLTY_915,1,HLTY_915_s80_0_sg0_5_ms20,D:\gemma4\segmentation_lattuce-desease\felzenszwalb_masks_output\train\HLTY\HLTY_915_s80_0_sg0_5_ms20_raw.png,D:\gemma4\segmentation_lattuce-desease\felzenszwalb_masks_output\train\HLTY\HLTY_915_s80_0_sg0_5_ms20_boundary.png,D:\gemma4\segmentation_lattuce-desease\felzenszwalb_masks_output\train\HLTY\HLTY_915_s80_0_sg0_5_ms20_colored.png,D:\gemma4\segmentation_lattuce-desease\felzenszwalb_masks_output\train\HLTY\HLTY_915_s80_0_sg0_5_ms20_info.txt
train,HLTY,healthy,D:\gemma4\segmentation_lattuce-desease\Roboflow_Dataset\train\HLTY\HLTY_916.JPG,HLTY_916,1,HLTY_916_s80_0_sg0_5_ms20,D:\gemma4\segmentation_lattuce-desease\felzenszwalb_masks_output\train\HLTY\HLTY_916_s80_0_sg0_5_ms20_raw.png,D:\gemma4\segmentation_lattuce-desease\felzenszwalb_masks_output\train\HLTY\HLTY_916_s80_0_sg0_5_ms20_boundary.png,D:\gemma4\segmentation_lattuce-desease\felzenszwalb_masks_output\train\HLTY\HLTY_916_s80_0_sg0_5_ms20_colored.png,D:\gemma4\segmentation_lattuce-desease\felzenszwalb_masks_output\train\HLTY\HLTY_916_s80_0_sg0_5_ms20_info.txt
train,HLTY,healthy,D:\gemma4\segmentation_lattuce-desease\Roboflow_Dataset\train\HLTY\HLTY_918.JPG,HLTY_918,1,HLTY_918_s80_0_sg0_5_ms20,D:\gemma4\segmentation_lattuce-desease\felzenszwalb_masks_output\train\HLTY\HLTY_918_s80_0_sg0_5_ms20_raw.png,D:\gemma4\segmentation_lattuce-desease\felzenszwalb_masks_output\train\HLTY\HLTY_918_s80_0_sg0_5_ms20_boundary.png,D:\gemma4\segmentation_lattuce-desease\felzenszwalb_masks_output\train\HLTY\HLTY_918_s80_0_sg0_5_ms20_colored.png,D:\gemma4\segmentation_lattuce-desease\felzenszwalb_masks_output\train\HLTY\HLTY_918_s80_0_sg0_5_ms20_info.txt
train,HLTY,healthy,D:\gemma4\segmentation_lattuce-desease\Roboflow_Dataset\train\HLTY\HLTY_919.JPG,HLTY_919,1,HLTY_919_s80_0_sg0_5_ms20,D:\gemma4\segmentation_lattuce-desease\felzenszwalb_masks_output\train\HLTY\HLTY_919_s80_0_sg0_5_ms20_raw.png,D:\gemma4\segmentation_lattuce-desease\felzenszwalb_masks_output\train\HLTY\HLTY_919_s80_0_sg0_5_ms20_boundary.png,D:\gemma4\segmentation_lattuce-desease\felzenszwalb_masks_output\train\HLTY\HLTY_919_s80_0_sg0_5_ms20_colored.png,D:\gemma4\segmentation_lattuce-desease\felzenszwalb_masks_output\train\HLTY\HLTY_919_s80_0_sg0_5_ms20_info.txt
train,HLTY,healthy,D:\gemma4\segmentation_lattuce-desease\Roboflow_Dataset\train\HLTY\HLTY_92.jpg,HLTY_92,1,HLTY_92_s80_0_sg0_5_ms20,D:\gemma4\segmentation_lattuce-desease\felzenszwalb_masks_output\train\HLTY\HLTY_92_s80_0_sg0_5_ms20_raw.png,D:\gemma4\segmentation_lattuce-desease\felzenszwalb_masks_output\train\HLTY\HLTY_92_s80_0_sg0_5_ms20_boundary.png,D:\gemma4\segmentation_lattuce-desease\felzenszwalb_masks_output\train\HLTY\HLTY_92_s80_0_sg0_5_ms20_colored.png,D:\gemma4\segmentation_lattuce-desease\felzenszwalb_masks_output\train\HLTY\HLTY_92_s80_0_sg0_5_ms20_info.txt
train,HLTY,healthy,D:\gemma4\segmentation_lattuce-desease\Roboflow_Dataset\train\HLTY\HLTY_920.JPG,HLTY_920,1,HLTY_920_s80_0_sg0_5_ms20,D:\gemma4\segmentation_lattuce-desease\felzenszwalb_masks_output\train\HLTY\HLTY_920_s80_0_sg0_5_ms20_raw.png,D:\gemma4\segmentation_lattuce-desease\felzenszwalb_masks_output\train\HLTY\HLTY_920_s80_0_sg0_5_ms20_boundary.png,D:\gemma4\segmentation_lattuce-desease\felzenszwalb_masks_output\train\HLTY\HLTY_920_s80_0_sg0_5_ms20_colored.png,D:\gemma4\segmentation_lattuce-desease\felzenszwalb_masks_output\train\HLTY\HLTY_920_s80_0_sg0_5_ms20_info.txt
train,HLTY,healthy,D:\gemma4\segmentation_lattuce-desease\Roboflow_Dataset\train\HLTY\HLTY_921.JPG,HLTY_921,1,HLTY_921_s80_0_sg0_5_ms20,D:\gemma4\segmentation_lattuce-desease\felzenszwalb_masks_output\train\HLTY\HLTY_921_s80_0_sg0_5_ms20_raw.png,D:\gemma4\segmentation_lattuce-desease\felzenszwalb_masks_output\train\HLTY\HLTY_921_s80_0_sg0_5_ms20_boundary.png,D:\gemma4\segmentation_lattuce-desease\felzenszwalb_masks_output\train\HLTY\HLTY_921_s80_0_sg0_5_ms20_colored.png,D:\gemma4\segmentation_lattuce-desease\felzenszwalb_masks_output\train\HLTY\HLTY_921_s80_0_sg0_5_ms20_info.txt
train,HLTY,healthy,D:\gemma4\segmentation_lattuce-desease\Roboflow_Dataset\train\HLTY\HLTY_922.JPG,HLTY_922,1,HLTY_922_s80_0_sg0_5_ms20,D:\gemma4\segmentation_lattuce-desease\felzenszwalb_masks_output\train\HLTY\HLTY_922_s80_0_sg0_5_ms20_raw.png,D:\gemma4\segmentation_lattuce-desease\felzenszwalb_masks_output\train\HLTY\HLTY_922_s80_0_sg0_5_ms20_boundary.png,D:\gemma4\segmentation_lattuce-desease\felzenszwalb_masks_output\train\HLTY\HLTY_922_s80_0_sg0_5_ms20_colored.png,D:\gemma4\segmentation_lattuce-desease\felzenszwalb_masks_output\train\HLTY\HLTY_922_s80_0_sg0_5_ms20_info.txt
train,HLTY,healthy,D:\gemma4\segmentation_lattuce-desease\Roboflow_Dataset\train\HLTY\HLTY_923.JPG,HLTY_923,1,HLTY_923_s80_0_sg0_5_ms20,D:\gemma4\segmentation_lattuce-desease\felzenszwalb_masks_output\train\HLTY\HLTY_923_s80_0_sg0_5_ms20_raw.png,D:\gemma4\segmentation_lattuce-desease\felzenszwalb_masks_output\train\HLTY\HLTY_923_s80_0_sg0_5_ms20_boundary.png,D:\gemma4\segmentation_lattuce-desease\felzenszwalb_masks_output\train\HLTY\HLTY_923_s80_0_sg0_5_ms20_colored.png,D:\gemma4\segmentation_lattuce-desease\felzenszwalb_masks_output\train\HLTY\HLTY_923_s80_0_sg0_5_ms20_info.txt
train,HLTY,healthy,D:\gemma4\segmentation_lattuce-desease\Roboflow_Dataset\train\HLTY\HLTY_924.JPG,HLTY_924,1,HLTY_924_s80_0_sg0_5_ms20,D:\gemma4\segmentation_lattuce-desease\felzenszwalb_masks_output\train\HLTY\HLTY_924_s80_0_sg0_5_ms20_raw.png,D:\gemma4\segmentation_lattuce-desease\felzenszwalb_masks_output\train\HLTY\HLTY_924_s80_0_sg0_5_ms20_boundary.png,D:\gemma4\segmentation_lattuce-desease\felzenszwalb_masks_output\train\HLTY\HLTY_924_s80_0_sg0_5_ms20_colored.png,D:\gemma4\segmentation_lattuce-desease\felzenszwalb_masks_output\train\HLTY\HLTY_924_s80_0_sg0_5_ms20_info.txt
train,HLTY,healthy,D:\gemma4\segmentation_lattuce-desease\Roboflow_Dataset\train\HLTY\HLTY_925.JPG,HLTY_925,1,HLTY_925_s80_0_sg0_5_ms20,D:\gemma4\segmentation_lattuce-desease\felzenszwalb_masks_output\train\HLTY\HLTY_925_s80_0_sg0_5_ms20_raw.png,D:\gemma4\segmentation_lattuce-desease\felzenszwalb_masks_output\train\HLTY\HLTY_925_s80_0_sg0_5_ms20_boundary.png,D:\gemma4\segmentation_lattuce-desease\felzenszwalb_masks_output\train\HLTY\HLTY_925_s80_0_sg0_5_ms20_colored.png,D:\gemma4\segmentation_lattuce-desease\felzenszwalb_masks_output\train\HLTY\HLTY_925_s80_0_sg0_5_ms20_info.txt
train,HLTY,healthy,D:\gemma4\segmentation_lattuce-desease\Roboflow_Dataset\train\HLTY\HLTY_926.JPG,HLTY_926,1,HLTY_926_s80_0_sg0_5_ms20,D:\gemma4\segmentation_lattuce-desease\felzenszwalb_masks_output\train\HLTY\HLTY_926_s80_0_sg0_5_ms20_raw.png,D:\gemma4\segmentation_lattuce-desease\felzenszwalb_masks_output\train\HLTY\HLTY_926_s80_0_sg0_5_ms20_boundary.png,D:\gemma4\segmentation_lattuce-desease\felzenszwalb_masks_output\train\HLTY\HLTY_926_s80_0_sg0_5_ms20_colored.png,D:\gemma4\segmentation_lattuce-desease\felzenszwalb_masks_output\train\HLTY\HLTY_926_s80_0_sg0_5_ms20_info.txt
train,HLTY,healthy,D:\gemma4\segmentation_lattuce-desease\Roboflow_Dataset\train\HLTY\HLTY_927.JPG,HLTY_927,1,HLTY_927_s80_0_sg0_5_ms20,D:\gemma4\segmentation_lattuce-desease\felzenszwalb_masks_output\train\HLTY\HLTY_927_s80_0_sg0_5_ms20_raw.png,D:\gemma4\segmentation_lattuce-desease\felzenszwalb_masks_output\train\HLTY\HLTY_927_s80_0_sg0_5_ms20_boundary.png,D:\gemma4\segmentation_lattuce-desease\felzenszwalb_masks_output\train\HLTY\HLTY_927_s80_0_sg0_5_ms20_colored.png,D:\gemma4\segmentation_lattuce-desease\felzenszwalb_masks_output\train\HLTY\HLTY_927_s80_0_sg0_5_ms20_info.txt
train,HLTY,healthy,D:\gemma4\segmentation_lattuce-desease\Roboflow_Dataset\train\HLTY\HLTY_928.JPG,HLTY_928,1,HLTY_928_s80_0_sg0_5_ms20,D:\gemma4\segmentation_lattuce-desease\felzenszwalb_masks_output\train\HLTY\HLTY_928_s80_0_sg0_5_ms20_raw.png,D:\gemma4\segmentation_lattuce-desease\felzenszwalb_masks_output\train\HLTY\HLTY_928_s80_0_sg0_5_ms20_boundary.png,D:\gemma4\segmentation_lattuce-desease\felzenszwalb_masks_output\train\HLTY\HLTY_928_s80_0_sg0_5_ms20_colored.png,D:\gemma4\segmentation_lattuce-desease\felzenszwalb_masks_output\train\HLTY\HLTY_928_s80_0_sg0_5_ms20_info.txt
train,HLTY,healthy,D:\gemma4\segmentation_lattuce-desease\Roboflow_Dataset\train\HLTY\HLTY_929.JPG,HLTY_929,1,HLTY_929_s80_0_sg0_5_ms20,D:\gemma4\segmentation_lattuce-desease\felzenszwalb_masks_output\train\HLTY\HLTY_929_s80_0_sg0_5_ms20_raw.png,D:\gemma4\segmentation_lattuce-desease\felzenszwalb_masks_output\train\HLTY\HLTY_929_s80_0_sg0_5_ms20_boundary.png,D:\gemma4\segmentation_lattuce-desease\felzenszwalb_masks_output\train\HLTY\HLTY_929_s80_0_sg0_5_ms20_colored.png,D:\gemma4\segmentation_lattuce-desease\felzenszwalb_masks_output\train\HLTY\HLTY_929_s80_0_sg0_5_ms20_info.txt
train,HLTY,healthy,D:\gemma4\segmentation_lattuce-desease\Roboflow_Dataset\train\HLTY\HLTY_93.jpg,HLTY_93,1,HLTY_93_s80_0_sg0_5_ms20,D:\gemma4\segmentation_lattuce-desease\felzenszwalb_masks_output\train\HLTY\HLTY_93_s80_0_sg0_5_ms20_raw.png,D:\gemma4\segmentation_lattuce-desease\felzenszwalb_masks_output\train\HLTY\HLTY_93_s80_0_sg0_5_ms20_boundary.png,D:\gemma4\segmentation_lattuce-desease\felzenszwalb_masks_output\train\HLTY\HLTY_93_s80_0_sg0_5_ms20_colored.png,D:\gemma4\segmentation_lattuce-desease\felzenszwalb_masks_output\train\HLTY\HLTY_93_s80_0_sg0_5_ms20_info.txt
train,HLTY,healthy,D:\gemma4\segmentation_lattuce-desease\Roboflow_Dataset\train\HLTY\HLTY_930.JPG,HLTY_930,1,HLTY_930_s80_0_sg0_5_ms20,D:\gemma4\segmentation_lattuce-desease\felzenszwalb_masks_output\train\HLTY\HLTY_930_s80_0_sg0_5_ms20_raw.png,D:\gemma4\segmentation_lattuce-desease\felzenszwalb_masks_output\train\HLTY\HLTY_930_s80_0_sg0_5_ms20_boundary.png,D:\gemma4\segmentation_lattuce-desease\felzenszwalb_masks_output\train\HLTY\HLTY_930_s80_0_sg0_5_ms20_colored.png,D:\gemma4\segmentation_lattuce-desease\felzenszwalb_masks_output\train\HLTY\HLTY_930_s80_0_sg0_5_ms20_info.txt
train,HLTY,healthy,D:\gemma4\segmentation_lattuce-desease\Roboflow_Dataset\train\HLTY\HLTY_931.JPG,HLTY_931,1,HLTY_931_s80_0_sg0_5_ms20,D:\gemma4\segmentation_lattuce-desease\felzenszwalb_masks_output\train\HLTY\HLTY_931_s80_0_sg0_5_ms20_raw.png,D:\gemma4\segmentation_lattuce-desease\felzenszwalb_masks_output\train\HLTY\HLTY_931_s80_0_sg0_5_ms20_boundary.png,D:\gemma4\segmentation_lattuce-desease\felzenszwalb_masks_output\train\HLTY\HLTY_931_s80_0_sg0_5_ms20_colored.png,D:\gemma4\segmentation_lattuce-desease\felzenszwalb_masks_output\train\HLTY\HLTY_931_s80_0_sg0_5_ms20_info.txt
train,HLTY,healthy,D:\gemma4\segmentation_lattuce-desease\Roboflow_Dataset\train\HLTY\HLTY_932.JPG,HLTY_932,1,HLTY_932_s80_0_sg0_5_ms20,D:\gemma4\segmentation_lattuce-desease\felzenszwalb_masks_output\train\HLTY\HLTY_932_s80_0_sg0_5_ms20_raw.png,D:\gemma4\segmentation_lattuce-desease\felzenszwalb_masks_output\train\HLTY\HLTY_932_s80_0_sg0_5_ms20_boundary.png,D:\gemma4\segmentation_lattuce-desease\felzenszwalb_masks_output\train\HLTY\HLTY_932_s80_0_sg0_5_ms20_colored.png,D:\gemma4\segmentation_lattuce-desease\felzenszwalb_masks_output\train\HLTY\HLTY_932_s80_0_sg0_5_ms20_info.txt
train,HLTY,healthy,D:\gemma4\segmentation_lattuce-desease\Roboflow_Dataset\train\HLTY\HLTY_933.JPG,HLTY_933,1,HLTY_933_s80_0_sg0_5_ms20,D:\gemma4\segmentation_lattuce-desease\felzenszwalb_masks_output\train\HLTY\HLTY_933_s80_0_sg0_5_ms20_raw.png,D:\gemma4\segmentation_lattuce-desease\felzenszwalb_masks_output\train\HLTY\HLTY_933_s80_0_sg0_5_ms20_boundary.png,D:\gemma4\segmentation_lattuce-desease\felzenszwalb_masks_output\train\HLTY\HLTY_933_s80_0_sg0_5_ms20_colored.png,D:\gemma4\segmentation_lattuce-desease\felzenszwalb_masks_output\train\HLTY\HLTY_933_s80_0_sg0_5_ms20_info.txt
train,HLTY,healthy,D:\gemma4\segmentation_lattuce-desease\Roboflow_Dataset\train\HLTY\HLTY_934.JPG,HLTY_934,1,HLTY_934_s80_0_sg0_5_ms20,D:\gemma4\segmentation_lattuce-desease\felzenszwalb_masks_output\train\HLTY\HLTY_934_s80_0_sg0_5_ms20_raw.png,D:\gemma4\segmentation_lattuce-desease\felzenszwalb_masks_output\train\HLTY\HLTY_934_s80_0_sg0_5_ms20_boundary.png,D:\gemma4\segmentation_lattuce-desease\felzenszwalb_masks_output\train\HLTY\HLTY_934_s80_0_sg0_5_ms20_colored.png,D:\gemma4\segmentation_lattuce-desease\felzenszwalb_masks_output\train\HLTY\HLTY_934_s80_0_sg0_5_ms20_info.txt
train,HLTY,healthy,D:\gemma4\segmentation_lattuce-desease\Roboflow_Dataset\train\HLTY\HLTY_935.JPG,HLTY_935,1,HLTY_935_s80_0_sg0_5_ms20,D:\gemma4\segmentation_lattuce-desease\felzenszwalb_masks_output\train\HLTY\HLTY_935_s80_0_sg0_5_ms20_raw.png,D:\gemma4\segmentation_lattuce-desease\felzenszwalb_masks_output\train\HLTY\HLTY_935_s80_0_sg0_5_ms20_boundary.png,D:\gemma4\segmentation_lattuce-desease\felzenszwalb_masks_output\train\HLTY\HLTY_935_s80_0_sg0_5_ms20_colored.png,D:\gemma4\segmentation_lattuce-desease\felzenszwalb_masks_output\train\HLTY\HLTY_935_s80_0_sg0_5_ms20_info.txt
train,HLTY,healthy,D:\gemma4\segmentation_lattuce-desease\Roboflow_Dataset\train\HLTY\HLTY_937.JPG,HLTY_937,1,HLTY_937_s80_0_sg0_5_ms20,D:\gemma4\segmentation_lattuce-desease\felzenszwalb_masks_output\train\HLTY\HLTY_937_s80_0_sg0_5_ms20_raw.png,D:\gemma4\segmentation_lattuce-desease\felzenszwalb_masks_output\train\HLTY\HLTY_937_s80_0_sg0_5_ms20_boundary.png,D:\gemma4\segmentation_lattuce-desease\felzenszwalb_masks_output\train\HLTY\HLTY_937_s80_0_sg0_5_ms20_colored.png,D:\gemma4\segmentation_lattuce-desease\felzenszwalb_masks_output\train\HLTY\HLTY_937_s80_0_sg0_5_ms20_info.txt
train,HLTY,healthy,D:\gemma4\segmentation_lattuce-desease\Roboflow_Dataset\train\HLTY\HLTY_938.JPG,HLTY_938,1,HLTY_938_s80_0_sg0_5_ms20,D:\gemma4\segmentation_lattuce-desease\felzenszwalb_masks_output\train\HLTY\HLTY_938_s80_0_sg0_5_ms20_raw.png,D:\gemma4\segmentation_lattuce-desease\felzenszwalb_masks_output\train\HLTY\HLTY_938_s80_0_sg0_5_ms20_boundary.png,D:\gemma4\segmentation_lattuce-desease\felzenszwalb_masks_output\train\HLTY\HLTY_938_s80_0_sg0_5_ms20_colored.png,D:\gemma4\segmentation_lattuce-desease\felzenszwalb_masks_output\train\HLTY\HLTY_938_s80_0_sg0_5_ms20_info.txt
train,HLTY,healthy,D:\gemma4\segmentation_lattuce-desease\Roboflow_Dataset\train\HLTY\HLTY_939.JPG,HLTY_939,1,HLTY_939_s80_0_sg0_5_ms20,D:\gemma4\segmentation_lattuce-desease\felzenszwalb_masks_output\train\HLTY\HLTY_939_s80_0_sg0_5_ms20_raw.png,D:\gemma4\segmentation_lattuce-desease\felzenszwalb_masks_output\train\HLTY\HLTY_939_s80_0_sg0_5_ms20_boundary.png,D:\gemma4\segmentation_lattuce-desease\felzenszwalb_masks_output\train\HLTY\HLTY_939_s80_0_sg0_5_ms20_colored.png,D:\gemma4\segmentation_lattuce-desease\felzenszwalb_masks_output\train\HLTY\HLTY_939_s80_0_sg0_5_ms20_info.txt
train,HLTY,healthy,D:\gemma4\segmentation_lattuce-desease\Roboflow_Dataset\train\HLTY\HLTY_94.jpg,HLTY_94,1,HLTY_94_s80_0_sg0_5_ms20,D:\gemma4\segmentation_lattuce-desease\felzenszwalb_masks_output\train\HLTY\HLTY_94_s80_0_sg0_5_ms20_raw.png,D:\gemma4\segmentation_lattuce-desease\felzenszwalb_masks_output\train\HLTY\HLTY_94_s80_0_sg0_5_ms20_boundary.png,D:\gemma4\segmentation_lattuce-desease\felzenszwalb_masks_output\train\HLTY\HLTY_94_s80_0_sg0_5_ms20_colored.png,D:\gemma4\segmentation_lattuce-desease\felzenszwalb_masks_output\train\HLTY\HLTY_94_s80_0_sg0_5_ms20_info.txt
train,HLTY,healthy,D:\gemma4\segmentation_lattuce-desease\Roboflow_Dataset\train\HLTY\HLTY_940.JPG,HLTY_940,1,HLTY_940_s80_0_sg0_5_ms20,D:\gemma4\segmentation_lattuce-desease\felzenszwalb_masks_output\train\HLTY\HLTY_940_s80_0_sg0_5_ms20_raw.png,D:\gemma4\segmentation_lattuce-desease\felzenszwalb_masks_output\train\HLTY\HLTY_940_s80_0_sg0_5_ms20_boundary.png,D:\gemma4\segmentation_lattuce-desease\felzenszwalb_masks_output\train\HLTY\HLTY_940_s80_0_sg0_5_ms20_colored.png,D:\gemma4\segmentation_lattuce-desease\felzenszwalb_masks_output\train\HLTY\HLTY_940_s80_0_sg0_5_ms20_info.txt
train,HLTY,healthy,D:\gemma4\segmentation_lattuce-desease\Roboflow_Dataset\train\HLTY\HLTY_941.JPG,HLTY_941,1,HLTY_941_s80_0_sg0_5_ms20,D:\gemma4\segmentation_lattuce-desease\felzenszwalb_masks_output\train\HLTY\HLTY_941_s80_0_sg0_5_ms20_raw.png,D:\gemma4\segmentation_lattuce-desease\felzenszwalb_masks_output\train\HLTY\HLTY_941_s80_0_sg0_5_ms20_boundary.png,D:\gemma4\segmentation_lattuce-desease\felzenszwalb_masks_output\train\HLTY\HLTY_941_s80_0_sg0_5_ms20_colored.png,D:\gemma4\segmentation_lattuce-desease\felzenszwalb_masks_output\train\HLTY\HLTY_941_s80_0_sg0_5_ms20_info.txt
train,HLTY,healthy,D:\gemma4\segmentation_lattuce-desease\Roboflow_Dataset\train\HLTY\HLTY_943.JPG,HLTY_943,1,HLTY_943_s80_0_sg0_5_ms20,D:\gemma4\segmentation_lattuce-desease\felzenszwalb_masks_output\train\HLTY\HLTY_943_s80_0_sg0_5_ms20_raw.png,D:\gemma4\segmentation_lattuce-desease\felzenszwalb_masks_output\train\HLTY\HLTY_943_s80_0_sg0_5_ms20_boundary.png,D:\gemma4\segmentation_lattuce-desease\felzenszwalb_masks_output\train\HLTY\HLTY_943_s80_0_sg0_5_ms20_colored.png,D:\gemma4\segmentation_lattuce-desease\felzenszwalb_masks_output\train\HLTY\HLTY_943_s80_0_sg0_5_ms20_info.txt
train,HLTY,healthy,D:\gemma4\segmentation_lattuce-desease\Roboflow_Dataset\train\HLTY\HLTY_944.JPG,HLTY_944,1,HLTY_944_s80_0_sg0_5_ms20,D:\gemma4\segmentation_lattuce-desease\felzenszwalb_masks_output\train\HLTY\HLTY_944_s80_0_sg0_5_ms20_raw.png,D:\gemma4\segmentation_lattuce-desease\felzenszwalb_masks_output\train\HLTY\HLTY_944_s80_0_sg0_5_ms20_boundary.png,D:\gemma4\segmentation_lattuce-desease\felzenszwalb_masks_output\train\HLTY\HLTY_944_s80_0_sg0_5_ms20_colored.png,D:\gemma4\segmentation_lattuce-desease\felzenszwalb_masks_output\train\HLTY\HLTY_944_s80_0_sg0_5_ms20_info.txt
train,HLTY,healthy,D:\gemma4\segmentation_lattuce-desease\Roboflow_Dataset\train\HLTY\HLTY_945.JPG,HLTY_945,1,HLTY_945_s80_0_sg0_5_ms20,D:\gemma4\segmentation_lattuce-desease\felzenszwalb_masks_output\train\HLTY\HLTY_945_s80_0_sg0_5_ms20_raw.png,D:\gemma4\segmentation_lattuce-desease\felzenszwalb_masks_output\train\HLTY\HLTY_945_s80_0_sg0_5_ms20_boundary.png,D:\gemma4\segmentation_lattuce-desease\felzenszwalb_masks_output\train\HLTY\HLTY_945_s80_0_sg0_5_ms20_colored.png,D:\gemma4\segmentation_lattuce-desease\felzenszwalb_masks_output\train\HLTY\HLTY_945_s80_0_sg0_5_ms20_info.txt
train,HLTY,healthy,D:\gemma4\segmentation_lattuce-desease\Roboflow_Dataset\train\HLTY\HLTY_947.JPG,HLTY_947,1,HLTY_947_s80_0_sg0_5_ms20,D:\gemma4\segmentation_lattuce-desease\felzenszwalb_masks_output\train\HLTY\HLTY_947_s80_0_sg0_5_ms20_raw.png,D:\gemma4\segmentation_lattuce-desease\felzenszwalb_masks_output\train\HLTY\HLTY_947_s80_0_sg0_5_ms20_boundary.png,D:\gemma4\segmentation_lattuce-desease\felzenszwalb_masks_output\train\HLTY\HLTY_947_s80_0_sg0_5_ms20_colored.png,D:\gemma4\segmentation_lattuce-desease\felzenszwalb_masks_output\train\HLTY\HLTY_947_s80_0_sg0_5_ms20_info.txt
train,HLTY,healthy,D:\gemma4\segmentation_lattuce-desease\Roboflow_Dataset\train\HLTY\HLTY_948.JPG,HLTY_948,1,HLTY_948_s80_0_sg0_5_ms20,D:\gemma4\segmentation_lattuce-desease\felzenszwalb_masks_output\train\HLTY\HLTY_948_s80_0_sg0_5_ms20_raw.png,D:\gemma4\segmentation_lattuce-desease\felzenszwalb_masks_output\train\HLTY\HLTY_948_s80_0_sg0_5_ms20_boundary.png,D:\gemma4\segmentation_lattuce-desease\felzenszwalb_masks_output\train\HLTY\HLTY_948_s80_0_sg0_5_ms20_colored.png,D:\gemma4\segmentation_lattuce-desease\felzenszwalb_masks_output\train\HLTY\HLTY_948_s80_0_sg0_5_ms20_info.txt
train,HLTY,healthy,D:\gemma4\segmentation_lattuce-desease\Roboflow_Dataset\train\HLTY\HLTY_949.JPG,HLTY_949,1,HLTY_949_s80_0_sg0_5_ms20,D:\gemma4\segmentation_lattuce-desease\felzenszwalb_masks_output\train\HLTY\HLTY_949_s80_0_sg0_5_ms20_raw.png,D:\gemma4\segmentation_lattuce-desease\felzenszwalb_masks_output\train\HLTY\HLTY_949_s80_0_sg0_5_ms20_boundary.png,D:\gemma4\segmentation_lattuce-desease\felzenszwalb_masks_output\train\HLTY\HLTY_949_s80_0_sg0_5_ms20_colored.png,D:\gemma4\segmentation_lattuce-desease\felzenszwalb_masks_output\train\HLTY\HLTY_949_s80_0_sg0_5_ms20_info.txt
train,HLTY,healthy,D:\gemma4\segmentation_lattuce-desease\Roboflow_Dataset\train\HLTY\HLTY_95.jpg,HLTY_95,1,HLTY_95_s80_0_sg0_5_ms20,D:\gemma4\segmentation_lattuce-desease\felzenszwalb_masks_output\train\HLTY\HLTY_95_s80_0_sg0_5_ms20_raw.png,D:\gemma4\segmentation_lattuce-desease\felzenszwalb_masks_output\train\HLTY\HLTY_95_s80_0_sg0_5_ms20_boundary.png,D:\gemma4\segmentation_lattuce-desease\felzenszwalb_masks_output\train\HLTY\HLTY_95_s80_0_sg0_5_ms20_colored.png,D:\gemma4\segmentation_lattuce-desease\felzenszwalb_masks_output\train\HLTY\HLTY_95_s80_0_sg0_5_ms20_info.txt
train,HLTY,healthy,D:\gemma4\segmentation_lattuce-desease\Roboflow_Dataset\train\HLTY\HLTY_950.JPG,HLTY_950,1,HLTY_950_s80_0_sg0_5_ms20,D:\gemma4\segmentation_lattuce-desease\felzenszwalb_masks_output\train\HLTY\HLTY_950_s80_0_sg0_5_ms20_raw.png,D:\gemma4\segmentation_lattuce-desease\felzenszwalb_masks_output\train\HLTY\HLTY_950_s80_0_sg0_5_ms20_boundary.png,D:\gemma4\segmentation_lattuce-desease\felzenszwalb_masks_output\train\HLTY\HLTY_950_s80_0_sg0_5_ms20_colored.png,D:\gemma4\segmentation_lattuce-desease\felzenszwalb_masks_output\train\HLTY\HLTY_950_s80_0_sg0_5_ms20_info.txt
train,HLTY,healthy,D:\gemma4\segmentation_lattuce-desease\Roboflow_Dataset\train\HLTY\HLTY_952.JPG,HLTY_952,1,HLTY_952_s80_0_sg0_5_ms20,D:\gemma4\segmentation_lattuce-desease\felzenszwalb_masks_output\train\HLTY\HLTY_952_s80_0_sg0_5_ms20_raw.png,D:\gemma4\segmentation_lattuce-desease\felzenszwalb_masks_output\train\HLTY\HLTY_952_s80_0_sg0_5_ms20_boundary.png,D:\gemma4\segmentation_lattuce-desease\felzenszwalb_masks_output\train\HLTY\HLTY_952_s80_0_sg0_5_ms20_colored.png,D:\gemma4\segmentation_lattuce-desease\felzenszwalb_masks_output\train\HLTY\HLTY_952_s80_0_sg0_5_ms20_info.txt
train,HLTY,healthy,D:\gemma4\segmentation_lattuce-desease\Roboflow_Dataset\train\HLTY\HLTY_953.JPG,HLTY_953,1,HLTY_953_s80_0_sg0_5_ms20,D:\gemma4\segmentation_lattuce-desease\felzenszwalb_masks_output\train\HLTY\HLTY_953_s80_0_sg0_5_ms20_raw.png,D:\gemma4\segmentation_lattuce-desease\felzenszwalb_masks_output\train\HLTY\HLTY_953_s80_0_sg0_5_ms20_boundary.png,D:\gemma4\segmentation_lattuce-desease\felzenszwalb_masks_output\train\HLTY\HLTY_953_s80_0_sg0_5_ms20_colored.png,D:\gemma4\segmentation_lattuce-desease\felzenszwalb_masks_output\train\HLTY\HLTY_953_s80_0_sg0_5_ms20_info.txt
train,HLTY,healthy,D:\gemma4\segmentation_lattuce-desease\Roboflow_Dataset\train\HLTY\HLTY_956.JPG,HLTY_956,1,HLTY_956_s80_0_sg0_5_ms20,D:\gemma4\segmentation_lattuce-desease\felzenszwalb_masks_output\train\HLTY\HLTY_956_s80_0_sg0_5_ms20_raw.png,D:\gemma4\segmentation_lattuce-desease\felzenszwalb_masks_output\train\HLTY\HLTY_956_s80_0_sg0_5_ms20_boundary.png,D:\gemma4\segmentation_lattuce-desease\felzenszwalb_masks_output\train\HLTY\HLTY_956_s80_0_sg0_5_ms20_colored.png,D:\gemma4\segmentation_lattuce-desease\felzenszwalb_masks_output\train\HLTY\HLTY_956_s80_0_sg0_5_ms20_info.txt
train,HLTY,healthy,D:\gemma4\segmentation_lattuce-desease\Roboflow_Dataset\train\HLTY\HLTY_957.JPG,HLTY_957,1,HLTY_957_s80_0_sg0_5_ms20,D:\gemma4\segmentation_lattuce-desease\felzenszwalb_masks_output\train\HLTY\HLTY_957_s80_0_sg0_5_ms20_raw.png,D:\gemma4\segmentation_lattuce-desease\felzenszwalb_masks_output\train\HLTY\HLTY_957_s80_0_sg0_5_ms20_boundary.png,D:\gemma4\segmentation_lattuce-desease\felzenszwalb_masks_output\train\HLTY\HLTY_957_s80_0_sg0_5_ms20_colored.png,D:\gemma4\segmentation_lattuce-desease\felzenszwalb_masks_output\train\HLTY\HLTY_957_s80_0_sg0_5_ms20_info.txt
train,HLTY,healthy,D:\gemma4\segmentation_lattuce-desease\Roboflow_Dataset\train\HLTY\HLTY_958.JPG,HLTY_958,1,HLTY_958_s80_0_sg0_5_ms20,D:\gemma4\segmentation_lattuce-desease\felzenszwalb_masks_output\train\HLTY\HLTY_958_s80_0_sg0_5_ms20_raw.png,D:\gemma4\segmentation_lattuce-desease\felzenszwalb_masks_output\train\HLTY\HLTY_958_s80_0_sg0_5_ms20_boundary.png,D:\gemma4\segmentation_lattuce-desease\felzenszwalb_masks_output\train\HLTY\HLTY_958_s80_0_sg0_5_ms20_colored.png,D:\gemma4\segmentation_lattuce-desease\felzenszwalb_masks_output\train\HLTY\HLTY_958_s80_0_sg0_5_ms20_info.txt
train,HLTY,healthy,D:\gemma4\segmentation_lattuce-desease\Roboflow_Dataset\train\HLTY\HLTY_959.JPG,HLTY_959,1,HLTY_959_s80_0_sg0_5_ms20,D:\gemma4\segmentation_lattuce-desease\felzenszwalb_masks_output\train\HLTY\HLTY_959_s80_0_sg0_5_ms20_raw.png,D:\gemma4\segmentation_lattuce-desease\felzenszwalb_masks_output\train\HLTY\HLTY_959_s80_0_sg0_5_ms20_boundary.png,D:\gemma4\segmentation_lattuce-desease\felzenszwalb_masks_output\train\HLTY\HLTY_959_s80_0_sg0_5_ms20_colored.png,D:\gemma4\segmentation_lattuce-desease\felzenszwalb_masks_output\train\HLTY\HLTY_959_s80_0_sg0_5_ms20_info.txt
train,HLTY,healthy,D:\gemma4\segmentation_lattuce-desease\Roboflow_Dataset\train\HLTY\HLTY_96.jpg,HLTY_96,1,HLTY_96_s80_0_sg0_5_ms20,D:\gemma4\segmentation_lattuce-desease\felzenszwalb_masks_output\train\HLTY\HLTY_96_s80_0_sg0_5_ms20_raw.png,D:\gemma4\segmentation_lattuce-desease\felzenszwalb_masks_output\train\HLTY\HLTY_96_s80_0_sg0_5_ms20_boundary.png,D:\gemma4\segmentation_lattuce-desease\felzenszwalb_masks_output\train\HLTY\HLTY_96_s80_0_sg0_5_ms20_colored.png,D:\gemma4\segmentation_lattuce-desease\felzenszwalb_masks_output\train\HLTY\HLTY_96_s80_0_sg0_5_ms20_info.txt
train,HLTY,healthy,D:\gemma4\segmentation_lattuce-desease\Roboflow_Dataset\train\HLTY\HLTY_960.JPG,HLTY_960,1,HLTY_960_s80_0_sg0_5_ms20,D:\gemma4\segmentation_lattuce-desease\felzenszwalb_masks_output\train\HLTY\HLTY_960_s80_0_sg0_5_ms20_raw.png,D:\gemma4\segmentation_lattuce-desease\felzenszwalb_masks_output\train\HLTY\HLTY_960_s80_0_sg0_5_ms20_boundary.png,D:\gemma4\segmentation_lattuce-desease\felzenszwalb_masks_output\train\HLTY\HLTY_960_s80_0_sg0_5_ms20_colored.png,D:\gemma4\segmentation_lattuce-desease\felzenszwalb_masks_output\train\HLTY\HLTY_960_s80_0_sg0_5_ms20_info.txt
train,HLTY,healthy,D:\gemma4\segmentation_lattuce-desease\Roboflow_Dataset\train\HLTY\HLTY_961.JPG,HLTY_961,1,HLTY_961_s80_0_sg0_5_ms20,D:\gemma4\segmentation_lattuce-desease\felzenszwalb_masks_output\train\HLTY\HLTY_961_s80_0_sg0_5_ms20_raw.png,D:\gemma4\segmentation_lattuce-desease\felzenszwalb_masks_output\train\HLTY\HLTY_961_s80_0_sg0_5_ms20_boundary.png,D:\gemma4\segmentation_lattuce-desease\felzenszwalb_masks_output\train\HLTY\HLTY_961_s80_0_sg0_5_ms20_colored.png,D:\gemma4\segmentation_lattuce-desease\felzenszwalb_masks_output\train\HLTY\HLTY_961_s80_0_sg0_5_ms20_info.txt
train,HLTY,healthy,D:\gemma4\segmentation_lattuce-desease\Roboflow_Dataset\train\HLTY\HLTY_962.JPG,HLTY_962,1,HLTY_962_s80_0_sg0_5_ms20,D:\gemma4\segmentation_lattuce-desease\felzenszwalb_masks_output\train\HLTY\HLTY_962_s80_0_sg0_5_ms20_raw.png,D:\gemma4\segmentation_lattuce-desease\felzenszwalb_masks_output\train\HLTY\HLTY_962_s80_0_sg0_5_ms20_boundary.png,D:\gemma4\segmentation_lattuce-desease\felzenszwalb_masks_output\train\HLTY\HLTY_962_s80_0_sg0_5_ms20_colored.png,D:\gemma4\segmentation_lattuce-desease\felzenszwalb_masks_output\train\HLTY\HLTY_962_s80_0_sg0_5_ms20_info.txt
train,HLTY,healthy,D:\gemma4\segmentation_lattuce-desease\Roboflow_Dataset\train\HLTY\HLTY_963.JPG,HLTY_963,1,HLTY_963_s80_0_sg0_5_ms20,D:\gemma4\segmentation_lattuce-desease\felzenszwalb_masks_output\train\HLTY\HLTY_963_s80_0_sg0_5_ms20_raw.png,D:\gemma4\segmentation_lattuce-desease\felzenszwalb_masks_output\train\HLTY\HLTY_963_s80_0_sg0_5_ms20_boundary.png,D:\gemma4\segmentation_lattuce-desease\felzenszwalb_masks_output\train\HLTY\HLTY_963_s80_0_sg0_5_ms20_colored.png,D:\gemma4\segmentation_lattuce-desease\felzenszwalb_masks_output\train\HLTY\HLTY_963_s80_0_sg0_5_ms20_info.txt
train,HLTY,healthy,D:\gemma4\segmentation_lattuce-desease\Roboflow_Dataset\train\HLTY\HLTY_964.JPG,HLTY_964,1,HLTY_964_s80_0_sg0_5_ms20,D:\gemma4\segmentation_lattuce-desease\felzenszwalb_masks_output\train\HLTY\HLTY_964_s80_0_sg0_5_ms20_raw.png,D:\gemma4\segmentation_lattuce-desease\felzenszwalb_masks_output\train\HLTY\HLTY_964_s80_0_sg0_5_ms20_boundary.png,D:\gemma4\segmentation_lattuce-desease\felzenszwalb_masks_output\train\HLTY\HLTY_964_s80_0_sg0_5_ms20_colored.png,D:\gemma4\segmentation_lattuce-desease\felzenszwalb_masks_output\train\HLTY\HLTY_964_s80_0_sg0_5_ms20_info.txt
train,HLTY,healthy,D:\gemma4\segmentation_lattuce-desease\Roboflow_Dataset\train\HLTY\HLTY_965.JPG,HLTY_965,1,HLTY_965_s80_0_sg0_5_ms20,D:\gemma4\segmentation_lattuce-desease\felzenszwalb_masks_output\train\HLTY\HLTY_965_s80_0_sg0_5_ms20_raw.png,D:\gemma4\segmentation_lattuce-desease\felzenszwalb_masks_output\train\HLTY\HLTY_965_s80_0_sg0_5_ms20_boundary.png,D:\gemma4\segmentation_lattuce-desease\felzenszwalb_masks_output\train\HLTY\HLTY_965_s80_0_sg0_5_ms20_colored.png,D:\gemma4\segmentation_lattuce-desease\felzenszwalb_masks_output\train\HLTY\HLTY_965_s80_0_sg0_5_ms20_info.txt
train,HLTY,healthy,D:\gemma4\segmentation_lattuce-desease\Roboflow_Dataset\train\HLTY\HLTY_966.JPG,HLTY_966,1,HLTY_966_s80_0_sg0_5_ms20,D:\gemma4\segmentation_lattuce-desease\felzenszwalb_masks_output\train\HLTY\HLTY_966_s80_0_sg0_5_ms20_raw.png,D:\gemma4\segmentation_lattuce-desease\felzenszwalb_masks_output\train\HLTY\HLTY_966_s80_0_sg0_5_ms20_boundary.png,D:\gemma4\segmentation_lattuce-desease\felzenszwalb_masks_output\train\HLTY\HLTY_966_s80_0_sg0_5_ms20_colored.png,D:\gemma4\segmentation_lattuce-desease\felzenszwalb_masks_output\train\HLTY\HLTY_966_s80_0_sg0_5_ms20_info.txt
train,HLTY,healthy,D:\gemma4\segmentation_lattuce-desease\Roboflow_Dataset\train\HLTY\HLTY_967.JPG,HLTY_967,1,HLTY_967_s80_0_sg0_5_ms20,D:\gemma4\segmentation_lattuce-desease\felzenszwalb_masks_output\train\HLTY\HLTY_967_s80_0_sg0_5_ms20_raw.png,D:\gemma4\segmentation_lattuce-desease\felzenszwalb_masks_output\train\HLTY\HLTY_967_s80_0_sg0_5_ms20_boundary.png,D:\gemma4\segmentation_lattuce-desease\felzenszwalb_masks_output\train\HLTY\HLTY_967_s80_0_sg0_5_ms20_colored.png,D:\gemma4\segmentation_lattuce-desease\felzenszwalb_masks_output\train\HLTY\HLTY_967_s80_0_sg0_5_ms20_info.txt
train,HLTY,healthy,D:\gemma4\segmentation_lattuce-desease\Roboflow_Dataset\train\HLTY\HLTY_968.JPG,HLTY_968,1,HLTY_968_s80_0_sg0_5_ms20,D:\gemma4\segmentation_lattuce-desease\felzenszwalb_masks_output\train\HLTY\HLTY_968_s80_0_sg0_5_ms20_raw.png,D:\gemma4\segmentation_lattuce-desease\felzenszwalb_masks_output\train\HLTY\HLTY_968_s80_0_sg0_5_ms20_boundary.png,D:\gemma4\segmentation_lattuce-desease\felzenszwalb_masks_output\train\HLTY\HLTY_968_s80_0_sg0_5_ms20_colored.png,D:\gemma4\segmentation_lattuce-desease\felzenszwalb_masks_output\train\HLTY\HLTY_968_s80_0_sg0_5_ms20_info.txt
train,HLTY,healthy,D:\gemma4\segmentation_lattuce-desease\Roboflow_Dataset\train\HLTY\HLTY_969.JPG,HLTY_969,1,HLTY_969_s80_0_sg0_5_ms20,D:\gemma4\segmentation_lattuce-desease\felzenszwalb_masks_output\train\HLTY\HLTY_969_s80_0_sg0_5_ms20_raw.png,D:\gemma4\segmentation_lattuce-desease\felzenszwalb_masks_output\train\HLTY\HLTY_969_s80_0_sg0_5_ms20_boundary.png,D:\gemma4\segmentation_lattuce-desease\felzenszwalb_masks_output\train\HLTY\HLTY_969_s80_0_sg0_5_ms20_colored.png,D:\gemma4\segmentation_lattuce-desease\felzenszwalb_masks_output\train\HLTY\HLTY_969_s80_0_sg0_5_ms20_info.txt
train,HLTY,healthy,D:\gemma4\segmentation_lattuce-desease\Roboflow_Dataset\train\HLTY\HLTY_970.JPG,HLTY_970,1,HLTY_970_s80_0_sg0_5_ms20,D:\gemma4\segmentation_lattuce-desease\felzenszwalb_masks_output\train\HLTY\HLTY_970_s80_0_sg0_5_ms20_raw.png,D:\gemma4\segmentation_lattuce-desease\felzenszwalb_masks_output\train\HLTY\HLTY_970_s80_0_sg0_5_ms20_boundary.png,D:\gemma4\segmentation_lattuce-desease\felzenszwalb_masks_output\train\HLTY\HLTY_970_s80_0_sg0_5_ms20_colored.png,D:\gemma4\segmentation_lattuce-desease\felzenszwalb_masks_output\train\HLTY\HLTY_970_s80_0_sg0_5_ms20_info.txt
train,HLTY,healthy,D:\gemma4\segmentation_lattuce-desease\Roboflow_Dataset\train\HLTY\HLTY_971.JPG,HLTY_971,1,HLTY_971_s80_0_sg0_5_ms20,D:\gemma4\segmentation_lattuce-desease\felzenszwalb_masks_output\train\HLTY\HLTY_971_s80_0_sg0_5_ms20_raw.png,D:\gemma4\segmentation_lattuce-desease\felzenszwalb_masks_output\train\HLTY\HLTY_971_s80_0_sg0_5_ms20_boundary.png,D:\gemma4\segmentation_lattuce-desease\felzenszwalb_masks_output\train\HLTY\HLTY_971_s80_0_sg0_5_ms20_colored.png,D:\gemma4\segmentation_lattuce-desease\felzenszwalb_masks_output\train\HLTY\HLTY_971_s80_0_sg0_5_ms20_info.txt
train,HLTY,healthy,D:\gemma4\segmentation_lattuce-desease\Roboflow_Dataset\train\HLTY\HLTY_972.JPG,HLTY_972,1,HLTY_972_s80_0_sg0_5_ms20,D:\gemma4\segmentation_lattuce-desease\felzenszwalb_masks_output\train\HLTY\HLTY_972_s80_0_sg0_5_ms20_raw.png,D:\gemma4\segmentation_lattuce-desease\felzenszwalb_masks_output\train\HLTY\HLTY_972_s80_0_sg0_5_ms20_boundary.png,D:\gemma4\segmentation_lattuce-desease\felzenszwalb_masks_output\train\HLTY\HLTY_972_s80_0_sg0_5_ms20_colored.png,D:\gemma4\segmentation_lattuce-desease\felzenszwalb_masks_output\train\HLTY\HLTY_972_s80_0_sg0_5_ms20_info.txt
train,HLTY,healthy,D:\gemma4\segmentation_lattuce-desease\Roboflow_Dataset\train\HLTY\HLTY_973.JPG,HLTY_973,1,HLTY_973_s80_0_sg0_5_ms20,D:\gemma4\segmentation_lattuce-desease\felzenszwalb_masks_output\train\HLTY\HLTY_973_s80_0_sg0_5_ms20_raw.png,D:\gemma4\segmentation_lattuce-desease\felzenszwalb_masks_output\train\HLTY\HLTY_973_s80_0_sg0_5_ms20_boundary.png,D:\gemma4\segmentation_lattuce-desease\felzenszwalb_masks_output\train\HLTY\HLTY_973_s80_0_sg0_5_ms20_colored.png,D:\gemma4\segmentation_lattuce-desease\felzenszwalb_masks_output\train\HLTY\HLTY_973_s80_0_sg0_5_ms20_info.txt
train,HLTY,healthy,D:\gemma4\segmentation_lattuce-desease\Roboflow_Dataset\train\HLTY\HLTY_974.JPG,HLTY_974,1,HLTY_974_s80_0_sg0_5_ms20,D:\gemma4\segmentation_lattuce-desease\felzenszwalb_masks_output\train\HLTY\HLTY_974_s80_0_sg0_5_ms20_raw.png,D:\gemma4\segmentation_lattuce-desease\felzenszwalb_masks_output\train\HLTY\HLTY_974_s80_0_sg0_5_ms20_boundary.png,D:\gemma4\segmentation_lattuce-desease\felzenszwalb_masks_output\train\HLTY\HLTY_974_s80_0_sg0_5_ms20_colored.png,D:\gemma4\segmentation_lattuce-desease\felzenszwalb_masks_output\train\HLTY\HLTY_974_s80_0_sg0_5_ms20_info.txt
train,HLTY,healthy,D:\gemma4\segmentation_lattuce-desease\Roboflow_Dataset\train\HLTY\HLTY_975.JPG,HLTY_975,1,HLTY_975_s80_0_sg0_5_ms20,D:\gemma4\segmentation_lattuce-desease\felzenszwalb_masks_output\train\HLTY\HLTY_975_s80_0_sg0_5_ms20_raw.png,D:\gemma4\segmentation_lattuce-desease\felzenszwalb_masks_output\train\HLTY\HLTY_975_s80_0_sg0_5_ms20_boundary.png,D:\gemma4\segmentation_lattuce-desease\felzenszwalb_masks_output\train\HLTY\HLTY_975_s80_0_sg0_5_ms20_colored.png,D:\gemma4\segmentation_lattuce-desease\felzenszwalb_masks_output\train\HLTY\HLTY_975_s80_0_sg0_5_ms20_info.txt
train,HLTY,healthy,D:\gemma4\segmentation_lattuce-desease\Roboflow_Dataset\train\HLTY\HLTY_976.JPG,HLTY_976,1,HLTY_976_s80_0_sg0_5_ms20,D:\gemma4\segmentation_lattuce-desease\felzenszwalb_masks_output\train\HLTY\HLTY_976_s80_0_sg0_5_ms20_raw.png,D:\gemma4\segmentation_lattuce-desease\felzenszwalb_masks_output\train\HLTY\HLTY_976_s80_0_sg0_5_ms20_boundary.png,D:\gemma4\segmentation_lattuce-desease\felzenszwalb_masks_output\train\HLTY\HLTY_976_s80_0_sg0_5_ms20_colored.png,D:\gemma4\segmentation_lattuce-desease\felzenszwalb_masks_output\train\HLTY\HLTY_976_s80_0_sg0_5_ms20_info.txt
train,HLTY,healthy,D:\gemma4\segmentation_lattuce-desease\Roboflow_Dataset\train\HLTY\HLTY_977.JPG,HLTY_977,1,HLTY_977_s80_0_sg0_5_ms20,D:\gemma4\segmentation_lattuce-desease\felzenszwalb_masks_output\train\HLTY\HLTY_977_s80_0_sg0_5_ms20_raw.png,D:\gemma4\segmentation_lattuce-desease\felzenszwalb_masks_output\train\HLTY\HLTY_977_s80_0_sg0_5_ms20_boundary.png,D:\gemma4\segmentation_lattuce-desease\felzenszwalb_masks_output\train\HLTY\HLTY_977_s80_0_sg0_5_ms20_colored.png,D:\gemma4\segmentation_lattuce-desease\felzenszwalb_masks_output\train\HLTY\HLTY_977_s80_0_sg0_5_ms20_info.txt
train,HLTY,healthy,D:\gemma4\segmentation_lattuce-desease\Roboflow_Dataset\train\HLTY\HLTY_978.JPG,HLTY_978,1,HLTY_978_s80_0_sg0_5_ms20,D:\gemma4\segmentation_lattuce-desease\felzenszwalb_masks_output\train\HLTY\HLTY_978_s80_0_sg0_5_ms20_raw.png,D:\gemma4\segmentation_lattuce-desease\felzenszwalb_masks_output\train\HLTY\HLTY_978_s80_0_sg0_5_ms20_boundary.png,D:\gemma4\segmentation_lattuce-desease\felzenszwalb_masks_output\train\HLTY\HLTY_978_s80_0_sg0_5_ms20_colored.png,D:\gemma4\segmentation_lattuce-desease\felzenszwalb_masks_output\train\HLTY\HLTY_978_s80_0_sg0_5_ms20_info.txt
train,HLTY,healthy,D:\gemma4\segmentation_lattuce-desease\Roboflow_Dataset\train\HLTY\HLTY_979.JPG,HLTY_979,1,HLTY_979_s80_0_sg0_5_ms20,D:\gemma4\segmentation_lattuce-desease\felzenszwalb_masks_output\train\HLTY\HLTY_979_s80_0_sg0_5_ms20_raw.png,D:\gemma4\segmentation_lattuce-desease\felzenszwalb_masks_output\train\HLTY\HLTY_979_s80_0_sg0_5_ms20_boundary.png,D:\gemma4\segmentation_lattuce-desease\felzenszwalb_masks_output\train\HLTY\HLTY_979_s80_0_sg0_5_ms20_colored.png,D:\gemma4\segmentation_lattuce-desease\felzenszwalb_masks_output\train\HLTY\HLTY_979_s80_0_sg0_5_ms20_info.txt
train,HLTY,healthy,D:\gemma4\segmentation_lattuce-desease\Roboflow_Dataset\train\HLTY\HLTY_980.JPG,HLTY_980,1,HLTY_980_s80_0_sg0_5_ms20,D:\gemma4\segmentation_lattuce-desease\felzenszwalb_masks_output\train\HLTY\HLTY_980_s80_0_sg0_5_ms20_raw.png,D:\gemma4\segmentation_lattuce-desease\felzenszwalb_masks_output\train\HLTY\HLTY_980_s80_0_sg0_5_ms20_boundary.png,D:\gemma4\segmentation_lattuce-desease\felzenszwalb_masks_output\train\HLTY\HLTY_980_s80_0_sg0_5_ms20_colored.png,D:\gemma4\segmentation_lattuce-desease\felzenszwalb_masks_output\train\HLTY\HLTY_980_s80_0_sg0_5_ms20_info.txt
train,HLTY,healthy,D:\gemma4\segmentation_lattuce-desease\Roboflow_Dataset\train\HLTY\HLTY_982.JPG,HLTY_982,1,HLTY_982_s80_0_sg0_5_ms20,D:\gemma4\segmentation_lattuce-desease\felzenszwalb_masks_output\train\HLTY\HLTY_982_s80_0_sg0_5_ms20_raw.png,D:\gemma4\segmentation_lattuce-desease\felzenszwalb_masks_output\train\HLTY\HLTY_982_s80_0_sg0_5_ms20_boundary.png,D:\gemma4\segmentation_lattuce-desease\felzenszwalb_masks_output\train\HLTY\HLTY_982_s80_0_sg0_5_ms20_colored.png,D:\gemma4\segmentation_lattuce-desease\felzenszwalb_masks_output\train\HLTY\HLTY_982_s80_0_sg0_5_ms20_info.txt
train,HLTY,healthy,D:\gemma4\segmentation_lattuce-desease\Roboflow_Dataset\train\HLTY\HLTY_983.JPG,HLTY_983,1,HLTY_983_s80_0_sg0_5_ms20,D:\gemma4\segmentation_lattuce-desease\felzenszwalb_masks_output\train\HLTY\HLTY_983_s80_0_sg0_5_ms20_raw.png,D:\gemma4\segmentation_lattuce-desease\felzenszwalb_masks_output\train\HLTY\HLTY_983_s80_0_sg0_5_ms20_boundary.png,D:\gemma4\segmentation_lattuce-desease\felzenszwalb_masks_output\train\HLTY\HLTY_983_s80_0_sg0_5_ms20_colored.png,D:\gemma4\segmentation_lattuce-desease\felzenszwalb_masks_output\train\HLTY\HLTY_983_s80_0_sg0_5_ms20_info.txt
train,HLTY,healthy,D:\gemma4\segmentation_lattuce-desease\Roboflow_Dataset\train\HLTY\HLTY_984.JPG,HLTY_984,1,HLTY_984_s80_0_sg0_5_ms20,D:\gemma4\segmentation_lattuce-desease\felzenszwalb_masks_output\train\HLTY\HLTY_984_s80_0_sg0_5_ms20_raw.png,D:\gemma4\segmentation_lattuce-desease\felzenszwalb_masks_output\train\HLTY\HLTY_984_s80_0_sg0_5_ms20_boundary.png,D:\gemma4\segmentation_lattuce-desease\felzenszwalb_masks_output\train\HLTY\HLTY_984_s80_0_sg0_5_ms20_colored.png,D:\gemma4\segmentation_lattuce-desease\felzenszwalb_masks_output\train\HLTY\HLTY_984_s80_0_sg0_5_ms20_info.txt
train,HLTY,healthy,D:\gemma4\segmentation_lattuce-desease\Roboflow_Dataset\train\HLTY\HLTY_985.JPG,HLTY_985,1,HLTY_985_s80_0_sg0_5_ms20,D:\gemma4\segmentation_lattuce-desease\felzenszwalb_masks_output\train\HLTY\HLTY_985_s80_0_sg0_5_ms20_raw.png,D:\gemma4\segmentation_lattuce-desease\felzenszwalb_masks_output\train\HLTY\HLTY_985_s80_0_sg0_5_ms20_boundary.png,D:\gemma4\segmentation_lattuce-desease\felzenszwalb_masks_output\train\HLTY\HLTY_985_s80_0_sg0_5_ms20_colored.png,D:\gemma4\segmentation_lattuce-desease\felzenszwalb_masks_output\train\HLTY\HLTY_985_s80_0_sg0_5_ms20_info.txt
train,HLTY,healthy,D:\gemma4\segmentation_lattuce-desease\Roboflow_Dataset\train\HLTY\HLTY_986.JPG,HLTY_986,1,HLTY_986_s80_0_sg0_5_ms20,D:\gemma4\segmentation_lattuce-desease\felzenszwalb_masks_output\train\HLTY\HLTY_986_s80_0_sg0_5_ms20_raw.png,D:\gemma4\segmentation_lattuce-desease\felzenszwalb_masks_output\train\HLTY\HLTY_986_s80_0_sg0_5_ms20_boundary.png,D:\gemma4\segmentation_lattuce-desease\felzenszwalb_masks_output\train\HLTY\HLTY_986_s80_0_sg0_5_ms20_colored.png,D:\gemma4\segmentation_lattuce-desease\felzenszwalb_masks_output\train\HLTY\HLTY_986_s80_0_sg0_5_ms20_info.txt
train,HLTY,healthy,D:\gemma4\segmentation_lattuce-desease\Roboflow_Dataset\train\HLTY\HLTY_987.JPG,HLTY_987,1,HLTY_987_s80_0_sg0_5_ms20,D:\gemma4\segmentation_lattuce-desease\felzenszwalb_masks_output\train\HLTY\HLTY_987_s80_0_sg0_5_ms20_raw.png,D:\gemma4\segmentation_lattuce-desease\felzenszwalb_masks_output\train\HLTY\HLTY_987_s80_0_sg0_5_ms20_boundary.png,D:\gemma4\segmentation_lattuce-desease\felzenszwalb_masks_output\train\HLTY\HLTY_987_s80_0_sg0_5_ms20_colored.png,D:\gemma4\segmentation_lattuce-desease\felzenszwalb_masks_output\train\HLTY\HLTY_987_s80_0_sg0_5_ms20_info.txt
train,HLTY,healthy,D:\gemma4\segmentation_lattuce-desease\Roboflow_Dataset\train\HLTY\HLTY_988.JPG,HLTY_988,1,HLTY_988_s80_0_sg0_5_ms20,D:\gemma4\segmentation_lattuce-desease\felzenszwalb_masks_output\train\HLTY\HLTY_988_s80_0_sg0_5_ms20_raw.png,D:\gemma4\segmentation_lattuce-desease\felzenszwalb_masks_output\train\HLTY\HLTY_988_s80_0_sg0_5_ms20_boundary.png,D:\gemma4\segmentation_lattuce-desease\felzenszwalb_masks_output\train\HLTY\HLTY_988_s80_0_sg0_5_ms20_colored.png,D:\gemma4\segmentation_lattuce-desease\felzenszwalb_masks_output\train\HLTY\HLTY_988_s80_0_sg0_5_ms20_info.txt
train,HLTY,healthy,D:\gemma4\segmentation_lattuce-desease\Roboflow_Dataset\train\HLTY\HLTY_989.JPG,HLTY_989,1,HLTY_989_s80_0_sg0_5_ms20,D:\gemma4\segmentation_lattuce-desease\felzenszwalb_masks_output\train\HLTY\HLTY_989_s80_0_sg0_5_ms20_raw.png,D:\gemma4\segmentation_lattuce-desease\felzenszwalb_masks_output\train\HLTY\HLTY_989_s80_0_sg0_5_ms20_boundary.png,D:\gemma4\segmentation_lattuce-desease\felzenszwalb_masks_output\train\HLTY\HLTY_989_s80_0_sg0_5_ms20_colored.png,D:\gemma4\segmentation_lattuce-desease\felzenszwalb_masks_output\train\HLTY\HLTY_989_s80_0_sg0_5_ms20_info.txt
train,HLTY,healthy,D:\gemma4\segmentation_lattuce-desease\Roboflow_Dataset\train\HLTY\HLTY_990.JPG,HLTY_990,1,HLTY_990_s80_0_sg0_5_ms20,D:\gemma4\segmentation_lattuce-desease\felzenszwalb_masks_output\train\HLTY\HLTY_990_s80_0_sg0_5_ms20_raw.png,D:\gemma4\segmentation_lattuce-desease\felzenszwalb_masks_output\train\HLTY\HLTY_990_s80_0_sg0_5_ms20_boundary.png,D:\gemma4\segmentation_lattuce-desease\felzenszwalb_masks_output\train\HLTY\HLTY_990_s80_0_sg0_5_ms20_colored.png,D:\gemma4\segmentation_lattuce-desease\felzenszwalb_masks_output\train\HLTY\HLTY_990_s80_0_sg0_5_ms20_info.txt
train,HLTY,healthy,D:\gemma4\segmentation_lattuce-desease\Roboflow_Dataset\train\HLTY\HLTY_991.JPG,HLTY_991,1,HLTY_991_s80_0_sg0_5_ms20,D:\gemma4\segmentation_lattuce-desease\felzenszwalb_masks_output\train\HLTY\HLTY_991_s80_0_sg0_5_ms20_raw.png,D:\gemma4\segmentation_lattuce-desease\felzenszwalb_masks_output\train\HLTY\HLTY_991_s80_0_sg0_5_ms20_boundary.png,D:\gemma4\segmentation_lattuce-desease\felzenszwalb_masks_output\train\HLTY\HLTY_991_s80_0_sg0_5_ms20_colored.png,D:\gemma4\segmentation_lattuce-desease\felzenszwalb_masks_output\train\HLTY\HLTY_991_s80_0_sg0_5_ms20_info.txt
train,HLTY,healthy,D:\gemma4\segmentation_lattuce-desease\Roboflow_Dataset\train\HLTY\HLTY_992.JPG,HLTY_992,1,HLTY_992_s80_0_sg0_5_ms20,D:\gemma4\segmentation_lattuce-desease\felzenszwalb_masks_output\train\HLTY\HLTY_992_s80_0_sg0_5_ms20_raw.png,D:\gemma4\segmentation_lattuce-desease\felzenszwalb_masks_output\train\HLTY\HLTY_992_s80_0_sg0_5_ms20_boundary.png,D:\gemma4\segmentation_lattuce-desease\felzenszwalb_masks_output\train\HLTY\HLTY_992_s80_0_sg0_5_ms20_colored.png,D:\gemma4\segmentation_lattuce-desease\felzenszwalb_masks_output\train\HLTY\HLTY_992_s80_0_sg0_5_ms20_info.txt
train,HLTY,healthy,D:\gemma4\segmentation_lattuce-desease\Roboflow_Dataset\train\HLTY\HLTY_994.JPG,HLTY_994,1,HLTY_994_s80_0_sg0_5_ms20,D:\gemma4\segmentation_lattuce-desease\felzenszwalb_masks_output\train\HLTY\HLTY_994_s80_0_sg0_5_ms20_raw.png,D:\gemma4\segmentation_lattuce-desease\felzenszwalb_masks_output\train\HLTY\HLTY_994_s80_0_sg0_5_ms20_boundary.png,D:\gemma4\segmentation_lattuce-desease\felzenszwalb_masks_output\train\HLTY\HLTY_994_s80_0_sg0_5_ms20_colored.png,D:\gemma4\segmentation_lattuce-desease\felzenszwalb_masks_output\train\HLTY\HLTY_994_s80_0_sg0_5_ms20_info.txt
train,HLTY,healthy,D:\gemma4\segmentation_lattuce-desease\Roboflow_Dataset\train\HLTY\HLTY_995.JPG,HLTY_995,1,HLTY_995_s80_0_sg0_5_ms20,D:\gemma4\segmentation_lattuce-desease\felzenszwalb_masks_output\train\HLTY\HLTY_995_s80_0_sg0_5_ms20_raw.png,D:\gemma4\segmentation_lattuce-desease\felzenszwalb_masks_output\train\HLTY\HLTY_995_s80_0_sg0_5_ms20_boundary.png,D:\gemma4\segmentation_lattuce-desease\felzenszwalb_masks_output\train\HLTY\HLTY_995_s80_0_sg0_5_ms20_colored.png,D:\gemma4\segmentation_lattuce-desease\felzenszwalb_masks_output\train\HLTY\HLTY_995_s80_0_sg0_5_ms20_info.txt
train,HLTY,healthy,D:\gemma4\segmentation_lattuce-desease\Roboflow_Dataset\train\HLTY\HLTY_996.JPG,HLTY_996,1,HLTY_996_s80_0_sg0_5_ms20,D:\gemma4\segmentation_lattuce-desease\felzenszwalb_masks_output\train\HLTY\HLTY_996_s80_0_sg0_5_ms20_raw.png,D:\gemma4\segmentation_lattuce-desease\felzenszwalb_masks_output\train\HLTY\HLTY_996_s80_0_sg0_5_ms20_boundary.png,D:\gemma4\segmentation_lattuce-desease\felzenszwalb_masks_output\train\HLTY\HLTY_996_s80_0_sg0_5_ms20_colored.png,D:\gemma4\segmentation_lattuce-desease\felzenszwalb_masks_output\train\HLTY\HLTY_996_s80_0_sg0_5_ms20_info.txt
train,HLTY,healthy,D:\gemma4\segmentation_lattuce-desease\Roboflow_Dataset\train\HLTY\HLTY_998.JPG,HLTY_998,1,HLTY_998_s80_0_sg0_5_ms20,D:\gemma4\segmentation_lattuce-desease\felzenszwalb_masks_output\train\HLTY\HLTY_998_s80_0_sg0_5_ms20_raw.png,D:\gemma4\segmentation_lattuce-desease\felzenszwalb_masks_output\train\HLTY\HLTY_998_s80_0_sg0_5_ms20_boundary.png,D:\gemma4\segmentation_lattuce-desease\felzenszwalb_masks_output\train\HLTY\HLTY_998_s80_0_sg0_5_ms20_colored.png,D:\gemma4\segmentation_lattuce-desease\felzenszwalb_masks_output\train\HLTY\HLTY_998_s80_0_sg0_5_ms20_info.txt
train,HLTY,healthy,D:\gemma4\segmentation_lattuce-desease\Roboflow_Dataset\train\HLTY\HLTY_999.JPG,HLTY_999,1,HLTY_999_s80_0_sg0_5_ms20,D:\gemma4\segmentation_lattuce-desease\felzenszwalb_masks_output\train\HLTY\HLTY_999_s80_0_sg0_5_ms20_raw.png,D:\gemma4\segmentation_lattuce-desease\felzenszwalb_masks_output\train\HLTY\HLTY_999_s80_0_sg0_5_ms20_boundary.png,D:\gemma4\segmentation_lattuce-desease\felzenszwalb_masks_output\train\HLTY\HLTY_999_s80_0_sg0_5_ms20_colored.png,D:\gemma4\segmentation_lattuce-desease\felzenszwalb_masks_output\train\HLTY\HLTY_999_s80_0_sg0_5_ms20_info.txt
train,Leaf-Diseases,disease,D:\gemma4\segmentation_lattuce-desease\Roboflow_Dataset\train\Leaf-Diseases\00000_png.rf.12832ae7d09004ee161b9387f9f8bc5e.jpg,00000_png.rf.12832ae7d09004ee161b9387f9f8bc5e,0,,,,,
train,Leaf-Diseases,disease,D:\gemma4\segmentation_lattuce-desease\Roboflow_Dataset\train\Leaf-Diseases\00000_png.rf.4104369096562528a202cc660141406f.jpg,00000_png.rf.4104369096562528a202cc660141406f,0,,,,,
train,Leaf-Diseases,disease,D:\gemma4\segmentation_lattuce-desease\Roboflow_Dataset\train\Leaf-Diseases\00000_png.rf.4c0894b822346438d7bac5f27fc0b278.jpg,00000_png.rf.4c0894b822346438d7bac5f27fc0b278,0,,,,,
train,Leaf-Diseases,disease,D:\gemma4\segmentation_lattuce-desease\Roboflow_Dataset\train\Leaf-Diseases\00001_png.rf.3f3232e7125bc2ee9a94510f1819c3ca.jpg,00001_png.rf.3f3232e7125bc2ee9a94510f1819c3ca,0,,,,,
train,Leaf-Diseases,disease,D:\gemma4\segmentation_lattuce-desease\Roboflow_Dataset\train\Leaf-Diseases\00001_png.rf.8428728d1d12b4d21f8f5464e5d8d9af.jpg,00001_png.rf.8428728d1d12b4d21f8f5464e5d8d9af,0,,,,,
train,Leaf-Diseases,disease,D:\gemma4\segmentation_lattuce-desease\Roboflow_Dataset\train\Leaf-Diseases\00001_png.rf.b56b50ca7b3554edae4baecf73bee326.jpg,00001_png.rf.b56b50ca7b3554edae4baecf73bee326,0,,,,,
train,Leaf-Diseases,disease,D:\gemma4\segmentation_lattuce-desease\Roboflow_Dataset\train\Leaf-Diseases\00002_png.rf.0ceb6779168fbcbb05d2603cd91d6ec7.jpg,00002_png.rf.0ceb6779168fbcbb05d2603cd91d6ec7,0,,,,,
train,Leaf-Diseases,disease,D:\gemma4\segmentation_lattuce-desease\Roboflow_Dataset\train\Leaf-Diseases\00002_png.rf.791fd6a22058ac0af62e2a126cfedbc2.jpg,00002_png.rf.791fd6a22058ac0af62e2a126cfedbc2,0,,,,,
train,Leaf-Diseases,disease,D:\gemma4\segmentation_lattuce-desease\Roboflow_Dataset\train\Leaf-Diseases\00002_png.rf.cfa03829010af2b4c7375b87f3adb9f6.jpg,00002_png.rf.cfa03829010af2b4c7375b87f3adb9f6,0,,,,,
train,Leaf-Diseases,disease,D:\gemma4\segmentation_lattuce-desease\Roboflow_Dataset\train\Leaf-Diseases\00003_png.rf.9f289c4b8a3e424252749cd87ac4ccbe.jpg,00003_png.rf.9f289c4b8a3e424252749cd87ac4ccbe,0,,,,,
train,Leaf-Diseases,disease,D:\gemma4\segmentation_lattuce-desease\Roboflow_Dataset\train\Leaf-Diseases\00003_png.rf.a2e20e200a73d5bbd53b4daf1a54a56c.jpg,00003_png.rf.a2e20e200a73d5bbd53b4daf1a54a56c,0,,,,,
train,Leaf-Diseases,disease,D:\gemma4\segmentation_lattuce-desease\Roboflow_Dataset\train\Leaf-Diseases\00003_png.rf.e7e3cd8fc59ad241292792e7b43ea7d7.jpg,00003_png.rf.e7e3cd8fc59ad241292792e7b43ea7d7,0,,,,,
train,Leaf-Diseases,disease,D:\gemma4\segmentation_lattuce-desease\Roboflow_Dataset\train\Leaf-Diseases\00004_png.rf.1321a44247bcf35e37e4ab1f93bfc523.jpg,00004_png.rf.1321a44247bcf35e37e4ab1f93bfc523,0,,,,,
train,Leaf-Diseases,disease,D:\gemma4\segmentation_lattuce-desease\Roboflow_Dataset\train\Leaf-Diseases\00004_png.rf.15250e55d47bb08b87d3c089d4c76669.jpg,00004_png.rf.15250e55d47bb08b87d3c089d4c76669,0,,,,,
train,Leaf-Diseases,disease,D:\gemma4\segmentation_lattuce-desease\Roboflow_Dataset\train\Leaf-Diseases\00004_png.rf.6d4eba9741868f3e963f7069d4776680.jpg,00004_png.rf.6d4eba9741868f3e963f7069d4776680,0,,,,,
train,Leaf-Diseases,disease,D:\gemma4\segmentation_lattuce-desease\Roboflow_Dataset\train\Leaf-Diseases\00005_png.rf.0dfd6c6cecc71abf32eef28bb71f46d0.jpg,00005_png.rf.0dfd6c6cecc71abf32eef28bb71f46d0,0,,,,,
train,Leaf-Diseases,disease,D:\gemma4\segmentation_lattuce-desease\Roboflow_Dataset\train\Leaf-Diseases\00005_png.rf.63afb7c281df1a53ed217c272aa1bb34.jpg,00005_png.rf.63afb7c281df1a53ed217c272aa1bb34,0,,,,,
train,Leaf-Diseases,disease,D:\gemma4\segmentation_lattuce-desease\Roboflow_Dataset\train\Leaf-Diseases\00005_png.rf.d579bab06d0f0816ae6821f3bd5bc823.jpg,00005_png.rf.d579bab06d0f0816ae6821f3bd5bc823,0,,,,,
train,Leaf-Diseases,disease,D:\gemma4\segmentation_lattuce-desease\Roboflow_Dataset\train\Leaf-Diseases\00006_png.rf.09656bf3cd606ef57527064f56ac015d.jpg,00006_png.rf.09656bf3cd606ef57527064f56ac015d,0,,,,,
train,Leaf-Diseases,disease,D:\gemma4\segmentation_lattuce-desease\Roboflow_Dataset\train\Leaf-Diseases\00006_png.rf.4fc461739b98106f6390bb092b8a08df.jpg,00006_png.rf.4fc461739b98106f6390bb092b8a08df,0,,,,,
train,Leaf-Diseases,disease,D:\gemma4\segmentation_lattuce-desease\Roboflow_Dataset\train\Leaf-Diseases\00006_png.rf.f13593c9bbdc7fadfe01f1b0571c91ba.jpg,00006_png.rf.f13593c9bbdc7fadfe01f1b0571c91ba,0,,,,,
train,Leaf-Diseases,disease,D:\gemma4\segmentation_lattuce-desease\Roboflow_Dataset\train\Leaf-Diseases\00007_png.rf.786bb70c2d09d01e5b6f871ccf3df938.jpg,00007_png.rf.786bb70c2d09d01e5b6f871ccf3df938,0,,,,,
train,Leaf-Diseases,disease,D:\gemma4\segmentation_lattuce-desease\Roboflow_Dataset\train\Leaf-Diseases\00007_png.rf.8c146107ec1c6361da074897a3f66f15.jpg,00007_png.rf.8c146107ec1c6361da074897a3f66f15,0,,,,,
train,Leaf-Diseases,disease,D:\gemma4\segmentation_lattuce-desease\Roboflow_Dataset\train\Leaf-Diseases\00007_png.rf.f87f1be785eae9bac08b716e018683fd.jpg,00007_png.rf.f87f1be785eae9bac08b716e018683fd,0,,,,,
train,Leaf-Diseases,disease,D:\gemma4\segmentation_lattuce-desease\Roboflow_Dataset\train\Leaf-Diseases\00008_png.rf.7921c122392bde70dc8132e0fbffe07f.jpg,00008_png.rf.7921c122392bde70dc8132e0fbffe07f,0,,,,,
train,Leaf-Diseases,disease,D:\gemma4\segmentation_lattuce-desease\Roboflow_Dataset\train\Leaf-Diseases\00008_png.rf.861d80b2960a48c6c0b00d7155114943.jpg,00008_png.rf.861d80b2960a48c6c0b00d7155114943,0,,,,,
train,Leaf-Diseases,disease,D:\gemma4\segmentation_lattuce-desease\Roboflow_Dataset\train\Leaf-Diseases\00008_png.rf.e2431594b7a316d02f60c476e3784175.jpg,00008_png.rf.e2431594b7a316d02f60c476e3784175,0,,,,,
train,Leaf-Diseases,disease,D:\gemma4\segmentation_lattuce-desease\Roboflow_Dataset\train\Leaf-Diseases\00009_png.rf.4422a491b9a4a817e75894cdd3ff2f54.jpg,00009_png.rf.4422a491b9a4a817e75894cdd3ff2f54,0,,,,,
train,Leaf-Diseases,disease,D:\gemma4\segmentation_lattuce-desease\Roboflow_Dataset\train\Leaf-Diseases\00009_png.rf.9b5099f30200a77b068cfe3ce0b547d8.jpg,00009_png.rf.9b5099f30200a77b068cfe3ce0b547d8,0,,,,,
train,Leaf-Diseases,disease,D:\gemma4\segmentation_lattuce-desease\Roboflow_Dataset\train\Leaf-Diseases\00009_png.rf.bdfec906355a9302472f7628db1479bf.jpg,00009_png.rf.bdfec906355a9302472f7628db1479bf,0,,,,,
train,Leaf-Diseases,disease,D:\gemma4\segmentation_lattuce-desease\Roboflow_Dataset\train\Leaf-Diseases\00010_png.rf.95f684eb7376e8e5b4adddfb54b78eb0.jpg,00010_png.rf.95f684eb7376e8e5b4adddfb54b78eb0,0,,,,,
train,Leaf-Diseases,disease,D:\gemma4\segmentation_lattuce-desease\Roboflow_Dataset\train\Leaf-Diseases\00010_png.rf.9c2c8d09608b72113fc47ad0cfda6523.jpg,00010_png.rf.9c2c8d09608b72113fc47ad0cfda6523,0,,,,,
train,Leaf-Diseases,disease,D:\gemma4\segmentation_lattuce-desease\Roboflow_Dataset\train\Leaf-Diseases\00010_png.rf.f67b3cbe1c6da5cd106e730532d510e1.jpg,00010_png.rf.f67b3cbe1c6da5cd106e730532d510e1,0,,,,,
train,Leaf-Diseases,disease,D:\gemma4\segmentation_lattuce-desease\Roboflow_Dataset\train\Leaf-Diseases\00011_png.rf.06d6a75afcca8c59e6bc0ca8a12e156a.jpg,00011_png.rf.06d6a75afcca8c59e6bc0ca8a12e156a,0,,,,,
train,Leaf-Diseases,disease,D:\gemma4\segmentation_lattuce-desease\Roboflow_Dataset\train\Leaf-Diseases\00011_png.rf.34b51eedb23b25759c4199e8423917b5.jpg,00011_png.rf.34b51eedb23b25759c4199e8423917b5,0,,,,,
train,Leaf-Diseases,disease,D:\gemma4\segmentation_lattuce-desease\Roboflow_Dataset\train\Leaf-Diseases\00011_png.rf.37492baac5452433b93bf391375718f6.jpg,00011_png.rf.37492baac5452433b93bf391375718f6,0,,,,,
train,Leaf-Diseases,disease,D:\gemma4\segmentation_lattuce-desease\Roboflow_Dataset\train\Leaf-Diseases\00012_png.rf.299d90d220f40cfc43fcbe4653e53993.jpg,00012_png.rf.299d90d220f40cfc43fcbe4653e53993,0,,,,,
train,Leaf-Diseases,disease,D:\gemma4\segmentation_lattuce-desease\Roboflow_Dataset\train\Leaf-Diseases\00012_png.rf.2a75bed00d7695abf0f81ff337fe0758.jpg,00012_png.rf.2a75bed00d7695abf0f81ff337fe0758,0,,,,,
train,Leaf-Diseases,disease,D:\gemma4\segmentation_lattuce-desease\Roboflow_Dataset\train\Leaf-Diseases\00012_png.rf.50d248539f661b6a687688de5e030eec.jpg,00012_png.rf.50d248539f661b6a687688de5e030eec,0,,,,,
train,Leaf-Diseases,disease,D:\gemma4\segmentation_lattuce-desease\Roboflow_Dataset\train\Leaf-Diseases\00013_png.rf.0728d86f01626892401e2b8087fbfe3e.jpg,00013_png.rf.0728d86f01626892401e2b8087fbfe3e,0,,,,,
train,Leaf-Diseases,disease,D:\gemma4\segmentation_lattuce-desease\Roboflow_Dataset\train\Leaf-Diseases\00013_png.rf.2bef0f4d02e03bb7fb734b6fd1e47405.jpg,00013_png.rf.2bef0f4d02e03bb7fb734b6fd1e47405,0,,,,,
train,Leaf-Diseases,disease,D:\gemma4\segmentation_lattuce-desease\Roboflow_Dataset\train\Leaf-Diseases\00013_png.rf.e902d9c2477887f38532854c3623efc4.jpg,00013_png.rf.e902d9c2477887f38532854c3623efc4,0,,,,,
train,Leaf-Diseases,disease,D:\gemma4\segmentation_lattuce-desease\Roboflow_Dataset\train\Leaf-Diseases\00014_png.rf.4248b421027b3727c772829ecee1212c.jpg,00014_png.rf.4248b421027b3727c772829ecee1212c,0,,,,,
train,Leaf-Diseases,disease,D:\gemma4\segmentation_lattuce-desease\Roboflow_Dataset\train\Leaf-Diseases\00014_png.rf.995137ff2bc021fe49785c9f734c97b0.jpg,00014_png.rf.995137ff2bc021fe49785c9f734c97b0,0,,,,,
train,Leaf-Diseases,disease,D:\gemma4\segmentation_lattuce-desease\Roboflow_Dataset\train\Leaf-Diseases\00014_png.rf.c9d46b66a4271742624b90248d01404d.jpg,00014_png.rf.c9d46b66a4271742624b90248d01404d,0,,,,,
train,Leaf-Diseases,disease,D:\gemma4\segmentation_lattuce-desease\Roboflow_Dataset\train\Leaf-Diseases\00015_png.rf.4c7fef68b344d23bc65c57ddf2e32b4c.jpg,00015_png.rf.4c7fef68b344d23bc65c57ddf2e32b4c,0,,,,,
train,Leaf-Diseases,disease,D:\gemma4\segmentation_lattuce-desease\Roboflow_Dataset\train\Leaf-Diseases\00015_png.rf.72aca69ea46972ea34176ae4394bb2cd.jpg,00015_png.rf.72aca69ea46972ea34176ae4394bb2cd,0,,,,,
train,Leaf-Diseases,disease,D:\gemma4\segmentation_lattuce-desease\Roboflow_Dataset\train\Leaf-Diseases\00015_png.rf.a335131016cf483ffc04860511d245c9.jpg,00015_png.rf.a335131016cf483ffc04860511d245c9,0,,,,,
train,Leaf-Diseases,disease,D:\gemma4\segmentation_lattuce-desease\Roboflow_Dataset\train\Leaf-Diseases\00016_png.rf.33c761a5355fdcae0be9d4bb8e71d42d.jpg,00016_png.rf.33c761a5355fdcae0be9d4bb8e71d42d,0,,,,,
train,Leaf-Diseases,disease,D:\gemma4\segmentation_lattuce-desease\Roboflow_Dataset\train\Leaf-Diseases\00016_png.rf.6d1deb95f489c066e23f24a1292cf938.jpg,00016_png.rf.6d1deb95f489c066e23f24a1292cf938,0,,,,,
train,Leaf-Diseases,disease,D:\gemma4\segmentation_lattuce-desease\Roboflow_Dataset\train\Leaf-Diseases\00016_png.rf.cb86b3c18e0a2d4cedfd948b746279d5.jpg,00016_png.rf.cb86b3c18e0a2d4cedfd948b746279d5,0,,,,,
train,Leaf-Diseases,disease,D:\gemma4\segmentation_lattuce-desease\Roboflow_Dataset\train\Leaf-Diseases\00017_png.rf.2d56170d0a1b40c9a881ac343a867c56.jpg,00017_png.rf.2d56170d0a1b40c9a881ac343a867c56,0,,,,,
train,Leaf-Diseases,disease,D:\gemma4\segmentation_lattuce-desease\Roboflow_Dataset\train\Leaf-Diseases\00017_png.rf.bb0a83e3f00d4a99e714897e7d0437ad.jpg,00017_png.rf.bb0a83e3f00d4a99e714897e7d0437ad,0,,,,,
train,Leaf-Diseases,disease,D:\gemma4\segmentation_lattuce-desease\Roboflow_Dataset\train\Leaf-Diseases\00017_png.rf.d97b8a676f37b8d5c172b44b6cc388f9.jpg,00017_png.rf.d97b8a676f37b8d5c172b44b6cc388f9,0,,,,,
train,Leaf-Diseases,disease,D:\gemma4\segmentation_lattuce-desease\Roboflow_Dataset\train\Leaf-Diseases\00018_png.rf.36940672fbd9c1754ab31bd36f4472f9.jpg,00018_png.rf.36940672fbd9c1754ab31bd36f4472f9,0,,,,,
train,Leaf-Diseases,disease,D:\gemma4\segmentation_lattuce-desease\Roboflow_Dataset\train\Leaf-Diseases\00018_png.rf.c1a0cbecd7df4164b7fae9efdb68d5a9.jpg,00018_png.rf.c1a0cbecd7df4164b7fae9efdb68d5a9,0,,,,,
train,Leaf-Diseases,disease,D:\gemma4\segmentation_lattuce-desease\Roboflow_Dataset\train\Leaf-Diseases\00018_png.rf.d1e7f57db516750e90ae66d55c5c622e.jpg,00018_png.rf.d1e7f57db516750e90ae66d55c5c622e,0,,,,,
train,Leaf-Diseases,disease,D:\gemma4\segmentation_lattuce-desease\Roboflow_Dataset\train\Leaf-Diseases\00019_png.rf.b06bbd68f5fc3438689971ff4331bd65.jpg,00019_png.rf.b06bbd68f5fc3438689971ff4331bd65,0,,,,,
train,Leaf-Diseases,disease,D:\gemma4\segmentation_lattuce-desease\Roboflow_Dataset\train\Leaf-Diseases\00019_png.rf.cbfbad617200063d166393584e09c2eb.jpg,00019_png.rf.cbfbad617200063d166393584e09c2eb,0,,,,,
train,Leaf-Diseases,disease,D:\gemma4\segmentation_lattuce-desease\Roboflow_Dataset\train\Leaf-Diseases\00019_png.rf.ed9f802b9df1c559c0363760335ae73d.jpg,00019_png.rf.ed9f802b9df1c559c0363760335ae73d,0,,,,,
train,Leaf-Diseases,disease,D:\gemma4\segmentation_lattuce-desease\Roboflow_Dataset\train\Leaf-Diseases\00020_png.rf.415953122559cda83d6051fe44694626.jpg,00020_png.rf.415953122559cda83d6051fe44694626,0,,,,,
train,Leaf-Diseases,disease,D:\gemma4\segmentation_lattuce-desease\Roboflow_Dataset\train\Leaf-Diseases\00020_png.rf.5894a41bdcbd60be55a09627fe006312.jpg,00020_png.rf.5894a41bdcbd60be55a09627fe006312,0,,,,,
train,Leaf-Diseases,disease,D:\gemma4\segmentation_lattuce-desease\Roboflow_Dataset\train\Leaf-Diseases\00020_png.rf.938aa13c87b597ad10c1bff928a381f2.jpg,00020_png.rf.938aa13c87b597ad10c1bff928a381f2,0,,,,,
train,Leaf-Diseases,disease,D:\gemma4\segmentation_lattuce-desease\Roboflow_Dataset\train\Leaf-Diseases\00021_png.rf.790b6f2046515195f6578211b8da6686.jpg,00021_png.rf.790b6f2046515195f6578211b8da6686,0,,,,,
train,Leaf-Diseases,disease,D:\gemma4\segmentation_lattuce-desease\Roboflow_Dataset\train\Leaf-Diseases\00021_png.rf.a82533ff088c92bb64d0c4dfd4052d38.jpg,00021_png.rf.a82533ff088c92bb64d0c4dfd4052d38,0,,,,,
train,Leaf-Diseases,disease,D:\gemma4\segmentation_lattuce-desease\Roboflow_Dataset\train\Leaf-Diseases\00021_png.rf.ea378dc128dc54dfddf616bde3fbcd19.jpg,00021_png.rf.ea378dc128dc54dfddf616bde3fbcd19,0,,,,,
train,Leaf-Diseases,disease,D:\gemma4\segmentation_lattuce-desease\Roboflow_Dataset\train\Leaf-Diseases\00022_png.rf.3f8654ad05742dc93eaba8e4f13078bf.jpg,00022_png.rf.3f8654ad05742dc93eaba8e4f13078bf,0,,,,,
train,Leaf-Diseases,disease,D:\gemma4\segmentation_lattuce-desease\Roboflow_Dataset\train\Leaf-Diseases\00022_png.rf.5106aae457b71c5bebf131b393543533.jpg,00022_png.rf.5106aae457b71c5bebf131b393543533,0,,,,,
train,Leaf-Diseases,disease,D:\gemma4\segmentation_lattuce-desease\Roboflow_Dataset\train\Leaf-Diseases\00022_png.rf.864263ff3337f1e4f7d9dc9d6fc9cc02.jpg,00022_png.rf.864263ff3337f1e4f7d9dc9d6fc9cc02,0,,,,,
train,Leaf-Diseases,disease,D:\gemma4\segmentation_lattuce-desease\Roboflow_Dataset\train\Leaf-Diseases\00023_png.rf.5581395581351cae077d21ce11368420.jpg,00023_png.rf.5581395581351cae077d21ce11368420,0,,,,,
train,Leaf-Diseases,disease,D:\gemma4\segmentation_lattuce-desease\Roboflow_Dataset\train\Leaf-Diseases\00023_png.rf.be081da2ebcbd1dd6b551a18262426f7.jpg,00023_png.rf.be081da2ebcbd1dd6b551a18262426f7,0,,,,,
train,Leaf-Diseases,disease,D:\gemma4\segmentation_lattuce-desease\Roboflow_Dataset\train\Leaf-Diseases\00023_png.rf.fd082e9f6f6812021b0365d90d4a6482.jpg,00023_png.rf.fd082e9f6f6812021b0365d90d4a6482,0,,,,,
train,Leaf-Diseases,disease,D:\gemma4\segmentation_lattuce-desease\Roboflow_Dataset\train\Leaf-Diseases\00024_png.rf.09d4813c07b63b316c388ea2a477ba51.jpg,00024_png.rf.09d4813c07b63b316c388ea2a477ba51,0,,,,,
train,Leaf-Diseases,disease,D:\gemma4\segmentation_lattuce-desease\Roboflow_Dataset\train\Leaf-Diseases\00024_png.rf.680541afb9967818a8e131e61fe5b9bc.jpg,00024_png.rf.680541afb9967818a8e131e61fe5b9bc,0,,,,,
train,Leaf-Diseases,disease,D:\gemma4\segmentation_lattuce-desease\Roboflow_Dataset\train\Leaf-Diseases\00024_png.rf.9aa37d60f8b1870354f85302221a6021.jpg,00024_png.rf.9aa37d60f8b1870354f85302221a6021,0,,,,,
train,Leaf-Diseases,disease,D:\gemma4\segmentation_lattuce-desease\Roboflow_Dataset\train\Leaf-Diseases\00025_png.rf.481c5a0fed0f32c2e0eb6286a71952d3.jpg,00025_png.rf.481c5a0fed0f32c2e0eb6286a71952d3,0,,,,,
train,Leaf-Diseases,disease,D:\gemma4\segmentation_lattuce-desease\Roboflow_Dataset\train\Leaf-Diseases\00025_png.rf.b386af51962ef28e660eb8daf4960cc5.jpg,00025_png.rf.b386af51962ef28e660eb8daf4960cc5,0,,,,,
train,Leaf-Diseases,disease,D:\gemma4\segmentation_lattuce-desease\Roboflow_Dataset\train\Leaf-Diseases\00025_png.rf.e056e2c2009da6126990d445a2bb73d1.jpg,00025_png.rf.e056e2c2009da6126990d445a2bb73d1,0,,,,,
train,Leaf-Diseases,disease,D:\gemma4\segmentation_lattuce-desease\Roboflow_Dataset\train\Leaf-Diseases\00026_png.rf.7b256643e069b9e6c9c4b74f92d58cb9.jpg,00026_png.rf.7b256643e069b9e6c9c4b74f92d58cb9,0,,,,,
train,Leaf-Diseases,disease,D:\gemma4\segmentation_lattuce-desease\Roboflow_Dataset\train\Leaf-Diseases\00026_png.rf.a230fd6a1a5d570600346ef33ab2a334.jpg,00026_png.rf.a230fd6a1a5d570600346ef33ab2a334,0,,,,,
train,Leaf-Diseases,disease,D:\gemma4\segmentation_lattuce-desease\Roboflow_Dataset\train\Leaf-Diseases\00026_png.rf.c0b64208bc76434f4cda315127251132.jpg,00026_png.rf.c0b64208bc76434f4cda315127251132,0,,,,,
train,Leaf-Diseases,disease,D:\gemma4\segmentation_lattuce-desease\Roboflow_Dataset\train\Leaf-Diseases\00027_png.rf.6bb707e0e17569ded6287f4892d9fd24.jpg,00027_png.rf.6bb707e0e17569ded6287f4892d9fd24,0,,,,,
train,Leaf-Diseases,disease,D:\gemma4\segmentation_lattuce-desease\Roboflow_Dataset\train\Leaf-Diseases\00027_png.rf.d24083383b11c602d135be63ee51523a.jpg,00027_png.rf.d24083383b11c602d135be63ee51523a,0,,,,,
train,Leaf-Diseases,disease,D:\gemma4\segmentation_lattuce-desease\Roboflow_Dataset\train\Leaf-Diseases\00027_png.rf.dc456e9f22d6127d2ff230362ed5b6b7.jpg,00027_png.rf.dc456e9f22d6127d2ff230362ed5b6b7,0,,,,,
train,Leaf-Diseases,disease,D:\gemma4\segmentation_lattuce-desease\Roboflow_Dataset\train\Leaf-Diseases\00028_png.rf.1980a1520f979072972a669168231e45.jpg,00028_png.rf.1980a1520f979072972a669168231e45,0,,,,,
train,Leaf-Diseases,disease,D:\gemma4\segmentation_lattuce-desease\Roboflow_Dataset\train\Leaf-Diseases\00028_png.rf.93ee1f6c29a1c11f7fce9d32ea59a8ec.jpg,00028_png.rf.93ee1f6c29a1c11f7fce9d32ea59a8ec,0,,,,,
train,Leaf-Diseases,disease,D:\gemma4\segmentation_lattuce-desease\Roboflow_Dataset\train\Leaf-Diseases\00028_png.rf.fadc9d8da7be1bb2710afd2fedb00204.jpg,00028_png.rf.fadc9d8da7be1bb2710afd2fedb00204,0,,,,,
train,Leaf-Diseases,disease,D:\gemma4\segmentation_lattuce-desease\Roboflow_Dataset\train\Leaf-Diseases\00029_png.rf.b5bc0a2914312356cce769bf1838bd7a.jpg,00029_png.rf.b5bc0a2914312356cce769bf1838bd7a,0,,,,,
train,Leaf-Diseases,disease,D:\gemma4\segmentation_lattuce-desease\Roboflow_Dataset\train\Leaf-Diseases\00029_png.rf.c0b533feedb93833d9fd804748923a35.jpg,00029_png.rf.c0b533feedb93833d9fd804748923a35,0,,,,,
train,Leaf-Diseases,disease,D:\gemma4\segmentation_lattuce-desease\Roboflow_Dataset\train\Leaf-Diseases\00029_png.rf.f198b4e56c49f1e4f13ce0f18fb1a21b.jpg,00029_png.rf.f198b4e56c49f1e4f13ce0f18fb1a21b,0,,,,,
train,Leaf-Diseases,disease,D:\gemma4\segmentation_lattuce-desease\Roboflow_Dataset\train\Leaf-Diseases\00030_png.rf.6e9182cc9a5fea5f501cca9ddd5a4f45.jpg,00030_png.rf.6e9182cc9a5fea5f501cca9ddd5a4f45,0,,,,,
train,Leaf-Diseases,disease,D:\gemma4\segmentation_lattuce-desease\Roboflow_Dataset\train\Leaf-Diseases\00030_png.rf.89d1be6d0fe7b36490a53c996524c597.jpg,00030_png.rf.89d1be6d0fe7b36490a53c996524c597,0,,,,,
train,Leaf-Diseases,disease,D:\gemma4\segmentation_lattuce-desease\Roboflow_Dataset\train\Leaf-Diseases\00030_png.rf.b27c8675d89430c452aeae0813432c64.jpg,00030_png.rf.b27c8675d89430c452aeae0813432c64,0,,,,,
train,Leaf-Diseases,disease,D:\gemma4\segmentation_lattuce-desease\Roboflow_Dataset\train\Leaf-Diseases\00031_png.rf.37c7a21e8f87e955a976eda93c46f84b.jpg,00031_png.rf.37c7a21e8f87e955a976eda93c46f84b,0,,,,,
train,Leaf-Diseases,disease,D:\gemma4\segmentation_lattuce-desease\Roboflow_Dataset\train\Leaf-Diseases\00031_png.rf.c256ef802cb0ce94d34382141f1ecb4d.jpg,00031_png.rf.c256ef802cb0ce94d34382141f1ecb4d,0,,,,,
train,Leaf-Diseases,disease,D:\gemma4\segmentation_lattuce-desease\Roboflow_Dataset\train\Leaf-Diseases\00031_png.rf.e40a73ba9dd95db539fdf85f9e48ced9.jpg,00031_png.rf.e40a73ba9dd95db539fdf85f9e48ced9,0,,,,,
train,Leaf-Diseases,disease,D:\gemma4\segmentation_lattuce-desease\Roboflow_Dataset\train\Leaf-Diseases\00032_png.rf.adf2a4006c93dae70b65c139b6d460b3.jpg,00032_png.rf.adf2a4006c93dae70b65c139b6d460b3,0,,,,,
train,Leaf-Diseases,disease,D:\gemma4\segmentation_lattuce-desease\Roboflow_Dataset\train\Leaf-Diseases\00032_png.rf.b8c8b0f658862a5dd2e5e5fe8016cef9.jpg,00032_png.rf.b8c8b0f658862a5dd2e5e5fe8016cef9,0,,,,,
train,Leaf-Diseases,disease,D:\gemma4\segmentation_lattuce-desease\Roboflow_Dataset\train\Leaf-Diseases\00032_png.rf.cc8502468cbd39ab06081756dcec575b.jpg,00032_png.rf.cc8502468cbd39ab06081756dcec575b,0,,,,,
train,Leaf-Diseases,disease,D:\gemma4\segmentation_lattuce-desease\Roboflow_Dataset\train\Leaf-Diseases\00033_png.rf.c6c467f16a5c7f60c4fe04955b307dcf.jpg,00033_png.rf.c6c467f16a5c7f60c4fe04955b307dcf,0,,,,,
train,Leaf-Diseases,disease,D:\gemma4\segmentation_lattuce-desease\Roboflow_Dataset\train\Leaf-Diseases\00033_png.rf.f209e1a4e930283459fca9bbdae47581.jpg,00033_png.rf.f209e1a4e930283459fca9bbdae47581,0,,,,,
train,Leaf-Diseases,disease,D:\gemma4\segmentation_lattuce-desease\Roboflow_Dataset\train\Leaf-Diseases\00033_png.rf.f5a6e898da0ab0d1f315f6d333335845.jpg,00033_png.rf.f5a6e898da0ab0d1f315f6d333335845,0,,,,,
train,Leaf-Diseases,disease,D:\gemma4\segmentation_lattuce-desease\Roboflow_Dataset\train\Leaf-Diseases\00034_png.rf.1937f4ec466d770fbd9a2a2b6d0e7c68.jpg,00034_png.rf.1937f4ec466d770fbd9a2a2b6d0e7c68,0,,,,,
train,Leaf-Diseases,disease,D:\gemma4\segmentation_lattuce-desease\Roboflow_Dataset\train\Leaf-Diseases\00034_png.rf.70e9266018047b39719abdc3a03c0e12.jpg,00034_png.rf.70e9266018047b39719abdc3a03c0e12,0,,,,,
train,Leaf-Diseases,disease,D:\gemma4\segmentation_lattuce-desease\Roboflow_Dataset\train\Leaf-Diseases\00034_png.rf.e98148a539f86faa9bf8bb1fcc570bb9.jpg,00034_png.rf.e98148a539f86faa9bf8bb1fcc570bb9,0,,,,,
train,Leaf-Diseases,disease,D:\gemma4\segmentation_lattuce-desease\Roboflow_Dataset\train\Leaf-Diseases\00035_png.rf.4fef18ac9e1889a89af5ac5d0b72a45a.jpg,00035_png.rf.4fef18ac9e1889a89af5ac5d0b72a45a,0,,,,,
train,Leaf-Diseases,disease,D:\gemma4\segmentation_lattuce-desease\Roboflow_Dataset\train\Leaf-Diseases\00035_png.rf.ae59b0e964956ff573927c44ec405ea9.jpg,00035_png.rf.ae59b0e964956ff573927c44ec405ea9,0,,,,,
train,Leaf-Diseases,disease,D:\gemma4\segmentation_lattuce-desease\Roboflow_Dataset\train\Leaf-Diseases\00035_png.rf.c83ac71af32a6e2a60f2740a1ba66546.jpg,00035_png.rf.c83ac71af32a6e2a60f2740a1ba66546,0,,,,,
train,Leaf-Diseases,disease,D:\gemma4\segmentation_lattuce-desease\Roboflow_Dataset\train\Leaf-Diseases\00036_png.rf.7b6cf7273e62624b861829014d83837e.jpg,00036_png.rf.7b6cf7273e62624b861829014d83837e,0,,,,,
train,Leaf-Diseases,disease,D:\gemma4\segmentation_lattuce-desease\Roboflow_Dataset\train\Leaf-Diseases\00036_png.rf.ddd6317a6308d47f1017f0253781e7e0.jpg,00036_png.rf.ddd6317a6308d47f1017f0253781e7e0,0,,,,,
train,Leaf-Diseases,disease,D:\gemma4\segmentation_lattuce-desease\Roboflow_Dataset\train\Leaf-Diseases\00036_png.rf.e44dddc94029b97f312d573e1b97fa42.jpg,00036_png.rf.e44dddc94029b97f312d573e1b97fa42,0,,,,,
train,Leaf-Diseases,disease,D:\gemma4\segmentation_lattuce-desease\Roboflow_Dataset\train\Leaf-Diseases\00037_png.rf.1f72daa544f640509baab31bd58c10f1.jpg,00037_png.rf.1f72daa544f640509baab31bd58c10f1,0,,,,,
train,Leaf-Diseases,disease,D:\gemma4\segmentation_lattuce-desease\Roboflow_Dataset\train\Leaf-Diseases\00037_png.rf.372a8b59c45b6b6db830af0f0d2e8a39.jpg,00037_png.rf.372a8b59c45b6b6db830af0f0d2e8a39,0,,,,,
train,Leaf-Diseases,disease,D:\gemma4\segmentation_lattuce-desease\Roboflow_Dataset\train\Leaf-Diseases\00037_png.rf.5b42faa075c7a02d73e378bd6e455cfd.jpg,00037_png.rf.5b42faa075c7a02d73e378bd6e455cfd,0,,,,,
train,Leaf-Diseases,disease,D:\gemma4\segmentation_lattuce-desease\Roboflow_Dataset\train\Leaf-Diseases\00038_png.rf.770e31a68d2f5e2a6fcee86f43b7de9e.jpg,00038_png.rf.770e31a68d2f5e2a6fcee86f43b7de9e,0,,,,,
train,Leaf-Diseases,disease,D:\gemma4\segmentation_lattuce-desease\Roboflow_Dataset\train\Leaf-Diseases\00038_png.rf.84dac20145db0ded47f8ee07a860891c.jpg,00038_png.rf.84dac20145db0ded47f8ee07a860891c,0,,,,,
train,Leaf-Diseases,disease,D:\gemma4\segmentation_lattuce-desease\Roboflow_Dataset\train\Leaf-Diseases\00038_png.rf.aaf103a3d4c5ff750e4bef9f65d06c6e.jpg,00038_png.rf.aaf103a3d4c5ff750e4bef9f65d06c6e,0,,,,,
train,Leaf-Diseases,disease,D:\gemma4\segmentation_lattuce-desease\Roboflow_Dataset\train\Leaf-Diseases\00039_png.rf.414a274690c2ba54381d8dbea788580a.jpg,00039_png.rf.414a274690c2ba54381d8dbea788580a,0,,,,,
train,Leaf-Diseases,disease,D:\gemma4\segmentation_lattuce-desease\Roboflow_Dataset\train\Leaf-Diseases\00039_png.rf.afe58af246f185b516196cc1d93466b9.jpg,00039_png.rf.afe58af246f185b516196cc1d93466b9,0,,,,,
train,Leaf-Diseases,disease,D:\gemma4\segmentation_lattuce-desease\Roboflow_Dataset\train\Leaf-Diseases\00039_png.rf.f5e64cb56b27441440c1f0836ae17755.jpg,00039_png.rf.f5e64cb56b27441440c1f0836ae17755,0,,,,,
train,Leaf-Diseases,disease,D:\gemma4\segmentation_lattuce-desease\Roboflow_Dataset\train\Leaf-Diseases\00040_png.rf.33a5380ccb1f08ac71182e6730f7e0a4.jpg,00040_png.rf.33a5380ccb1f08ac71182e6730f7e0a4,0,,,,,
train,Leaf-Diseases,disease,D:\gemma4\segmentation_lattuce-desease\Roboflow_Dataset\train\Leaf-Diseases\00040_png.rf.6f45673a6a462a4b324f16f11349f34f.jpg,00040_png.rf.6f45673a6a462a4b324f16f11349f34f,0,,,,,
train,Leaf-Diseases,disease,D:\gemma4\segmentation_lattuce-desease\Roboflow_Dataset\train\Leaf-Diseases\00040_png.rf.ac8f90d0d77b5004927da96148bf7df5.jpg,00040_png.rf.ac8f90d0d77b5004927da96148bf7df5,0,,,,,
train,Leaf-Diseases,disease,D:\gemma4\segmentation_lattuce-desease\Roboflow_Dataset\train\Leaf-Diseases\00041_png.rf.27435f444aede1733359ab6f5f46554d.jpg,00041_png.rf.27435f444aede1733359ab6f5f46554d,0,,,,,
train,Leaf-Diseases,disease,D:\gemma4\segmentation_lattuce-desease\Roboflow_Dataset\train\Leaf-Diseases\00041_png.rf.9d9ec32182cab44ff2c7ba615f26efea.jpg,00041_png.rf.9d9ec32182cab44ff2c7ba615f26efea,0,,,,,
train,Leaf-Diseases,disease,D:\gemma4\segmentation_lattuce-desease\Roboflow_Dataset\train\Leaf-Diseases\00041_png.rf.b53a1ac10c52a3f3ee5c57f5f1f44730.jpg,00041_png.rf.b53a1ac10c52a3f3ee5c57f5f1f44730,0,,,,,
train,Leaf-Diseases,disease,D:\gemma4\segmentation_lattuce-desease\Roboflow_Dataset\train\Leaf-Diseases\00042_png.rf.5ee06d60e8696053bc2fd4b3225a3ee8.jpg,00042_png.rf.5ee06d60e8696053bc2fd4b3225a3ee8,0,,,,,
train,Leaf-Diseases,disease,D:\gemma4\segmentation_lattuce-desease\Roboflow_Dataset\train\Leaf-Diseases\00042_png.rf.6e088b36b24540be647b1fb903a4057a.jpg,00042_png.rf.6e088b36b24540be647b1fb903a4057a,0,,,,,
train,Leaf-Diseases,disease,D:\gemma4\segmentation_lattuce-desease\Roboflow_Dataset\train\Leaf-Diseases\00042_png.rf.a5820165c2432025168bf713c2babbd1.jpg,00042_png.rf.a5820165c2432025168bf713c2babbd1,0,,,,,
train,Leaf-Diseases,disease,D:\gemma4\segmentation_lattuce-desease\Roboflow_Dataset\train\Leaf-Diseases\00043_png.rf.38e1ed77eef5052c924b4791b377833a.jpg,00043_png.rf.38e1ed77eef5052c924b4791b377833a,0,,,,,
train,Leaf-Diseases,disease,D:\gemma4\segmentation_lattuce-desease\Roboflow_Dataset\train\Leaf-Diseases\00043_png.rf.605350ebd548b8812cf557141a3c20a1.jpg,00043_png.rf.605350ebd548b8812cf557141a3c20a1,0,,,,,
train,Leaf-Diseases,disease,D:\gemma4\segmentation_lattuce-desease\Roboflow_Dataset\train\Leaf-Diseases\00043_png.rf.f50dd0f5124bdc3a5d22b62c4091738c.jpg,00043_png.rf.f50dd0f5124bdc3a5d22b62c4091738c,0,,,,,
train,Leaf-Diseases,disease,D:\gemma4\segmentation_lattuce-desease\Roboflow_Dataset\train\Leaf-Diseases\00044_png.rf.874cca236daac49ef5365eecbfc6680f.jpg,00044_png.rf.874cca236daac49ef5365eecbfc6680f,0,,,,,
train,Leaf-Diseases,disease,D:\gemma4\segmentation_lattuce-desease\Roboflow_Dataset\train\Leaf-Diseases\00044_png.rf.93b68bbb9f2e9f9bd1beb4277d2831d8.jpg,00044_png.rf.93b68bbb9f2e9f9bd1beb4277d2831d8,0,,,,,
train,Leaf-Diseases,disease,D:\gemma4\segmentation_lattuce-desease\Roboflow_Dataset\train\Leaf-Diseases\00044_png.rf.edb2145bd6232dcad7690ee37aa29eab.jpg,00044_png.rf.edb2145bd6232dcad7690ee37aa29eab,0,,,,,
train,Leaf-Diseases,disease,D:\gemma4\segmentation_lattuce-desease\Roboflow_Dataset\train\Leaf-Diseases\00045_png.rf.2d2373449edee7832dbb6e442ba6d1f3.jpg,00045_png.rf.2d2373449edee7832dbb6e442ba6d1f3,0,,,,,
train,Leaf-Diseases,disease,D:\gemma4\segmentation_lattuce-desease\Roboflow_Dataset\train\Leaf-Diseases\00045_png.rf.6458874adcd039aed722eeacf26d7300.jpg,00045_png.rf.6458874adcd039aed722eeacf26d7300,0,,,,,
train,Leaf-Diseases,disease,D:\gemma4\segmentation_lattuce-desease\Roboflow_Dataset\train\Leaf-Diseases\00045_png.rf.bc2597f90393c6d2ed85828b2f384307.jpg,00045_png.rf.bc2597f90393c6d2ed85828b2f384307,0,,,,,
train,Leaf-Diseases,disease,D:\gemma4\segmentation_lattuce-desease\Roboflow_Dataset\train\Leaf-Diseases\00046_png.rf.0962e4e857732136d435082a36edbf66.jpg,00046_png.rf.0962e4e857732136d435082a36edbf66,0,,,,,
train,Leaf-Diseases,disease,D:\gemma4\segmentation_lattuce-desease\Roboflow_Dataset\train\Leaf-Diseases\00046_png.rf.cd769f1de91ff08621b53930582349f2.jpg,00046_png.rf.cd769f1de91ff08621b53930582349f2,0,,,,,
train,Leaf-Diseases,disease,D:\gemma4\segmentation_lattuce-desease\Roboflow_Dataset\train\Leaf-Diseases\00046_png.rf.fc652e4f476e7e8fb7fc7709fb4f04fa.jpg,00046_png.rf.fc652e4f476e7e8fb7fc7709fb4f04fa,0,,,,,
train,Leaf-Diseases,disease,D:\gemma4\segmentation_lattuce-desease\Roboflow_Dataset\train\Leaf-Diseases\00047_png.rf.0a8e53ec2d33b19b54a3077befeca22b.jpg,00047_png.rf.0a8e53ec2d33b19b54a3077befeca22b,0,,,,,
train,Leaf-Diseases,disease,D:\gemma4\segmentation_lattuce-desease\Roboflow_Dataset\train\Leaf-Diseases\00047_png.rf.492e8efd9bf1e5241d0cda899904f288.jpg,00047_png.rf.492e8efd9bf1e5241d0cda899904f288,0,,,,,
train,Leaf-Diseases,disease,D:\gemma4\segmentation_lattuce-desease\Roboflow_Dataset\train\Leaf-Diseases\00047_png.rf.91fd2d33670ba6b43df590a75fac866f.jpg,00047_png.rf.91fd2d33670ba6b43df590a75fac866f,0,,,,,
train,Leaf-Diseases,disease,D:\gemma4\segmentation_lattuce-desease\Roboflow_Dataset\train\Leaf-Diseases\00048_png.rf.3c8d9614e689ab6517b744bd8fb7b01c.jpg,00048_png.rf.3c8d9614e689ab6517b744bd8fb7b01c,0,,,,,
train,Leaf-Diseases,disease,D:\gemma4\segmentation_lattuce-desease\Roboflow_Dataset\train\Leaf-Diseases\00048_png.rf.a704bc16a9731469e426d2be79492609.jpg,00048_png.rf.a704bc16a9731469e426d2be79492609,0,,,,,
train,Leaf-Diseases,disease,D:\gemma4\segmentation_lattuce-desease\Roboflow_Dataset\train\Leaf-Diseases\00048_png.rf.ee5be0e9159df59961376cf89c7664fd.jpg,00048_png.rf.ee5be0e9159df59961376cf89c7664fd,0,,,,,
train,Leaf-Diseases,disease,D:\gemma4\segmentation_lattuce-desease\Roboflow_Dataset\train\Leaf-Diseases\00049_png.rf.76371d43254a648bf15f7af5cf2a54ff.jpg,00049_png.rf.76371d43254a648bf15f7af5cf2a54ff,0,,,,,
train,Leaf-Diseases,disease,D:\gemma4\segmentation_lattuce-desease\Roboflow_Dataset\train\Leaf-Diseases\00049_png.rf.ab85a97700dd8bbd228b66c3b18f83c6.jpg,00049_png.rf.ab85a97700dd8bbd228b66c3b18f83c6,0,,,,,
train,Leaf-Diseases,disease,D:\gemma4\segmentation_lattuce-desease\Roboflow_Dataset\train\Leaf-Diseases\00049_png.rf.d78e0052159d711750813046aed6c7f2.jpg,00049_png.rf.d78e0052159d711750813046aed6c7f2,0,,,,,
train,Leaf-Diseases,disease,D:\gemma4\segmentation_lattuce-desease\Roboflow_Dataset\train\Leaf-Diseases\00050_png.rf.0df08ce5a79d34761b9215845773e5c1.jpg,00050_png.rf.0df08ce5a79d34761b9215845773e5c1,0,,,,,
train,Leaf-Diseases,disease,D:\gemma4\segmentation_lattuce-desease\Roboflow_Dataset\train\Leaf-Diseases\00050_png.rf.742f085dcddbf655eafb97bd92305e6f.jpg,00050_png.rf.742f085dcddbf655eafb97bd92305e6f,0,,,,,
train,Leaf-Diseases,disease,D:\gemma4\segmentation_lattuce-desease\Roboflow_Dataset\train\Leaf-Diseases\00050_png.rf.e571e667338a69c129fba5bd9a897b4d.jpg,00050_png.rf.e571e667338a69c129fba5bd9a897b4d,0,,,,,
train,Leaf-Diseases,disease,D:\gemma4\segmentation_lattuce-desease\Roboflow_Dataset\train\Leaf-Diseases\00051_png.rf.0a73ceac19b89f4f6e1b7a71aebb41bd.jpg,00051_png.rf.0a73ceac19b89f4f6e1b7a71aebb41bd,0,,,,,
train,Leaf-Diseases,disease,D:\gemma4\segmentation_lattuce-desease\Roboflow_Dataset\train\Leaf-Diseases\00051_png.rf.881fbac27863e004eb616a24ad75b0bf.jpg,00051_png.rf.881fbac27863e004eb616a24ad75b0bf,0,,,,,
train,Leaf-Diseases,disease,D:\gemma4\segmentation_lattuce-desease\Roboflow_Dataset\train\Leaf-Diseases\00051_png.rf.bcfc9954aed4585c6aecb8cc1e242d63.jpg,00051_png.rf.bcfc9954aed4585c6aecb8cc1e242d63,0,,,,,
train,Leaf-Diseases,disease,D:\gemma4\segmentation_lattuce-desease\Roboflow_Dataset\train\Leaf-Diseases\00052_png.rf.53ad0db34463fea779a8c983893f3f17.jpg,00052_png.rf.53ad0db34463fea779a8c983893f3f17,0,,,,,
train,Leaf-Diseases,disease,D:\gemma4\segmentation_lattuce-desease\Roboflow_Dataset\train\Leaf-Diseases\00052_png.rf.e35bd1c9f88e8626f6a8bfa773b3c4fa.jpg,00052_png.rf.e35bd1c9f88e8626f6a8bfa773b3c4fa,0,,,,,
train,Leaf-Diseases,disease,D:\gemma4\segmentation_lattuce-desease\Roboflow_Dataset\train\Leaf-Diseases\00052_png.rf.ef602fce6c6592968f423d30df30044f.jpg,00052_png.rf.ef602fce6c6592968f423d30df30044f,0,,,,,
train,Leaf-Diseases,disease,D:\gemma4\segmentation_lattuce-desease\Roboflow_Dataset\train\Leaf-Diseases\00053_png.rf.561e966fb664b0c6b1f6768d72c40e52.jpg,00053_png.rf.561e966fb664b0c6b1f6768d72c40e52,0,,,,,
train,Leaf-Diseases,disease,D:\gemma4\segmentation_lattuce-desease\Roboflow_Dataset\train\Leaf-Diseases\00053_png.rf.6786435ce38be80c86f7e5fcfa94ab55.jpg,00053_png.rf.6786435ce38be80c86f7e5fcfa94ab55,0,,,,,
train,Leaf-Diseases,disease,D:\gemma4\segmentation_lattuce-desease\Roboflow_Dataset\train\Leaf-Diseases\00053_png.rf.7396506da8c3154aee1676f843de2554.jpg,00053_png.rf.7396506da8c3154aee1676f843de2554,0,,,,,
train,Leaf-Diseases,disease,D:\gemma4\segmentation_lattuce-desease\Roboflow_Dataset\train\Leaf-Diseases\00054_png.rf.84d8d2bec7cab4227564d7a46f78fe20.jpg,00054_png.rf.84d8d2bec7cab4227564d7a46f78fe20,0,,,,,
train,Leaf-Diseases,disease,D:\gemma4\segmentation_lattuce-desease\Roboflow_Dataset\train\Leaf-Diseases\00054_png.rf.9ca5a5092887b90e9223fa59993165b2.jpg,00054_png.rf.9ca5a5092887b90e9223fa59993165b2,0,,,,,
train,Leaf-Diseases,disease,D:\gemma4\segmentation_lattuce-desease\Roboflow_Dataset\train\Leaf-Diseases\00054_png.rf.c2311279deae0432b60974714d2e9f22.jpg,00054_png.rf.c2311279deae0432b60974714d2e9f22,0,,,,,
train,Leaf-Diseases,disease,D:\gemma4\segmentation_lattuce-desease\Roboflow_Dataset\train\Leaf-Diseases\00055_png.rf.2982f43d70155bc267d2b59dbe54dc19.jpg,00055_png.rf.2982f43d70155bc267d2b59dbe54dc19,0,,,,,
train,Leaf-Diseases,disease,D:\gemma4\segmentation_lattuce-desease\Roboflow_Dataset\train\Leaf-Diseases\00055_png.rf.712c9f4adfa2ef4f615620792b4e2262.jpg,00055_png.rf.712c9f4adfa2ef4f615620792b4e2262,0,,,,,
train,Leaf-Diseases,disease,D:\gemma4\segmentation_lattuce-desease\Roboflow_Dataset\train\Leaf-Diseases\00055_png.rf.ee26c9f2f8614b1f1ff2e08b9e9fbd94.jpg,00055_png.rf.ee26c9f2f8614b1f1ff2e08b9e9fbd94,0,,,,,
train,Leaf-Diseases,disease,D:\gemma4\segmentation_lattuce-desease\Roboflow_Dataset\train\Leaf-Diseases\00056_png.rf.40f3bd142f29071ca7a12989df6fc467.jpg,00056_png.rf.40f3bd142f29071ca7a12989df6fc467,0,,,,,
train,Leaf-Diseases,disease,D:\gemma4\segmentation_lattuce-desease\Roboflow_Dataset\train\Leaf-Diseases\00056_png.rf.e826678a2eb63cf69c302332aecfffbe.jpg,00056_png.rf.e826678a2eb63cf69c302332aecfffbe,0,,,,,
train,Leaf-Diseases,disease,D:\gemma4\segmentation_lattuce-desease\Roboflow_Dataset\train\Leaf-Diseases\00056_png.rf.e832c52adb8e1cc204ccbc72bb0432ef.jpg,00056_png.rf.e832c52adb8e1cc204ccbc72bb0432ef,0,,,,,
train,Leaf-Diseases,disease,D:\gemma4\segmentation_lattuce-desease\Roboflow_Dataset\train\Leaf-Diseases\00057_png.rf.1623bb2c71c1ec49996f1418d9481707.jpg,00057_png.rf.1623bb2c71c1ec49996f1418d9481707,0,,,,,
train,Leaf-Diseases,disease,D:\gemma4\segmentation_lattuce-desease\Roboflow_Dataset\train\Leaf-Diseases\00057_png.rf.469ef219c5efbd32779a2f0376981bb7.jpg,00057_png.rf.469ef219c5efbd32779a2f0376981bb7,0,,,,,
train,Leaf-Diseases,disease,D:\gemma4\segmentation_lattuce-desease\Roboflow_Dataset\train\Leaf-Diseases\00057_png.rf.e8bc6b6e026c46f1a37144219ef71e5d.jpg,00057_png.rf.e8bc6b6e026c46f1a37144219ef71e5d,0,,,,,
train,Leaf-Diseases,disease,D:\gemma4\segmentation_lattuce-desease\Roboflow_Dataset\train\Leaf-Diseases\00058_png.rf.7f2e094186a7d38f5e07f33a3b5b71e3.jpg,00058_png.rf.7f2e094186a7d38f5e07f33a3b5b71e3,0,,,,,
train,Leaf-Diseases,disease,D:\gemma4\segmentation_lattuce-desease\Roboflow_Dataset\train\Leaf-Diseases\00058_png.rf.926217758a7ed5fa3fd5e38137d6dd90.jpg,00058_png.rf.926217758a7ed5fa3fd5e38137d6dd90,0,,,,,
train,Leaf-Diseases,disease,D:\gemma4\segmentation_lattuce-desease\Roboflow_Dataset\train\Leaf-Diseases\00058_png.rf.cb96fb693163d14161f9349e78630588.jpg,00058_png.rf.cb96fb693163d14161f9349e78630588,0,,,,,
train,Leaf-Diseases,disease,D:\gemma4\segmentation_lattuce-desease\Roboflow_Dataset\train\Leaf-Diseases\00059_png.rf.2cbf5fd53f2f399c1b2a0e53f6d9741c.jpg,00059_png.rf.2cbf5fd53f2f399c1b2a0e53f6d9741c,0,,,,,
train,Leaf-Diseases,disease,D:\gemma4\segmentation_lattuce-desease\Roboflow_Dataset\train\Leaf-Diseases\00059_png.rf.4c9595f73e552e7d26ccfe7635b5fc18.jpg,00059_png.rf.4c9595f73e552e7d26ccfe7635b5fc18,0,,,,,
train,Leaf-Diseases,disease,D:\gemma4\segmentation_lattuce-desease\Roboflow_Dataset\train\Leaf-Diseases\00059_png.rf.a68dd3be9f74d1978fa4179f867455c4.jpg,00059_png.rf.a68dd3be9f74d1978fa4179f867455c4,0,,,,,
train,Leaf-Diseases,disease,D:\gemma4\segmentation_lattuce-desease\Roboflow_Dataset\train\Leaf-Diseases\00060_png.rf.3b6f0c95539f03b5dbff287517da7cbd.jpg,00060_png.rf.3b6f0c95539f03b5dbff287517da7cbd,0,,,,,
train,Leaf-Diseases,disease,D:\gemma4\segmentation_lattuce-desease\Roboflow_Dataset\train\Leaf-Diseases\00060_png.rf.7337b4d5cf382ad8634647ca497c9f16.jpg,00060_png.rf.7337b4d5cf382ad8634647ca497c9f16,0,,,,,
train,Leaf-Diseases,disease,D:\gemma4\segmentation_lattuce-desease\Roboflow_Dataset\train\Leaf-Diseases\00060_png.rf.d11136c12066970caa61358a77bd5397.jpg,00060_png.rf.d11136c12066970caa61358a77bd5397,0,,,,,
train,Leaf-Diseases,disease,D:\gemma4\segmentation_lattuce-desease\Roboflow_Dataset\train\Leaf-Diseases\00061_png.rf.15f72afed4bbe74442504c7fe48c6126.jpg,00061_png.rf.15f72afed4bbe74442504c7fe48c6126,0,,,,,
train,Leaf-Diseases,disease,D:\gemma4\segmentation_lattuce-desease\Roboflow_Dataset\train\Leaf-Diseases\00061_png.rf.466e0e3da029bad6e494a8a93d2ab4fb.jpg,00061_png.rf.466e0e3da029bad6e494a8a93d2ab4fb,0,,,,,
train,Leaf-Diseases,disease,D:\gemma4\segmentation_lattuce-desease\Roboflow_Dataset\train\Leaf-Diseases\00061_png.rf.dc269c5fc32488c690ea7a68379171e3.jpg,00061_png.rf.dc269c5fc32488c690ea7a68379171e3,0,,,,,
train,Leaf-Diseases,disease,D:\gemma4\segmentation_lattuce-desease\Roboflow_Dataset\train\Leaf-Diseases\00062_png.rf.21758ea306050b2ec2ae5cc4b547c7ea.jpg,00062_png.rf.21758ea306050b2ec2ae5cc4b547c7ea,0,,,,,
train,Leaf-Diseases,disease,D:\gemma4\segmentation_lattuce-desease\Roboflow_Dataset\train\Leaf-Diseases\00062_png.rf.ccf1f548f0d2681d2a339a6175c7c018.jpg,00062_png.rf.ccf1f548f0d2681d2a339a6175c7c018,0,,,,,
train,Leaf-Diseases,disease,D:\gemma4\segmentation_lattuce-desease\Roboflow_Dataset\train\Leaf-Diseases\00062_png.rf.d0be18b78c30b9233fa3877e2c5a96b5.jpg,00062_png.rf.d0be18b78c30b9233fa3877e2c5a96b5,0,,,,,
train,Leaf-Diseases,disease,D:\gemma4\segmentation_lattuce-desease\Roboflow_Dataset\train\Leaf-Diseases\00063_png.rf.50cb56de231dd0436ae353916b4396e7.jpg,00063_png.rf.50cb56de231dd0436ae353916b4396e7,0,,,,,
train,Leaf-Diseases,disease,D:\gemma4\segmentation_lattuce-desease\Roboflow_Dataset\train\Leaf-Diseases\00063_png.rf.7dfcae67bf27ec9d9d5f47dc40b83b39.jpg,00063_png.rf.7dfcae67bf27ec9d9d5f47dc40b83b39,0,,,,,
train,Leaf-Diseases,disease,D:\gemma4\segmentation_lattuce-desease\Roboflow_Dataset\train\Leaf-Diseases\00063_png.rf.f0d3ca33961e11f8598c1fdbc67e9dc4.jpg,00063_png.rf.f0d3ca33961e11f8598c1fdbc67e9dc4,0,,,,,
train,Leaf-Diseases,disease,D:\gemma4\segmentation_lattuce-desease\Roboflow_Dataset\train\Leaf-Diseases\00064_png.rf.0565aca64f765cb957d734cc87483dea.jpg,00064_png.rf.0565aca64f765cb957d734cc87483dea,0,,,,,
train,Leaf-Diseases,disease,D:\gemma4\segmentation_lattuce-desease\Roboflow_Dataset\train\Leaf-Diseases\00064_png.rf.9ba2adfdb855a8259dd5e6b8932df40f.jpg,00064_png.rf.9ba2adfdb855a8259dd5e6b8932df40f,0,,,,,
train,Leaf-Diseases,disease,D:\gemma4\segmentation_lattuce-desease\Roboflow_Dataset\train\Leaf-Diseases\00064_png.rf.a90da8556b5a8267d07d50617dab6519.jpg,00064_png.rf.a90da8556b5a8267d07d50617dab6519,0,,,,,
train,Leaf-Diseases,disease,D:\gemma4\segmentation_lattuce-desease\Roboflow_Dataset\train\Leaf-Diseases\00065_png.rf.3253603f2a11815c00e25d6a082a3a17.jpg,00065_png.rf.3253603f2a11815c00e25d6a082a3a17,0,,,,,
train,Leaf-Diseases,disease,D:\gemma4\segmentation_lattuce-desease\Roboflow_Dataset\train\Leaf-Diseases\00065_png.rf.7ed6040b7241918d82a54fd7accd3bae.jpg,00065_png.rf.7ed6040b7241918d82a54fd7accd3bae,0,,,,,
train,Leaf-Diseases,disease,D:\gemma4\segmentation_lattuce-desease\Roboflow_Dataset\train\Leaf-Diseases\00065_png.rf.af42dffd2bfeab95cfa32cb364444de8.jpg,00065_png.rf.af42dffd2bfeab95cfa32cb364444de8,0,,,,,
train,Leaf-Diseases,disease,D:\gemma4\segmentation_lattuce-desease\Roboflow_Dataset\train\Leaf-Diseases\00066_png.rf.40941885b5cf7c891f9cb6cf73a4a578.jpg,00066_png.rf.40941885b5cf7c891f9cb6cf73a4a578,0,,,,,
train,Leaf-Diseases,disease,D:\gemma4\segmentation_lattuce-desease\Roboflow_Dataset\train\Leaf-Diseases\00066_png.rf.7d1c92a31ec197d1befc5ebc725508b4.jpg,00066_png.rf.7d1c92a31ec197d1befc5ebc725508b4,0,,,,,
train,Leaf-Diseases,disease,D:\gemma4\segmentation_lattuce-desease\Roboflow_Dataset\train\Leaf-Diseases\00066_png.rf.d6364f65f37d43a55ea7a0f6554d932d.jpg,00066_png.rf.d6364f65f37d43a55ea7a0f6554d932d,0,,,,,
train,Leaf-Diseases,disease,D:\gemma4\segmentation_lattuce-desease\Roboflow_Dataset\train\Leaf-Diseases\00067_png.rf.1912a4929f7599c898e74e68b1bf707f.jpg,00067_png.rf.1912a4929f7599c898e74e68b1bf707f,0,,,,,
train,Leaf-Diseases,disease,D:\gemma4\segmentation_lattuce-desease\Roboflow_Dataset\train\Leaf-Diseases\00067_png.rf.876db91dc24f630ac9a21d9cab6492f3.jpg,00067_png.rf.876db91dc24f630ac9a21d9cab6492f3,0,,,,,
train,Leaf-Diseases,disease,D:\gemma4\segmentation_lattuce-desease\Roboflow_Dataset\train\Leaf-Diseases\00067_png.rf.968b23450c4a2d70255116cd70d16419.jpg,00067_png.rf.968b23450c4a2d70255116cd70d16419,0,,,,,
train,Leaf-Diseases,disease,D:\gemma4\segmentation_lattuce-desease\Roboflow_Dataset\train\Leaf-Diseases\00068_png.rf.12ddd49651a0677e6da790119167b556.jpg,00068_png.rf.12ddd49651a0677e6da790119167b556,0,,,,,
train,Leaf-Diseases,disease,D:\gemma4\segmentation_lattuce-desease\Roboflow_Dataset\train\Leaf-Diseases\00068_png.rf.25bdb2979c5823f501bfdf92a8e8cec7.jpg,00068_png.rf.25bdb2979c5823f501bfdf92a8e8cec7,0,,,,,
train,Leaf-Diseases,disease,D:\gemma4\segmentation_lattuce-desease\Roboflow_Dataset\train\Leaf-Diseases\00068_png.rf.d57a384973a19c43fff31158e99d723d.jpg,00068_png.rf.d57a384973a19c43fff31158e99d723d,0,,,,,
train,Leaf-Diseases,disease,D:\gemma4\segmentation_lattuce-desease\Roboflow_Dataset\train\Leaf-Diseases\00069_png.rf.1b11d0c4c90f7bab90263f818a991753.jpg,00069_png.rf.1b11d0c4c90f7bab90263f818a991753,0,,,,,
train,Leaf-Diseases,disease,D:\gemma4\segmentation_lattuce-desease\Roboflow_Dataset\train\Leaf-Diseases\00069_png.rf.5dc8d39f9ef6c1e10dc45b61a26deacd.jpg,00069_png.rf.5dc8d39f9ef6c1e10dc45b61a26deacd,0,,,,,
train,Leaf-Diseases,disease,D:\gemma4\segmentation_lattuce-desease\Roboflow_Dataset\train\Leaf-Diseases\00069_png.rf.c72c0e5d32a2bfe45c84cfd53c3cb546.jpg,00069_png.rf.c72c0e5d32a2bfe45c84cfd53c3cb546,0,,,,,
train,Leaf-Diseases,disease,D:\gemma4\segmentation_lattuce-desease\Roboflow_Dataset\train\Leaf-Diseases\00070_png.rf.560ba08e5ac74d6943e992f156a57293.jpg,00070_png.rf.560ba08e5ac74d6943e992f156a57293,0,,,,,
train,Leaf-Diseases,disease,D:\gemma4\segmentation_lattuce-desease\Roboflow_Dataset\train\Leaf-Diseases\00070_png.rf.bb5be7cf98745499bbacb21b75ff81df.jpg,00070_png.rf.bb5be7cf98745499bbacb21b75ff81df,0,,,,,
train,Leaf-Diseases,disease,D:\gemma4\segmentation_lattuce-desease\Roboflow_Dataset\train\Leaf-Diseases\00070_png.rf.f4e6d25d63bf9c9cf39d41efc46de04d.jpg,00070_png.rf.f4e6d25d63bf9c9cf39d41efc46de04d,0,,,,,
train,Leaf-Diseases,disease,D:\gemma4\segmentation_lattuce-desease\Roboflow_Dataset\train\Leaf-Diseases\00071_png.rf.5ba4e0defbfcb97f004d80f55343b786.jpg,00071_png.rf.5ba4e0defbfcb97f004d80f55343b786,0,,,,,
train,Leaf-Diseases,disease,D:\gemma4\segmentation_lattuce-desease\Roboflow_Dataset\train\Leaf-Diseases\00071_png.rf.642be4af989083e5c7d2c356dcb797cd.jpg,00071_png.rf.642be4af989083e5c7d2c356dcb797cd,0,,,,,
train,Leaf-Diseases,disease,D:\gemma4\segmentation_lattuce-desease\Roboflow_Dataset\train\Leaf-Diseases\00071_png.rf.f6c2e287af95894993dd93bd9772bc7b.jpg,00071_png.rf.f6c2e287af95894993dd93bd9772bc7b,0,,,,,
train,Leaf-Diseases,disease,D:\gemma4\segmentation_lattuce-desease\Roboflow_Dataset\train\Leaf-Diseases\00072_png.rf.8246235943a7d99081d1330d7f8ce2e4.jpg,00072_png.rf.8246235943a7d99081d1330d7f8ce2e4,0,,,,,
train,Leaf-Diseases,disease,D:\gemma4\segmentation_lattuce-desease\Roboflow_Dataset\train\Leaf-Diseases\00072_png.rf.cdc073150da363d608bf36d7f33af7e9.jpg,00072_png.rf.cdc073150da363d608bf36d7f33af7e9,0,,,,,
train,Leaf-Diseases,disease,D:\gemma4\segmentation_lattuce-desease\Roboflow_Dataset\train\Leaf-Diseases\00072_png.rf.d5e8a80431e153b16678f19dd5f905fd.jpg,00072_png.rf.d5e8a80431e153b16678f19dd5f905fd,0,,,,,
train,Leaf-Diseases,disease,D:\gemma4\segmentation_lattuce-desease\Roboflow_Dataset\train\Leaf-Diseases\00073_png.rf.636212e3e18bd20bb36d28d8752dbd88.jpg,00073_png.rf.636212e3e18bd20bb36d28d8752dbd88,0,,,,,
train,Leaf-Diseases,disease,D:\gemma4\segmentation_lattuce-desease\Roboflow_Dataset\train\Leaf-Diseases\00073_png.rf.84eb55dceed9a09c5fbcf7902fe96316.jpg,00073_png.rf.84eb55dceed9a09c5fbcf7902fe96316,0,,,,,
train,Leaf-Diseases,disease,D:\gemma4\segmentation_lattuce-desease\Roboflow_Dataset\train\Leaf-Diseases\00073_png.rf.a8af68684b36ad45062b1801e9f58e63.jpg,00073_png.rf.a8af68684b36ad45062b1801e9f58e63,0,,,,,
train,Leaf-Diseases,disease,D:\gemma4\segmentation_lattuce-desease\Roboflow_Dataset\train\Leaf-Diseases\00074_png.rf.4d2d2fb4aa78a5462e7444b695051507.jpg,00074_png.rf.4d2d2fb4aa78a5462e7444b695051507,0,,,,,
train,Leaf-Diseases,disease,D:\gemma4\segmentation_lattuce-desease\Roboflow_Dataset\train\Leaf-Diseases\00074_png.rf.8199c3a01602a12fc076622894e8d697.jpg,00074_png.rf.8199c3a01602a12fc076622894e8d697,0,,,,,
train,Leaf-Diseases,disease,D:\gemma4\segmentation_lattuce-desease\Roboflow_Dataset\train\Leaf-Diseases\00074_png.rf.f709446b21685d46bb6590087f8cc515.jpg,00074_png.rf.f709446b21685d46bb6590087f8cc515,0,,,,,
train,Leaf-Diseases,disease,D:\gemma4\segmentation_lattuce-desease\Roboflow_Dataset\train\Leaf-Diseases\00075_png.rf.5d585dd1ec76726a15a8a966e09361a6.jpg,00075_png.rf.5d585dd1ec76726a15a8a966e09361a6,0,,,,,
train,Leaf-Diseases,disease,D:\gemma4\segmentation_lattuce-desease\Roboflow_Dataset\train\Leaf-Diseases\00075_png.rf.633c482f5219433e0933807bf61d12c1.jpg,00075_png.rf.633c482f5219433e0933807bf61d12c1,0,,,,,
train,Leaf-Diseases,disease,D:\gemma4\segmentation_lattuce-desease\Roboflow_Dataset\train\Leaf-Diseases\00075_png.rf.f280e0f0f7a55d417ecd3960aad0f481.jpg,00075_png.rf.f280e0f0f7a55d417ecd3960aad0f481,0,,,,,
train,Leaf-Diseases,disease,D:\gemma4\segmentation_lattuce-desease\Roboflow_Dataset\train\Leaf-Diseases\00076_png.rf.2e5fb92f3135eb9a4d18a140ce2200b5.jpg,00076_png.rf.2e5fb92f3135eb9a4d18a140ce2200b5,0,,,,,
train,Leaf-Diseases,disease,D:\gemma4\segmentation_lattuce-desease\Roboflow_Dataset\train\Leaf-Diseases\00076_png.rf.87d4e77c3ce36aca0ae559fd4e449048.jpg,00076_png.rf.87d4e77c3ce36aca0ae559fd4e449048,0,,,,,
train,Leaf-Diseases,disease,D:\gemma4\segmentation_lattuce-desease\Roboflow_Dataset\train\Leaf-Diseases\00076_png.rf.df462d7b84aee95db7593a9c795da513.jpg,00076_png.rf.df462d7b84aee95db7593a9c795da513,0,,,,,
train,Leaf-Diseases,disease,D:\gemma4\segmentation_lattuce-desease\Roboflow_Dataset\train\Leaf-Diseases\00077_png.rf.43fbee00791c86b3bca6db9dd5aaca37.jpg,00077_png.rf.43fbee00791c86b3bca6db9dd5aaca37,0,,,,,
train,Leaf-Diseases,disease,D:\gemma4\segmentation_lattuce-desease\Roboflow_Dataset\train\Leaf-Diseases\00077_png.rf.71553cb603c7c6f334fc57ce9bedbc5d.jpg,00077_png.rf.71553cb603c7c6f334fc57ce9bedbc5d,0,,,,,
train,Leaf-Diseases,disease,D:\gemma4\segmentation_lattuce-desease\Roboflow_Dataset\train\Leaf-Diseases\00077_png.rf.98a1dee4eb633956b699c28ea910d47b.jpg,00077_png.rf.98a1dee4eb633956b699c28ea910d47b,0,,,,,
train,Leaf-Diseases,disease,D:\gemma4\segmentation_lattuce-desease\Roboflow_Dataset\train\Leaf-Diseases\00078_png.rf.2859fffbd58b973f874e2b694cb8abc7.jpg,00078_png.rf.2859fffbd58b973f874e2b694cb8abc7,0,,,,,
train,Leaf-Diseases,disease,D:\gemma4\segmentation_lattuce-desease\Roboflow_Dataset\train\Leaf-Diseases\00078_png.rf.7bc084e74d2af40ad8b6fe05c003c50e.jpg,00078_png.rf.7bc084e74d2af40ad8b6fe05c003c50e,0,,,,,
train,Leaf-Diseases,disease,D:\gemma4\segmentation_lattuce-desease\Roboflow_Dataset\train\Leaf-Diseases\00078_png.rf.a5219650e1c7dfb4597f180f3ebafcc2.jpg,00078_png.rf.a5219650e1c7dfb4597f180f3ebafcc2,0,,,,,
train,Leaf-Diseases,disease,D:\gemma4\segmentation_lattuce-desease\Roboflow_Dataset\train\Leaf-Diseases\00079_png.rf.0581162d81e258d5d563c936b04520d0.jpg,00079_png.rf.0581162d81e258d5d563c936b04520d0,0,,,,,
train,Leaf-Diseases,disease,D:\gemma4\segmentation_lattuce-desease\Roboflow_Dataset\train\Leaf-Diseases\00079_png.rf.7177457bd02bc58fd36cc21ea6669e6b.jpg,00079_png.rf.7177457bd02bc58fd36cc21ea6669e6b,0,,,,,
train,Leaf-Diseases,disease,D:\gemma4\segmentation_lattuce-desease\Roboflow_Dataset\train\Leaf-Diseases\00079_png.rf.df4fd112ee2d8785cd0098e8d5a4b1f3.jpg,00079_png.rf.df4fd112ee2d8785cd0098e8d5a4b1f3,0,,,,,
train,Leaf-Diseases,disease,D:\gemma4\segmentation_lattuce-desease\Roboflow_Dataset\train\Leaf-Diseases\00080_png.rf.0dc5889b4309a8cc9c8adc4002681a4b.jpg,00080_png.rf.0dc5889b4309a8cc9c8adc4002681a4b,0,,,,,
train,Leaf-Diseases,disease,D:\gemma4\segmentation_lattuce-desease\Roboflow_Dataset\train\Leaf-Diseases\00080_png.rf.1310db75809f3d71e35c14b41b49913b.jpg,00080_png.rf.1310db75809f3d71e35c14b41b49913b,0,,,,,
train,Leaf-Diseases,disease,D:\gemma4\segmentation_lattuce-desease\Roboflow_Dataset\train\Leaf-Diseases\00080_png.rf.e16937eb53dac9d3de5ea82abd4860ba.jpg,00080_png.rf.e16937eb53dac9d3de5ea82abd4860ba,0,,,,,
train,Leaf-Diseases,disease,D:\gemma4\segmentation_lattuce-desease\Roboflow_Dataset\train\Leaf-Diseases\00081_png.rf.a85f4d9e54265a16a439b2c7ad9544a7.jpg,00081_png.rf.a85f4d9e54265a16a439b2c7ad9544a7,0,,,,,
train,Leaf-Diseases,disease,D:\gemma4\segmentation_lattuce-desease\Roboflow_Dataset\train\Leaf-Diseases\00081_png.rf.f6603e633b4d9a6f4e70a34721b04fa4.jpg,00081_png.rf.f6603e633b4d9a6f4e70a34721b04fa4,0,,,,,
train,Leaf-Diseases,disease,D:\gemma4\segmentation_lattuce-desease\Roboflow_Dataset\train\Leaf-Diseases\00081_png.rf.fe8794c771abc3c37b58b5cef06f3e5a.jpg,00081_png.rf.fe8794c771abc3c37b58b5cef06f3e5a,0,,,,,
train,Leaf-Diseases,disease,D:\gemma4\segmentation_lattuce-desease\Roboflow_Dataset\train\Leaf-Diseases\00082_png.rf.30e0777fa147174ebeef15bab288aa5d.jpg,00082_png.rf.30e0777fa147174ebeef15bab288aa5d,0,,,,,
train,Leaf-Diseases,disease,D:\gemma4\segmentation_lattuce-desease\Roboflow_Dataset\train\Leaf-Diseases\00082_png.rf.9ad890da31fa757b423572d54f88752f.jpg,00082_png.rf.9ad890da31fa757b423572d54f88752f,0,,,,,
train,Leaf-Diseases,disease,D:\gemma4\segmentation_lattuce-desease\Roboflow_Dataset\train\Leaf-Diseases\00082_png.rf.cc886b136d4cdceea6fb9df6d8f7af1b.jpg,00082_png.rf.cc886b136d4cdceea6fb9df6d8f7af1b,0,,,,,
train,Leaf-Diseases,disease,D:\gemma4\segmentation_lattuce-desease\Roboflow_Dataset\train\Leaf-Diseases\00083_png.rf.6be2e4ba1fd92d0e4e6eaa1542e5a789.jpg,00083_png.rf.6be2e4ba1fd92d0e4e6eaa1542e5a789,0,,,,,
train,Leaf-Diseases,disease,D:\gemma4\segmentation_lattuce-desease\Roboflow_Dataset\train\Leaf-Diseases\00083_png.rf.a01e3758cbe8834a6c20b95c063399f7.jpg,00083_png.rf.a01e3758cbe8834a6c20b95c063399f7,0,,,,,
train,Leaf-Diseases,disease,D:\gemma4\segmentation_lattuce-desease\Roboflow_Dataset\train\Leaf-Diseases\00083_png.rf.af1163b9f7174843b4350d8e13042b50.jpg,00083_png.rf.af1163b9f7174843b4350d8e13042b50,0,,,,,
train,Leaf-Diseases,disease,D:\gemma4\segmentation_lattuce-desease\Roboflow_Dataset\train\Leaf-Diseases\00084_png.rf.a6418362fefc98a695839fb18e6fb349.jpg,00084_png.rf.a6418362fefc98a695839fb18e6fb349,0,,,,,
train,Leaf-Diseases,disease,D:\gemma4\segmentation_lattuce-desease\Roboflow_Dataset\train\Leaf-Diseases\00084_png.rf.f0f5380987e6350124724fc4d0747970.jpg,00084_png.rf.f0f5380987e6350124724fc4d0747970,0,,,,,
train,Leaf-Diseases,disease,D:\gemma4\segmentation_lattuce-desease\Roboflow_Dataset\train\Leaf-Diseases\00084_png.rf.fba663a598b26eff4a8c6750bd3120bf.jpg,00084_png.rf.fba663a598b26eff4a8c6750bd3120bf,0,,,,,
train,Leaf-Diseases,disease,D:\gemma4\segmentation_lattuce-desease\Roboflow_Dataset\train\Leaf-Diseases\00085_png.rf.0dda41a0e777c5d52ec015d6fae1b08b.jpg,00085_png.rf.0dda41a0e777c5d52ec015d6fae1b08b,0,,,,,
train,Leaf-Diseases,disease,D:\gemma4\segmentation_lattuce-desease\Roboflow_Dataset\train\Leaf-Diseases\00085_png.rf.7ab3c7495327300a67c1af610aa72d18.jpg,00085_png.rf.7ab3c7495327300a67c1af610aa72d18,0,,,,,
train,Leaf-Diseases,disease,D:\gemma4\segmentation_lattuce-desease\Roboflow_Dataset\train\Leaf-Diseases\00085_png.rf.a7dd16dfcea630bdb118d54c31a50dac.jpg,00085_png.rf.a7dd16dfcea630bdb118d54c31a50dac,0,,,,,
train,Leaf-Diseases,disease,D:\gemma4\segmentation_lattuce-desease\Roboflow_Dataset\train\Leaf-Diseases\00086_png.rf.958c44b34fbb5474fc944a3db1e9c4d7.jpg,00086_png.rf.958c44b34fbb5474fc944a3db1e9c4d7,0,,,,,
train,Leaf-Diseases,disease,D:\gemma4\segmentation_lattuce-desease\Roboflow_Dataset\train\Leaf-Diseases\00086_png.rf.eb48dfb1239ec9960898108cf65ed55e.jpg,00086_png.rf.eb48dfb1239ec9960898108cf65ed55e,0,,,,,
train,Leaf-Diseases,disease,D:\gemma4\segmentation_lattuce-desease\Roboflow_Dataset\train\Leaf-Diseases\00086_png.rf.f4d72f0517b843cff81c4851e0747615.jpg,00086_png.rf.f4d72f0517b843cff81c4851e0747615,0,,,,,
train,Leaf-Diseases,disease,D:\gemma4\segmentation_lattuce-desease\Roboflow_Dataset\train\Leaf-Diseases\00087_png.rf.8212e6e182251494b41a04d283fb86ba.jpg,00087_png.rf.8212e6e182251494b41a04d283fb86ba,0,,,,,
train,Leaf-Diseases,disease,D:\gemma4\segmentation_lattuce-desease\Roboflow_Dataset\train\Leaf-Diseases\00087_png.rf.89a73b2173b7847f82ecfd2a626f2d7b.jpg,00087_png.rf.89a73b2173b7847f82ecfd2a626f2d7b,0,,,,,
train,Leaf-Diseases,disease,D:\gemma4\segmentation_lattuce-desease\Roboflow_Dataset\train\Leaf-Diseases\00087_png.rf.e8a5b1714af4261a898e3d6064362bb4.jpg,00087_png.rf.e8a5b1714af4261a898e3d6064362bb4,0,,,,,
train,Leaf-Diseases,disease,D:\gemma4\segmentation_lattuce-desease\Roboflow_Dataset\train\Leaf-Diseases\00088_png.rf.bc1e6cd33e1620906566d301fd1e88fe.jpg,00088_png.rf.bc1e6cd33e1620906566d301fd1e88fe,0,,,,,
train,Leaf-Diseases,disease,D:\gemma4\segmentation_lattuce-desease\Roboflow_Dataset\train\Leaf-Diseases\00088_png.rf.d27c8808653f3a0f4ebb7426538f6942.jpg,00088_png.rf.d27c8808653f3a0f4ebb7426538f6942,0,,,,,
train,Leaf-Diseases,disease,D:\gemma4\segmentation_lattuce-desease\Roboflow_Dataset\train\Leaf-Diseases\00088_png.rf.f1e23d1223432f3bf0446e5ed5f2ba7d.jpg,00088_png.rf.f1e23d1223432f3bf0446e5ed5f2ba7d,0,,,,,
train,Leaf-Diseases,disease,D:\gemma4\segmentation_lattuce-desease\Roboflow_Dataset\train\Leaf-Diseases\00089_png.rf.528c3132c6dc2e42cf5bffd90d223fc8.jpg,00089_png.rf.528c3132c6dc2e42cf5bffd90d223fc8,0,,,,,
train,Leaf-Diseases,disease,D:\gemma4\segmentation_lattuce-desease\Roboflow_Dataset\train\Leaf-Diseases\00089_png.rf.9eb7c4f296849dc5e49dbedb496f16de.jpg,00089_png.rf.9eb7c4f296849dc5e49dbedb496f16de,0,,,,,
train,Leaf-Diseases,disease,D:\gemma4\segmentation_lattuce-desease\Roboflow_Dataset\train\Leaf-Diseases\00089_png.rf.bb50f848510e19fc2611580df7dc789b.jpg,00089_png.rf.bb50f848510e19fc2611580df7dc789b,0,,,,,
train,Leaf-Diseases,disease,D:\gemma4\segmentation_lattuce-desease\Roboflow_Dataset\train\Leaf-Diseases\00090_png.rf.44f31ab46222969cc26e762cd01a685a.jpg,00090_png.rf.44f31ab46222969cc26e762cd01a685a,0,,,,,
train,Leaf-Diseases,disease,D:\gemma4\segmentation_lattuce-desease\Roboflow_Dataset\train\Leaf-Diseases\00090_png.rf.e09e8440a557c41773e6ccb5a6bf6fa5.jpg,00090_png.rf.e09e8440a557c41773e6ccb5a6bf6fa5,0,,,,,
train,Leaf-Diseases,disease,D:\gemma4\segmentation_lattuce-desease\Roboflow_Dataset\train\Leaf-Diseases\00090_png.rf.e6d3fc3ed208be4b4f3bc578522a46b0.jpg,00090_png.rf.e6d3fc3ed208be4b4f3bc578522a46b0,0,,,,,
train,Leaf-Diseases,disease,D:\gemma4\segmentation_lattuce-desease\Roboflow_Dataset\train\Leaf-Diseases\00091_png.rf.4a2489e4337ca1f1175e002181b7a2f0.jpg,00091_png.rf.4a2489e4337ca1f1175e002181b7a2f0,0,,,,,
train,Leaf-Diseases,disease,D:\gemma4\segmentation_lattuce-desease\Roboflow_Dataset\train\Leaf-Diseases\00091_png.rf.4e704c625adf55a56f7b1aedb2c0121b.jpg,00091_png.rf.4e704c625adf55a56f7b1aedb2c0121b,0,,,,,
train,Leaf-Diseases,disease,D:\gemma4\segmentation_lattuce-desease\Roboflow_Dataset\train\Leaf-Diseases\00091_png.rf.9661d0e3cf5d476166876e68a39cc6d8.jpg,00091_png.rf.9661d0e3cf5d476166876e68a39cc6d8,0,,,,,
train,Leaf-Diseases,disease,D:\gemma4\segmentation_lattuce-desease\Roboflow_Dataset\train\Leaf-Diseases\00092_png.rf.bcf3ec2978f49eb98e8a845bb2275afa.jpg,00092_png.rf.bcf3ec2978f49eb98e8a845bb2275afa,0,,,,,
train,Leaf-Diseases,disease,D:\gemma4\segmentation_lattuce-desease\Roboflow_Dataset\train\Leaf-Diseases\00092_png.rf.e85dc6c520716351a8fa3325daea9037.jpg,00092_png.rf.e85dc6c520716351a8fa3325daea9037,0,,,,,
train,Leaf-Diseases,disease,D:\gemma4\segmentation_lattuce-desease\Roboflow_Dataset\train\Leaf-Diseases\00092_png.rf.fd81f94ea92a26d3d8db55f9236bd538.jpg,00092_png.rf.fd81f94ea92a26d3d8db55f9236bd538,0,,,,,
train,Leaf-Diseases,disease,D:\gemma4\segmentation_lattuce-desease\Roboflow_Dataset\train\Leaf-Diseases\00093_png.rf.636697536f167464704b87bfe7b706c8.jpg,00093_png.rf.636697536f167464704b87bfe7b706c8,0,,,,,
train,Leaf-Diseases,disease,D:\gemma4\segmentation_lattuce-desease\Roboflow_Dataset\train\Leaf-Diseases\00093_png.rf.abb440432a280f1abd8cb4317ba32e6e.jpg,00093_png.rf.abb440432a280f1abd8cb4317ba32e6e,0,,,,,
train,Leaf-Diseases,disease,D:\gemma4\segmentation_lattuce-desease\Roboflow_Dataset\train\Leaf-Diseases\00093_png.rf.b2fb93d546c3eed1d22b14aa65139da7.jpg,00093_png.rf.b2fb93d546c3eed1d22b14aa65139da7,0,,,,,
train,Leaf-Diseases,disease,D:\gemma4\segmentation_lattuce-desease\Roboflow_Dataset\train\Leaf-Diseases\00094_png.rf.99950fa999f63a56e8d7e916de95f636.jpg,00094_png.rf.99950fa999f63a56e8d7e916de95f636,0,,,,,
train,Leaf-Diseases,disease,D:\gemma4\segmentation_lattuce-desease\Roboflow_Dataset\train\Leaf-Diseases\00094_png.rf.ba18a88843db210944fd7ff40604e68f.jpg,00094_png.rf.ba18a88843db210944fd7ff40604e68f,0,,,,,
train,Leaf-Diseases,disease,D:\gemma4\segmentation_lattuce-desease\Roboflow_Dataset\train\Leaf-Diseases\00094_png.rf.cfa1c4afcde58507806b3bb8178dc7bc.jpg,00094_png.rf.cfa1c4afcde58507806b3bb8178dc7bc,0,,,,,
train,Leaf-Diseases,disease,D:\gemma4\segmentation_lattuce-desease\Roboflow_Dataset\train\Leaf-Diseases\00095_png.rf.67fd28a1d4d0674be33496b2519fc7a4.jpg,00095_png.rf.67fd28a1d4d0674be33496b2519fc7a4,0,,,,,
train,Leaf-Diseases,disease,D:\gemma4\segmentation_lattuce-desease\Roboflow_Dataset\train\Leaf-Diseases\00095_png.rf.8b00568201d3bd0e922ba4a0056cb3c9.jpg,00095_png.rf.8b00568201d3bd0e922ba4a0056cb3c9,0,,,,,
train,Leaf-Diseases,disease,D:\gemma4\segmentation_lattuce-desease\Roboflow_Dataset\train\Leaf-Diseases\00095_png.rf.e5ece8b57efce0ed95c831a495eb18c8.jpg,00095_png.rf.e5ece8b57efce0ed95c831a495eb18c8,0,,,,,
train,Leaf-Diseases,disease,D:\gemma4\segmentation_lattuce-desease\Roboflow_Dataset\train\Leaf-Diseases\00096_png.rf.4060ae2dbdf41dcc13f97edbe3643a23.jpg,00096_png.rf.4060ae2dbdf41dcc13f97edbe3643a23,0,,,,,
train,Leaf-Diseases,disease,D:\gemma4\segmentation_lattuce-desease\Roboflow_Dataset\train\Leaf-Diseases\00096_png.rf.aa523542e1e2c592d9809800f2d9f7c3.jpg,00096_png.rf.aa523542e1e2c592d9809800f2d9f7c3,0,,,,,
train,Leaf-Diseases,disease,D:\gemma4\segmentation_lattuce-desease\Roboflow_Dataset\train\Leaf-Diseases\00096_png.rf.e746bc941f190c21f8053d7f56b51077.jpg,00096_png.rf.e746bc941f190c21f8053d7f56b51077,0,,,,,
train,Leaf-Diseases,disease,D:\gemma4\segmentation_lattuce-desease\Roboflow_Dataset\train\Leaf-Diseases\00097_png.rf.85bd2acbc2601a96969d0dfc142fc5b5.jpg,00097_png.rf.85bd2acbc2601a96969d0dfc142fc5b5,0,,,,,
train,Leaf-Diseases,disease,D:\gemma4\segmentation_lattuce-desease\Roboflow_Dataset\train\Leaf-Diseases\00097_png.rf.9bd0344c149830d692d673b3f2ec5da8.jpg,00097_png.rf.9bd0344c149830d692d673b3f2ec5da8,0,,,,,
train,Leaf-Diseases,disease,D:\gemma4\segmentation_lattuce-desease\Roboflow_Dataset\train\Leaf-Diseases\00097_png.rf.9e069a0b6eb6dcf332ecf6504bb46eeb.jpg,00097_png.rf.9e069a0b6eb6dcf332ecf6504bb46eeb,0,,,,,
train,Leaf-Diseases,disease,D:\gemma4\segmentation_lattuce-desease\Roboflow_Dataset\train\Leaf-Diseases\00098_png.rf.340b7afd1c447ae11b3f3cb395ef7425.jpg,00098_png.rf.340b7afd1c447ae11b3f3cb395ef7425,0,,,,,
train,Leaf-Diseases,disease,D:\gemma4\segmentation_lattuce-desease\Roboflow_Dataset\train\Leaf-Diseases\00098_png.rf.75e4fa7c3122e89a3599db6fb7e40a15.jpg,00098_png.rf.75e4fa7c3122e89a3599db6fb7e40a15,0,,,,,
train,Leaf-Diseases,disease,D:\gemma4\segmentation_lattuce-desease\Roboflow_Dataset\train\Leaf-Diseases\00098_png.rf.db63f04bd5592ccece770720b52f8392.jpg,00098_png.rf.db63f04bd5592ccece770720b52f8392,0,,,,,
train,Leaf-Diseases,disease,D:\gemma4\segmentation_lattuce-desease\Roboflow_Dataset\train\Leaf-Diseases\00099_png.rf.36912e37e3f012efe978c2850e6c9354.jpg,00099_png.rf.36912e37e3f012efe978c2850e6c9354,0,,,,,
train,Leaf-Diseases,disease,D:\gemma4\segmentation_lattuce-desease\Roboflow_Dataset\train\Leaf-Diseases\00099_png.rf.373bd6f1a96337409df64fcfa0be3efe.jpg,00099_png.rf.373bd6f1a96337409df64fcfa0be3efe,0,,,,,
train,Leaf-Diseases,disease,D:\gemma4\segmentation_lattuce-desease\Roboflow_Dataset\train\Leaf-Diseases\00099_png.rf.b3687b6aa0cf97b822e38a9ab3847a2c.jpg,00099_png.rf.b3687b6aa0cf97b822e38a9ab3847a2c,0,,,,,
train,Leaf-Diseases,disease,D:\gemma4\segmentation_lattuce-desease\Roboflow_Dataset\train\Leaf-Diseases\00100_png.rf.103a10b62a9995b600b9b97c3171ad51.jpg,00100_png.rf.103a10b62a9995b600b9b97c3171ad51,0,,,,,
train,Leaf-Diseases,disease,D:\gemma4\segmentation_lattuce-desease\Roboflow_Dataset\train\Leaf-Diseases\00100_png.rf.bd71d0e06c2810d79f0d5197f2288b5d.jpg,00100_png.rf.bd71d0e06c2810d79f0d5197f2288b5d,0,,,,,
train,Leaf-Diseases,disease,D:\gemma4\segmentation_lattuce-desease\Roboflow_Dataset\train\Leaf-Diseases\00100_png.rf.fdd75b67bb7f94f2584fadb9f80e79ec.jpg,00100_png.rf.fdd75b67bb7f94f2584fadb9f80e79ec,0,,,,,
train,Leaf-Diseases,disease,D:\gemma4\segmentation_lattuce-desease\Roboflow_Dataset\train\Leaf-Diseases\00101_png.rf.67f61fc72b040dbb28562377805e2a74.jpg,00101_png.rf.67f61fc72b040dbb28562377805e2a74,0,,,,,
train,Leaf-Diseases,disease,D:\gemma4\segmentation_lattuce-desease\Roboflow_Dataset\train\Leaf-Diseases\00101_png.rf.c6f52326aee1f23cc03b84f9ad65ac20.jpg,00101_png.rf.c6f52326aee1f23cc03b84f9ad65ac20,0,,,,,
train,Leaf-Diseases,disease,D:\gemma4\segmentation_lattuce-desease\Roboflow_Dataset\train\Leaf-Diseases\00101_png.rf.e0fcf54d99240f736e369cefc3025579.jpg,00101_png.rf.e0fcf54d99240f736e369cefc3025579,0,,,,,
train,Leaf-Diseases,disease,D:\gemma4\segmentation_lattuce-desease\Roboflow_Dataset\train\Leaf-Diseases\00102_png.rf.27aebb0b472e07fbe31eb842b7e9ba99.jpg,00102_png.rf.27aebb0b472e07fbe31eb842b7e9ba99,0,,,,,
train,Leaf-Diseases,disease,D:\gemma4\segmentation_lattuce-desease\Roboflow_Dataset\train\Leaf-Diseases\00102_png.rf.30f24ab9038eccc66be5e9307f76cc74.jpg,00102_png.rf.30f24ab9038eccc66be5e9307f76cc74,0,,,,,
train,Leaf-Diseases,disease,D:\gemma4\segmentation_lattuce-desease\Roboflow_Dataset\train\Leaf-Diseases\00102_png.rf.635794121511a5f504a44de25423995c.jpg,00102_png.rf.635794121511a5f504a44de25423995c,0,,,,,
train,Leaf-Diseases,disease,D:\gemma4\segmentation_lattuce-desease\Roboflow_Dataset\train\Leaf-Diseases\00103_png.rf.07bdfa3cbdb1a4c3048b6378ce97af23.jpg,00103_png.rf.07bdfa3cbdb1a4c3048b6378ce97af23,0,,,,,
train,Leaf-Diseases,disease,D:\gemma4\segmentation_lattuce-desease\Roboflow_Dataset\train\Leaf-Diseases\00103_png.rf.786f8422cb5b24297b43f6a7a1c15a3b.jpg,00103_png.rf.786f8422cb5b24297b43f6a7a1c15a3b,0,,,,,
train,Leaf-Diseases,disease,D:\gemma4\segmentation_lattuce-desease\Roboflow_Dataset\train\Leaf-Diseases\00103_png.rf.b0da22aad121acbece26a357964e1865.jpg,00103_png.rf.b0da22aad121acbece26a357964e1865,0,,,,,
train,Leaf-Diseases,disease,D:\gemma4\segmentation_lattuce-desease\Roboflow_Dataset\train\Leaf-Diseases\00104_png.rf.0e3b7357b8ed60c8f3015bce32e6c3d5.jpg,00104_png.rf.0e3b7357b8ed60c8f3015bce32e6c3d5,0,,,,,
train,Leaf-Diseases,disease,D:\gemma4\segmentation_lattuce-desease\Roboflow_Dataset\train\Leaf-Diseases\00104_png.rf.f4c6582958f113d7199d7f33d178456e.jpg,00104_png.rf.f4c6582958f113d7199d7f33d178456e,0,,,,,
train,Leaf-Diseases,disease,D:\gemma4\segmentation_lattuce-desease\Roboflow_Dataset\train\Leaf-Diseases\00104_png.rf.f975767a3540bc4b5a747160319b9332.jpg,00104_png.rf.f975767a3540bc4b5a747160319b9332,0,,,,,
train,Leaf-Diseases,disease,D:\gemma4\segmentation_lattuce-desease\Roboflow_Dataset\train\Leaf-Diseases\00105_png.rf.291ea3d41b05683f84972ef0067b71f3.jpg,00105_png.rf.291ea3d41b05683f84972ef0067b71f3,0,,,,,
train,Leaf-Diseases,disease,D:\gemma4\segmentation_lattuce-desease\Roboflow_Dataset\train\Leaf-Diseases\00105_png.rf.6ff4342f33ba5c8450fd0c94b21b596c.jpg,00105_png.rf.6ff4342f33ba5c8450fd0c94b21b596c,0,,,,,
train,Leaf-Diseases,disease,D:\gemma4\segmentation_lattuce-desease\Roboflow_Dataset\train\Leaf-Diseases\00105_png.rf.d4bcd599e4700c8c81551bdcc762cceb.jpg,00105_png.rf.d4bcd599e4700c8c81551bdcc762cceb,0,,,,,
train,Leaf-Diseases,disease,D:\gemma4\segmentation_lattuce-desease\Roboflow_Dataset\train\Leaf-Diseases\00106_png.rf.24d80f832cd0e3c5790f521869126e41.jpg,00106_png.rf.24d80f832cd0e3c5790f521869126e41,0,,,,,
train,Leaf-Diseases,disease,D:\gemma4\segmentation_lattuce-desease\Roboflow_Dataset\train\Leaf-Diseases\00106_png.rf.376c9846166949285cb1148b70201abe.jpg,00106_png.rf.376c9846166949285cb1148b70201abe,0,,,,,
train,Leaf-Diseases,disease,D:\gemma4\segmentation_lattuce-desease\Roboflow_Dataset\train\Leaf-Diseases\00106_png.rf.3fa1f9da8c62fdd0bbd909c0e5a2d080.jpg,00106_png.rf.3fa1f9da8c62fdd0bbd909c0e5a2d080,0,,,,,
train,Leaf-Diseases,disease,D:\gemma4\segmentation_lattuce-desease\Roboflow_Dataset\train\Leaf-Diseases\00107_png.rf.73a9a4b123dc273f6fc8b5fd16ef628f.jpg,00107_png.rf.73a9a4b123dc273f6fc8b5fd16ef628f,0,,,,,
train,Leaf-Diseases,disease,D:\gemma4\segmentation_lattuce-desease\Roboflow_Dataset\train\Leaf-Diseases\00107_png.rf.bb1de4c88a29ec497d20683500f34775.jpg,00107_png.rf.bb1de4c88a29ec497d20683500f34775,0,,,,,
train,Leaf-Diseases,disease,D:\gemma4\segmentation_lattuce-desease\Roboflow_Dataset\train\Leaf-Diseases\00107_png.rf.d726596c1105730b755c19bd8f3e3cce.jpg,00107_png.rf.d726596c1105730b755c19bd8f3e3cce,0,,,,,
train,Leaf-Diseases,disease,D:\gemma4\segmentation_lattuce-desease\Roboflow_Dataset\train\Leaf-Diseases\00108_png.rf.1676c54521e0200dd3a1c901258cc1e8.jpg,00108_png.rf.1676c54521e0200dd3a1c901258cc1e8,0,,,,,
train,Leaf-Diseases,disease,D:\gemma4\segmentation_lattuce-desease\Roboflow_Dataset\train\Leaf-Diseases\00108_png.rf.3b3941364fc871962eb71fa1a215c29f.jpg,00108_png.rf.3b3941364fc871962eb71fa1a215c29f,0,,,,,
train,Leaf-Diseases,disease,D:\gemma4\segmentation_lattuce-desease\Roboflow_Dataset\train\Leaf-Diseases\00108_png.rf.43b1ae4a4f0d1066bb5a26faa330c3be.jpg,00108_png.rf.43b1ae4a4f0d1066bb5a26faa330c3be,0,,,,,
train,Leaf-Diseases,disease,D:\gemma4\segmentation_lattuce-desease\Roboflow_Dataset\train\Leaf-Diseases\00109_png.rf.0fd355a01b9b2af32dbd55f9a1eda922.jpg,00109_png.rf.0fd355a01b9b2af32dbd55f9a1eda922,0,,,,,
train,Leaf-Diseases,disease,D:\gemma4\segmentation_lattuce-desease\Roboflow_Dataset\train\Leaf-Diseases\00109_png.rf.232dbc64f4a9c13e0391a64008e0040a.jpg,00109_png.rf.232dbc64f4a9c13e0391a64008e0040a,0,,,,,
train,Leaf-Diseases,disease,D:\gemma4\segmentation_lattuce-desease\Roboflow_Dataset\train\Leaf-Diseases\00109_png.rf.46b89a3ac218819d6e0ef8fe56b65226.jpg,00109_png.rf.46b89a3ac218819d6e0ef8fe56b65226,0,,,,,
train,Leaf-Diseases,disease,D:\gemma4\segmentation_lattuce-desease\Roboflow_Dataset\train\Leaf-Diseases\00110_png.rf.a804a86f344ba6b2669aaad28dfc3512.jpg,00110_png.rf.a804a86f344ba6b2669aaad28dfc3512,0,,,,,
train,Leaf-Diseases,disease,D:\gemma4\segmentation_lattuce-desease\Roboflow_Dataset\train\Leaf-Diseases\00110_png.rf.ca891e6f843042e665641438cf530449.jpg,00110_png.rf.ca891e6f843042e665641438cf530449,0,,,,,
train,Leaf-Diseases,disease,D:\gemma4\segmentation_lattuce-desease\Roboflow_Dataset\train\Leaf-Diseases\00110_png.rf.dc3ffc18f59b7c444b92f60b00b336c2.jpg,00110_png.rf.dc3ffc18f59b7c444b92f60b00b336c2,0,,,,,
train,Leaf-Diseases,disease,D:\gemma4\segmentation_lattuce-desease\Roboflow_Dataset\train\Leaf-Diseases\00111_png.rf.2cbf862b67e1b55c64dd49cdf9d08734.jpg,00111_png.rf.2cbf862b67e1b55c64dd49cdf9d08734,0,,,,,
train,Leaf-Diseases,disease,D:\gemma4\segmentation_lattuce-desease\Roboflow_Dataset\train\Leaf-Diseases\00111_png.rf.531daa7e9b9af96d7cbe9d1623bfc6d0.jpg,00111_png.rf.531daa7e9b9af96d7cbe9d1623bfc6d0,0,,,,,
train,Leaf-Diseases,disease,D:\gemma4\segmentation_lattuce-desease\Roboflow_Dataset\train\Leaf-Diseases\00111_png.rf.a26230965fdc185c95be7f6fbadc7c9d.jpg,00111_png.rf.a26230965fdc185c95be7f6fbadc7c9d,0,,,,,
train,Leaf-Diseases,disease,D:\gemma4\segmentation_lattuce-desease\Roboflow_Dataset\train\Leaf-Diseases\00112_png.rf.076b0d6906189c90e85fe0a8e350cc09.jpg,00112_png.rf.076b0d6906189c90e85fe0a8e350cc09,0,,,,,
train,Leaf-Diseases,disease,D:\gemma4\segmentation_lattuce-desease\Roboflow_Dataset\train\Leaf-Diseases\00112_png.rf.66420a342d7f4428f5e2182704a89eba.jpg,00112_png.rf.66420a342d7f4428f5e2182704a89eba,0,,,,,
train,Leaf-Diseases,disease,D:\gemma4\segmentation_lattuce-desease\Roboflow_Dataset\train\Leaf-Diseases\00112_png.rf.e7c2cba175903e4a440c8cc19cc17fad.jpg,00112_png.rf.e7c2cba175903e4a440c8cc19cc17fad,0,,,,,
train,Leaf-Diseases,disease,D:\gemma4\segmentation_lattuce-desease\Roboflow_Dataset\train\Leaf-Diseases\00113_png.rf.1ac7c0654649ab6778f33d2aae5d35de.jpg,00113_png.rf.1ac7c0654649ab6778f33d2aae5d35de,0,,,,,
train,Leaf-Diseases,disease,D:\gemma4\segmentation_lattuce-desease\Roboflow_Dataset\train\Leaf-Diseases\00113_png.rf.4b90c7074c75b8193099fbd67b7b0c25.jpg,00113_png.rf.4b90c7074c75b8193099fbd67b7b0c25,0,,,,,
train,Leaf-Diseases,disease,D:\gemma4\segmentation_lattuce-desease\Roboflow_Dataset\train\Leaf-Diseases\00113_png.rf.db4c2e48055106e711f054cc32cc0b2f.jpg,00113_png.rf.db4c2e48055106e711f054cc32cc0b2f,0,,,,,
train,Leaf-Diseases,disease,D:\gemma4\segmentation_lattuce-desease\Roboflow_Dataset\train\Leaf-Diseases\00114_png.rf.45f8fcd7b0fac9ccf74aee254bfe607c.jpg,00114_png.rf.45f8fcd7b0fac9ccf74aee254bfe607c,0,,,,,
train,Leaf-Diseases,disease,D:\gemma4\segmentation_lattuce-desease\Roboflow_Dataset\train\Leaf-Diseases\00114_png.rf.b5a8e153fd43d1748887be73f75277cd.jpg,00114_png.rf.b5a8e153fd43d1748887be73f75277cd,0,,,,,
train,Leaf-Diseases,disease,D:\gemma4\segmentation_lattuce-desease\Roboflow_Dataset\train\Leaf-Diseases\00114_png.rf.cb69f98b15d0d7b85ef62338de757595.jpg,00114_png.rf.cb69f98b15d0d7b85ef62338de757595,0,,,,,
train,Leaf-Diseases,disease,D:\gemma4\segmentation_lattuce-desease\Roboflow_Dataset\train\Leaf-Diseases\00115_png.rf.05e419c0beca0bf14ae1667dd85c6257.jpg,00115_png.rf.05e419c0beca0bf14ae1667dd85c6257,0,,,,,
train,Leaf-Diseases,disease,D:\gemma4\segmentation_lattuce-desease\Roboflow_Dataset\train\Leaf-Diseases\00115_png.rf.3462ae15767cdf51c87fbd40b2200540.jpg,00115_png.rf.3462ae15767cdf51c87fbd40b2200540,0,,,,,
train,Leaf-Diseases,disease,D:\gemma4\segmentation_lattuce-desease\Roboflow_Dataset\train\Leaf-Diseases\00115_png.rf.b56f3c9f9d302e3bce9135e8b9e27eb7.jpg,00115_png.rf.b56f3c9f9d302e3bce9135e8b9e27eb7,0,,,,,
train,Leaf-Diseases,disease,D:\gemma4\segmentation_lattuce-desease\Roboflow_Dataset\train\Leaf-Diseases\00116_png.rf.4c5ac3ae620e2d060526151885255c3a.jpg,00116_png.rf.4c5ac3ae620e2d060526151885255c3a,0,,,,,
train,Leaf-Diseases,disease,D:\gemma4\segmentation_lattuce-desease\Roboflow_Dataset\train\Leaf-Diseases\00116_png.rf.8966cce265f3ca6be43ee788cce015e2.jpg,00116_png.rf.8966cce265f3ca6be43ee788cce015e2,0,,,,,
train,Leaf-Diseases,disease,D:\gemma4\segmentation_lattuce-desease\Roboflow_Dataset\train\Leaf-Diseases\00116_png.rf.edb2ff912079de0889d92f579fe46c27.jpg,00116_png.rf.edb2ff912079de0889d92f579fe46c27,0,,,,,
train,Leaf-Diseases,disease,D:\gemma4\segmentation_lattuce-desease\Roboflow_Dataset\train\Leaf-Diseases\00117_png.rf.0ff8215905cc0bf7b9734710e5dd99ef.jpg,00117_png.rf.0ff8215905cc0bf7b9734710e5dd99ef,0,,,,,
train,Leaf-Diseases,disease,D:\gemma4\segmentation_lattuce-desease\Roboflow_Dataset\train\Leaf-Diseases\00117_png.rf.1e4617fa580b7496a739353dfab739ba.jpg,00117_png.rf.1e4617fa580b7496a739353dfab739ba,0,,,,,
train,Leaf-Diseases,disease,D:\gemma4\segmentation_lattuce-desease\Roboflow_Dataset\train\Leaf-Diseases\00117_png.rf.e471e0462ef7235b684dfeba3cccc610.jpg,00117_png.rf.e471e0462ef7235b684dfeba3cccc610,0,,,,,
train,Leaf-Diseases,disease,D:\gemma4\segmentation_lattuce-desease\Roboflow_Dataset\train\Leaf-Diseases\00118_png.rf.5e660ed3270cdcc36596db27620e854d.jpg,00118_png.rf.5e660ed3270cdcc36596db27620e854d,0,,,,,
train,Leaf-Diseases,disease,D:\gemma4\segmentation_lattuce-desease\Roboflow_Dataset\train\Leaf-Diseases\00118_png.rf.6731b2a8ae1075e71d3fc6c6092d48e3.jpg,00118_png.rf.6731b2a8ae1075e71d3fc6c6092d48e3,0,,,,,
train,Leaf-Diseases,disease,D:\gemma4\segmentation_lattuce-desease\Roboflow_Dataset\train\Leaf-Diseases\00118_png.rf.bed1a13609b3d99ba2b8f9f193dcf28f.jpg,00118_png.rf.bed1a13609b3d99ba2b8f9f193dcf28f,0,,,,,
train,Leaf-Diseases,disease,D:\gemma4\segmentation_lattuce-desease\Roboflow_Dataset\train\Leaf-Diseases\00119_png.rf.61bb85870b972d45721f9da3a62deabd.jpg,00119_png.rf.61bb85870b972d45721f9da3a62deabd,0,,,,,
train,Leaf-Diseases,disease,D:\gemma4\segmentation_lattuce-desease\Roboflow_Dataset\train\Leaf-Diseases\00119_png.rf.e8d6d722e756393bdfe804368c94f9e0.jpg,00119_png.rf.e8d6d722e756393bdfe804368c94f9e0,0,,,,,
train,Leaf-Diseases,disease,D:\gemma4\segmentation_lattuce-desease\Roboflow_Dataset\train\Leaf-Diseases\00119_png.rf.f284d941129610913b2d0060aa3c6c44.jpg,00119_png.rf.f284d941129610913b2d0060aa3c6c44,0,,,,,
train,Leaf-Diseases,disease,D:\gemma4\segmentation_lattuce-desease\Roboflow_Dataset\train\Leaf-Diseases\00120_png.rf.3d9f74722de8ea4b8dfa4cf56819fb09.jpg,00120_png.rf.3d9f74722de8ea4b8dfa4cf56819fb09,0,,,,,
train,Leaf-Diseases,disease,D:\gemma4\segmentation_lattuce-desease\Roboflow_Dataset\train\Leaf-Diseases\00120_png.rf.5b86ec609a519ddf73e5cfb92b12c2f3.jpg,00120_png.rf.5b86ec609a519ddf73e5cfb92b12c2f3,0,,,,,
train,Leaf-Diseases,disease,D:\gemma4\segmentation_lattuce-desease\Roboflow_Dataset\train\Leaf-Diseases\00120_png.rf.c543c8df83d86d1b0db084729b66c2bb.jpg,00120_png.rf.c543c8df83d86d1b0db084729b66c2bb,0,,,,,
train,Leaf-Diseases,disease,D:\gemma4\segmentation_lattuce-desease\Roboflow_Dataset\train\Leaf-Diseases\00121_png.rf.1f25d7e57ca3a8b37e5b93cb3cb9edf1.jpg,00121_png.rf.1f25d7e57ca3a8b37e5b93cb3cb9edf1,0,,,,,
train,Leaf-Diseases,disease,D:\gemma4\segmentation_lattuce-desease\Roboflow_Dataset\train\Leaf-Diseases\00121_png.rf.6488393fe7a6c66d8bb054c00f5a94de.jpg,00121_png.rf.6488393fe7a6c66d8bb054c00f5a94de,0,,,,,
train,Leaf-Diseases,disease,D:\gemma4\segmentation_lattuce-desease\Roboflow_Dataset\train\Leaf-Diseases\00121_png.rf.f2165ab7cef0231099ce33c80e12fd10.jpg,00121_png.rf.f2165ab7cef0231099ce33c80e12fd10,0,,,,,
train,Leaf-Diseases,disease,D:\gemma4\segmentation_lattuce-desease\Roboflow_Dataset\train\Leaf-Diseases\00122_png.rf.14272f05024e8af63e56c0d09fe52bf9.jpg,00122_png.rf.14272f05024e8af63e56c0d09fe52bf9,0,,,,,
train,Leaf-Diseases,disease,D:\gemma4\segmentation_lattuce-desease\Roboflow_Dataset\train\Leaf-Diseases\00122_png.rf.59fba463b5e1dd4fd478e49c11f0e4a3.jpg,00122_png.rf.59fba463b5e1dd4fd478e49c11f0e4a3,0,,,,,
train,Leaf-Diseases,disease,D:\gemma4\segmentation_lattuce-desease\Roboflow_Dataset\train\Leaf-Diseases\00122_png.rf.8a68b06b679a326387b737ee1f702552.jpg,00122_png.rf.8a68b06b679a326387b737ee1f702552,0,,,,,
train,Leaf-Diseases,disease,D:\gemma4\segmentation_lattuce-desease\Roboflow_Dataset\train\Leaf-Diseases\00123_png.rf.45a48014fced5cad382baeb2811f2025.jpg,00123_png.rf.45a48014fced5cad382baeb2811f2025,0,,,,,
train,Leaf-Diseases,disease,D:\gemma4\segmentation_lattuce-desease\Roboflow_Dataset\train\Leaf-Diseases\00123_png.rf.57d2673a356fdfe77def5efd93c55062.jpg,00123_png.rf.57d2673a356fdfe77def5efd93c55062,0,,,,,
train,Leaf-Diseases,disease,D:\gemma4\segmentation_lattuce-desease\Roboflow_Dataset\train\Leaf-Diseases\00123_png.rf.a000a024144eb828bfd31b5b54f3ac07.jpg,00123_png.rf.a000a024144eb828bfd31b5b54f3ac07,0,,,,,
train,Leaf-Diseases,disease,D:\gemma4\segmentation_lattuce-desease\Roboflow_Dataset\train\Leaf-Diseases\00124_png.rf.56827fe1eb53ec2f83fd1929d12a086f.jpg,00124_png.rf.56827fe1eb53ec2f83fd1929d12a086f,0,,,,,
train,Leaf-Diseases,disease,D:\gemma4\segmentation_lattuce-desease\Roboflow_Dataset\train\Leaf-Diseases\00124_png.rf.7810f72bd83b92257c10771a8464d9bb.jpg,00124_png.rf.7810f72bd83b92257c10771a8464d9bb,0,,,,,
train,Leaf-Diseases,disease,D:\gemma4\segmentation_lattuce-desease\Roboflow_Dataset\train\Leaf-Diseases\00124_png.rf.808e20a3a29387d4c06c52a34db6918b.jpg,00124_png.rf.808e20a3a29387d4c06c52a34db6918b,0,,,,,
train,Leaf-Diseases,disease,D:\gemma4\segmentation_lattuce-desease\Roboflow_Dataset\train\Leaf-Diseases\00125_png.rf.42f5ced69eb2e7002bbd9476799a672b.jpg,00125_png.rf.42f5ced69eb2e7002bbd9476799a672b,0,,,,,
train,Leaf-Diseases,disease,D:\gemma4\segmentation_lattuce-desease\Roboflow_Dataset\train\Leaf-Diseases\00125_png.rf.6c32b8a7c75a45b4bad7631779a6dbf2.jpg,00125_png.rf.6c32b8a7c75a45b4bad7631779a6dbf2,0,,,,,
train,Leaf-Diseases,disease,D:\gemma4\segmentation_lattuce-desease\Roboflow_Dataset\train\Leaf-Diseases\00125_png.rf.e6de7c52afa6f6dabbc0e142f3e4d223.jpg,00125_png.rf.e6de7c52afa6f6dabbc0e142f3e4d223,0,,,,,
train,Leaf-Diseases,disease,D:\gemma4\segmentation_lattuce-desease\Roboflow_Dataset\train\Leaf-Diseases\00126_png.rf.1ab828f8dad2a0fb25f93da86e5d064b.jpg,00126_png.rf.1ab828f8dad2a0fb25f93da86e5d064b,0,,,,,
train,Leaf-Diseases,disease,D:\gemma4\segmentation_lattuce-desease\Roboflow_Dataset\train\Leaf-Diseases\00126_png.rf.9884f1ba1d2d3fd253d75ed3875428b7.jpg,00126_png.rf.9884f1ba1d2d3fd253d75ed3875428b7,0,,,,,
train,Leaf-Diseases,disease,D:\gemma4\segmentation_lattuce-desease\Roboflow_Dataset\train\Leaf-Diseases\00126_png.rf.cc6d08f19a05fd3c0a420e1db275df21.jpg,00126_png.rf.cc6d08f19a05fd3c0a420e1db275df21,0,,,,,
train,Leaf-Diseases,disease,D:\gemma4\segmentation_lattuce-desease\Roboflow_Dataset\train\Leaf-Diseases\00127_png.rf.34631a8a4d37f0b2f66f126167e617b1.jpg,00127_png.rf.34631a8a4d37f0b2f66f126167e617b1,0,,,,,
train,Leaf-Diseases,disease,D:\gemma4\segmentation_lattuce-desease\Roboflow_Dataset\train\Leaf-Diseases\00127_png.rf.f0b0faf08291ee83440a4f9810e3eefb.jpg,00127_png.rf.f0b0faf08291ee83440a4f9810e3eefb,0,,,,,
train,Leaf-Diseases,disease,D:\gemma4\segmentation_lattuce-desease\Roboflow_Dataset\train\Leaf-Diseases\00127_png.rf.f8e734f66af208ccbcff41780a25f824.jpg,00127_png.rf.f8e734f66af208ccbcff41780a25f824,0,,,,,
train,Leaf-Diseases,disease,D:\gemma4\segmentation_lattuce-desease\Roboflow_Dataset\train\Leaf-Diseases\00128_png.rf.3048613084de8dd4aa7ea73b6fd14e7d.jpg,00128_png.rf.3048613084de8dd4aa7ea73b6fd14e7d,0,,,,,
train,Leaf-Diseases,disease,D:\gemma4\segmentation_lattuce-desease\Roboflow_Dataset\train\Leaf-Diseases\00128_png.rf.6821c2940704a240c43828f104aac4cc.jpg,00128_png.rf.6821c2940704a240c43828f104aac4cc,0,,,,,
train,Leaf-Diseases,disease,D:\gemma4\segmentation_lattuce-desease\Roboflow_Dataset\train\Leaf-Diseases\00128_png.rf.7c2dde45177525a6e6fdf3eff1e47181.jpg,00128_png.rf.7c2dde45177525a6e6fdf3eff1e47181,0,,,,,
train,Leaf-Diseases,disease,D:\gemma4\segmentation_lattuce-desease\Roboflow_Dataset\train\Leaf-Diseases\00129_png.rf.7b6af04d93147d95bc9c5f04ed495b23.jpg,00129_png.rf.7b6af04d93147d95bc9c5f04ed495b23,0,,,,,
train,Leaf-Diseases,disease,D:\gemma4\segmentation_lattuce-desease\Roboflow_Dataset\train\Leaf-Diseases\00129_png.rf.84650654df2be332d679b26472751068.jpg,00129_png.rf.84650654df2be332d679b26472751068,0,,,,,
train,Leaf-Diseases,disease,D:\gemma4\segmentation_lattuce-desease\Roboflow_Dataset\train\Leaf-Diseases\00129_png.rf.93d2ff0a3eb286b7c8031228c8f9ac20.jpg,00129_png.rf.93d2ff0a3eb286b7c8031228c8f9ac20,0,,,,,
train,Leaf-Diseases,disease,D:\gemma4\segmentation_lattuce-desease\Roboflow_Dataset\train\Leaf-Diseases\00130_png.rf.3304bec63c09ff56ae80518217321123.jpg,00130_png.rf.3304bec63c09ff56ae80518217321123,0,,,,,
train,Leaf-Diseases,disease,D:\gemma4\segmentation_lattuce-desease\Roboflow_Dataset\train\Leaf-Diseases\00130_png.rf.4abb5edd885472b21f9efbedc2087182.jpg,00130_png.rf.4abb5edd885472b21f9efbedc2087182,0,,,,,
train,Leaf-Diseases,disease,D:\gemma4\segmentation_lattuce-desease\Roboflow_Dataset\train\Leaf-Diseases\00130_png.rf.934be482bf6ed86d6ea7ccc90f6ae88c.jpg,00130_png.rf.934be482bf6ed86d6ea7ccc90f6ae88c,0,,,,,
train,Leaf-Diseases,disease,D:\gemma4\segmentation_lattuce-desease\Roboflow_Dataset\train\Leaf-Diseases\00131_png.rf.01884ce6610a84a65365a0a14dee5da5.jpg,00131_png.rf.01884ce6610a84a65365a0a14dee5da5,0,,,,,
train,Leaf-Diseases,disease,D:\gemma4\segmentation_lattuce-desease\Roboflow_Dataset\train\Leaf-Diseases\00131_png.rf.0a7aba8c1e770b403fa79200816c2c10.jpg,00131_png.rf.0a7aba8c1e770b403fa79200816c2c10,0,,,,,
train,Leaf-Diseases,disease,D:\gemma4\segmentation_lattuce-desease\Roboflow_Dataset\train\Leaf-Diseases\00131_png.rf.40dbe8ff5e83006f288a3e5677919b2c.jpg,00131_png.rf.40dbe8ff5e83006f288a3e5677919b2c,0,,,,,
train,Leaf-Diseases,disease,D:\gemma4\segmentation_lattuce-desease\Roboflow_Dataset\train\Leaf-Diseases\00132_png.rf.5696ccc3a80cf0d9f62688af3dc82b74.jpg,00132_png.rf.5696ccc3a80cf0d9f62688af3dc82b74,0,,,,,
train,Leaf-Diseases,disease,D:\gemma4\segmentation_lattuce-desease\Roboflow_Dataset\train\Leaf-Diseases\00132_png.rf.7f4c0eeaecd027f86c838e771bfc705c.jpg,00132_png.rf.7f4c0eeaecd027f86c838e771bfc705c,0,,,,,
train,Leaf-Diseases,disease,D:\gemma4\segmentation_lattuce-desease\Roboflow_Dataset\train\Leaf-Diseases\00132_png.rf.870aa36138b781f11255a01047b7e371.jpg,00132_png.rf.870aa36138b781f11255a01047b7e371,0,,,,,
train,Leaf-Diseases,disease,D:\gemma4\segmentation_lattuce-desease\Roboflow_Dataset\train\Leaf-Diseases\00133_png.rf.80b8e36db0ba31817755dca45d574efd.jpg,00133_png.rf.80b8e36db0ba31817755dca45d574efd,0,,,,,
train,Leaf-Diseases,disease,D:\gemma4\segmentation_lattuce-desease\Roboflow_Dataset\train\Leaf-Diseases\00133_png.rf.d16861ca2301ae38a2c2c32b2fdd1a6f.jpg,00133_png.rf.d16861ca2301ae38a2c2c32b2fdd1a6f,0,,,,,
train,Leaf-Diseases,disease,D:\gemma4\segmentation_lattuce-desease\Roboflow_Dataset\train\Leaf-Diseases\00133_png.rf.de4e1e732a716f1e0958da83c12265e9.jpg,00133_png.rf.de4e1e732a716f1e0958da83c12265e9,0,,,,,
train,Leaf-Diseases,disease,D:\gemma4\segmentation_lattuce-desease\Roboflow_Dataset\train\Leaf-Diseases\00134_png.rf.5cafb50846f6ececbfdffb2f4c20f8ef.jpg,00134_png.rf.5cafb50846f6ececbfdffb2f4c20f8ef,0,,,,,
train,Leaf-Diseases,disease,D:\gemma4\segmentation_lattuce-desease\Roboflow_Dataset\train\Leaf-Diseases\00134_png.rf.700728726cff4da5cc9a6b1913b0395d.jpg,00134_png.rf.700728726cff4da5cc9a6b1913b0395d,0,,,,,
train,Leaf-Diseases,disease,D:\gemma4\segmentation_lattuce-desease\Roboflow_Dataset\train\Leaf-Diseases\00134_png.rf.c93410a06d5f72f52fc5595c62fc7ecd.jpg,00134_png.rf.c93410a06d5f72f52fc5595c62fc7ecd,0,,,,,
train,Leaf-Diseases,disease,D:\gemma4\segmentation_lattuce-desease\Roboflow_Dataset\train\Leaf-Diseases\00135_png.rf.65328c686f02dbd4be36fb16d11eee8d.jpg,00135_png.rf.65328c686f02dbd4be36fb16d11eee8d,0,,,,,
train,Leaf-Diseases,disease,D:\gemma4\segmentation_lattuce-desease\Roboflow_Dataset\train\Leaf-Diseases\00135_png.rf.b0f7b07b986d7cb57ad221cdd6e41366.jpg,00135_png.rf.b0f7b07b986d7cb57ad221cdd6e41366,0,,,,,
train,Leaf-Diseases,disease,D:\gemma4\segmentation_lattuce-desease\Roboflow_Dataset\train\Leaf-Diseases\00135_png.rf.fd0c5e4dec308cc9d1252b8dc4f161bb.jpg,00135_png.rf.fd0c5e4dec308cc9d1252b8dc4f161bb,0,,,,,
train,Leaf-Diseases,disease,D:\gemma4\segmentation_lattuce-desease\Roboflow_Dataset\train\Leaf-Diseases\00136_png.rf.42c8eea195bfd66c20cf00cfc98ed6d3.jpg,00136_png.rf.42c8eea195bfd66c20cf00cfc98ed6d3,0,,,,,
train,Leaf-Diseases,disease,D:\gemma4\segmentation_lattuce-desease\Roboflow_Dataset\train\Leaf-Diseases\00136_png.rf.72c102cae5bfbf0908a866ee6cf6eb19.jpg,00136_png.rf.72c102cae5bfbf0908a866ee6cf6eb19,0,,,,,
train,Leaf-Diseases,disease,D:\gemma4\segmentation_lattuce-desease\Roboflow_Dataset\train\Leaf-Diseases\00136_png.rf.7bfc4483775005f493b5937f6218c14b.jpg,00136_png.rf.7bfc4483775005f493b5937f6218c14b,0,,,,,
train,Leaf-Diseases,disease,D:\gemma4\segmentation_lattuce-desease\Roboflow_Dataset\train\Leaf-Diseases\00137_png.rf.a40fb4fd03d156d6dacc24a975cd9004.jpg,00137_png.rf.a40fb4fd03d156d6dacc24a975cd9004,0,,,,,
train,Leaf-Diseases,disease,D:\gemma4\segmentation_lattuce-desease\Roboflow_Dataset\train\Leaf-Diseases\00137_png.rf.a873667d06901cec853a1f3fd616806f.jpg,00137_png.rf.a873667d06901cec853a1f3fd616806f,0,,,,,
train,Leaf-Diseases,disease,D:\gemma4\segmentation_lattuce-desease\Roboflow_Dataset\train\Leaf-Diseases\00137_png.rf.e8eb6f0c0b8728f819061e65f9f1aabb.jpg,00137_png.rf.e8eb6f0c0b8728f819061e65f9f1aabb,0,,,,,
train,Leaf-Diseases,disease,D:\gemma4\segmentation_lattuce-desease\Roboflow_Dataset\train\Leaf-Diseases\00138_png.rf.a60ebf7584b717cd0973c89b4fa122ef.jpg,00138_png.rf.a60ebf7584b717cd0973c89b4fa122ef,0,,,,,
train,Leaf-Diseases,disease,D:\gemma4\segmentation_lattuce-desease\Roboflow_Dataset\train\Leaf-Diseases\00138_png.rf.b5d8737e07cba2ec9128bbaf3750d998.jpg,00138_png.rf.b5d8737e07cba2ec9128bbaf3750d998,0,,,,,
train,Leaf-Diseases,disease,D:\gemma4\segmentation_lattuce-desease\Roboflow_Dataset\train\Leaf-Diseases\00138_png.rf.e993f9271153a2e7901623ff22c713c8.jpg,00138_png.rf.e993f9271153a2e7901623ff22c713c8,0,,,,,
train,Leaf-Diseases,disease,D:\gemma4\segmentation_lattuce-desease\Roboflow_Dataset\train\Leaf-Diseases\00139_png.rf.46e6cb8b975aae001c09339ebc4c4ec4.jpg,00139_png.rf.46e6cb8b975aae001c09339ebc4c4ec4,0,,,,,
train,Leaf-Diseases,disease,D:\gemma4\segmentation_lattuce-desease\Roboflow_Dataset\train\Leaf-Diseases\00139_png.rf.64e973e15a749fd4c354f860a68a52ca.jpg,00139_png.rf.64e973e15a749fd4c354f860a68a52ca,0,,,,,
train,Leaf-Diseases,disease,D:\gemma4\segmentation_lattuce-desease\Roboflow_Dataset\train\Leaf-Diseases\00139_png.rf.ed9db205f41288e6b865e66542ee9419.jpg,00139_png.rf.ed9db205f41288e6b865e66542ee9419,0,,,,,
train,Leaf-Diseases,disease,D:\gemma4\segmentation_lattuce-desease\Roboflow_Dataset\train\Leaf-Diseases\00140_png.rf.11fc63926b77f08a74cb33ff0e3a352c.jpg,00140_png.rf.11fc63926b77f08a74cb33ff0e3a352c,0,,,,,
train,Leaf-Diseases,disease,D:\gemma4\segmentation_lattuce-desease\Roboflow_Dataset\train\Leaf-Diseases\00140_png.rf.c8e153cf48ffd585c196a4afca8457e2.jpg,00140_png.rf.c8e153cf48ffd585c196a4afca8457e2,0,,,,,
train,Leaf-Diseases,disease,D:\gemma4\segmentation_lattuce-desease\Roboflow_Dataset\train\Leaf-Diseases\00140_png.rf.caeeb56b8865e9a17030c68f488ada9c.jpg,00140_png.rf.caeeb56b8865e9a17030c68f488ada9c,0,,,,,
train,Leaf-Diseases,disease,D:\gemma4\segmentation_lattuce-desease\Roboflow_Dataset\train\Leaf-Diseases\00141_png.rf.24c01443b8094cf9584584d354f86daf.jpg,00141_png.rf.24c01443b8094cf9584584d354f86daf,0,,,,,
train,Leaf-Diseases,disease,D:\gemma4\segmentation_lattuce-desease\Roboflow_Dataset\train\Leaf-Diseases\00141_png.rf.9992765b4bf4fae9514cd607d8903c10.jpg,00141_png.rf.9992765b4bf4fae9514cd607d8903c10,0,,,,,
train,Leaf-Diseases,disease,D:\gemma4\segmentation_lattuce-desease\Roboflow_Dataset\train\Leaf-Diseases\00141_png.rf.a52c016a64e11b7afa962cc6af404dda.jpg,00141_png.rf.a52c016a64e11b7afa962cc6af404dda,0,,,,,
train,Leaf-Diseases,disease,D:\gemma4\segmentation_lattuce-desease\Roboflow_Dataset\train\Leaf-Diseases\00142_png.rf.41c310315ca5ef40d82ff8ef46ae7e91.jpg,00142_png.rf.41c310315ca5ef40d82ff8ef46ae7e91,0,,,,,
train,Leaf-Diseases,disease,D:\gemma4\segmentation_lattuce-desease\Roboflow_Dataset\train\Leaf-Diseases\00142_png.rf.43c33f2faf138d94222ec5061250a597.jpg,00142_png.rf.43c33f2faf138d94222ec5061250a597,0,,,,,
train,Leaf-Diseases,disease,D:\gemma4\segmentation_lattuce-desease\Roboflow_Dataset\train\Leaf-Diseases\00142_png.rf.c4184c557403cebcec9cf52d31e97e45.jpg,00142_png.rf.c4184c557403cebcec9cf52d31e97e45,0,,,,,
train,Leaf-Diseases,disease,D:\gemma4\segmentation_lattuce-desease\Roboflow_Dataset\train\Leaf-Diseases\00143_png.rf.c5c2b4c01932f28c812677981c17b53c.jpg,00143_png.rf.c5c2b4c01932f28c812677981c17b53c,0,,,,,
train,Leaf-Diseases,disease,D:\gemma4\segmentation_lattuce-desease\Roboflow_Dataset\train\Leaf-Diseases\00143_png.rf.f6571acfcfcfaca98dad0c2b97e49db5.jpg,00143_png.rf.f6571acfcfcfaca98dad0c2b97e49db5,0,,,,,
train,Leaf-Diseases,disease,D:\gemma4\segmentation_lattuce-desease\Roboflow_Dataset\train\Leaf-Diseases\00143_png.rf.fd03d68ec1fac294fa51393947c055f4.jpg,00143_png.rf.fd03d68ec1fac294fa51393947c055f4,0,,,,,
train,Leaf-Diseases,disease,D:\gemma4\segmentation_lattuce-desease\Roboflow_Dataset\train\Leaf-Diseases\00144_png.rf.03bd28869d5500b22418d2154ea3333e.jpg,00144_png.rf.03bd28869d5500b22418d2154ea3333e,0,,,,,
train,Leaf-Diseases,disease,D:\gemma4\segmentation_lattuce-desease\Roboflow_Dataset\train\Leaf-Diseases\00144_png.rf.2528f5ed418e92fa2737a56a5c78fbcd.jpg,00144_png.rf.2528f5ed418e92fa2737a56a5c78fbcd,0,,,,,
train,Leaf-Diseases,disease,D:\gemma4\segmentation_lattuce-desease\Roboflow_Dataset\train\Leaf-Diseases\00144_png.rf.27ffc3e67d1e4b250f90b1aad36c57c1.jpg,00144_png.rf.27ffc3e67d1e4b250f90b1aad36c57c1,0,,,,,
train,Leaf-Diseases,disease,D:\gemma4\segmentation_lattuce-desease\Roboflow_Dataset\train\Leaf-Diseases\00145_png.rf.3688080d2bccd5ff7ae0c0eaffec97f6.jpg,00145_png.rf.3688080d2bccd5ff7ae0c0eaffec97f6,0,,,,,
train,Leaf-Diseases,disease,D:\gemma4\segmentation_lattuce-desease\Roboflow_Dataset\train\Leaf-Diseases\00145_png.rf.48ce5a42cbf476d0e67b5635740baf8e.jpg,00145_png.rf.48ce5a42cbf476d0e67b5635740baf8e,0,,,,,
train,Leaf-Diseases,disease,D:\gemma4\segmentation_lattuce-desease\Roboflow_Dataset\train\Leaf-Diseases\00145_png.rf.50c6fe4eeade1dc1289101ee622ffa3f.jpg,00145_png.rf.50c6fe4eeade1dc1289101ee622ffa3f,0,,,,,
train,Leaf-Diseases,disease,D:\gemma4\segmentation_lattuce-desease\Roboflow_Dataset\train\Leaf-Diseases\00146_png.rf.1eb7499e491780b55500db14604aa738.jpg,00146_png.rf.1eb7499e491780b55500db14604aa738,0,,,,,
train,Leaf-Diseases,disease,D:\gemma4\segmentation_lattuce-desease\Roboflow_Dataset\train\Leaf-Diseases\00146_png.rf.75c3f9236ba1302e3fba4ef13458305c.jpg,00146_png.rf.75c3f9236ba1302e3fba4ef13458305c,0,,,,,
train,Leaf-Diseases,disease,D:\gemma4\segmentation_lattuce-desease\Roboflow_Dataset\train\Leaf-Diseases\00146_png.rf.88713a0699957836d7f43cea0f6f56f0.jpg,00146_png.rf.88713a0699957836d7f43cea0f6f56f0,0,,,,,
train,Leaf-Diseases,disease,D:\gemma4\segmentation_lattuce-desease\Roboflow_Dataset\train\Leaf-Diseases\00147_png.rf.782c90c599ae69d576eac8ba99e7c14c.jpg,00147_png.rf.782c90c599ae69d576eac8ba99e7c14c,0,,,,,
train,Leaf-Diseases,disease,D:\gemma4\segmentation_lattuce-desease\Roboflow_Dataset\train\Leaf-Diseases\00147_png.rf.8b53a92e4b6ca7ddd7371aaf52d2f8df.jpg,00147_png.rf.8b53a92e4b6ca7ddd7371aaf52d2f8df,0,,,,,
train,Leaf-Diseases,disease,D:\gemma4\segmentation_lattuce-desease\Roboflow_Dataset\train\Leaf-Diseases\00147_png.rf.f8d83b9bb96085dee39a7f979491866b.jpg,00147_png.rf.f8d83b9bb96085dee39a7f979491866b,0,,,,,
train,Leaf-Diseases,disease,D:\gemma4\segmentation_lattuce-desease\Roboflow_Dataset\train\Leaf-Diseases\00148_png.rf.0ca9040968c7933c1ac3e1a5e530a06f.jpg,00148_png.rf.0ca9040968c7933c1ac3e1a5e530a06f,0,,,,,
train,Leaf-Diseases,disease,D:\gemma4\segmentation_lattuce-desease\Roboflow_Dataset\train\Leaf-Diseases\00148_png.rf.51f4489794d3e4b46b5539685241451d.jpg,00148_png.rf.51f4489794d3e4b46b5539685241451d,0,,,,,
train,Leaf-Diseases,disease,D:\gemma4\segmentation_lattuce-desease\Roboflow_Dataset\train\Leaf-Diseases\00148_png.rf.a27ee29c4d3a7b7f31ddb4cf09e3c57f.jpg,00148_png.rf.a27ee29c4d3a7b7f31ddb4cf09e3c57f,0,,,,,
train,Leaf-Diseases,disease,D:\gemma4\segmentation_lattuce-desease\Roboflow_Dataset\train\Leaf-Diseases\00149_png.rf.20134f87a7650cd812f7e902b78f1e75.jpg,00149_png.rf.20134f87a7650cd812f7e902b78f1e75,0,,,,,
train,Leaf-Diseases,disease,D:\gemma4\segmentation_lattuce-desease\Roboflow_Dataset\train\Leaf-Diseases\00149_png.rf.dd79002a64198b4c00ab5a69d947fa87.jpg,00149_png.rf.dd79002a64198b4c00ab5a69d947fa87,0,,,,,
train,Leaf-Diseases,disease,D:\gemma4\segmentation_lattuce-desease\Roboflow_Dataset\train\Leaf-Diseases\00149_png.rf.f97e63d331c8465c6e9b55d3cddf684b.jpg,00149_png.rf.f97e63d331c8465c6e9b55d3cddf684b,0,,,,,
train,Leaf-Diseases,disease,D:\gemma4\segmentation_lattuce-desease\Roboflow_Dataset\train\Leaf-Diseases\00150_png.rf.4cf9bd06833154f3f97198bf03dd60a0.jpg,00150_png.rf.4cf9bd06833154f3f97198bf03dd60a0,0,,,,,
train,Leaf-Diseases,disease,D:\gemma4\segmentation_lattuce-desease\Roboflow_Dataset\train\Leaf-Diseases\00150_png.rf.871c29f743cbd27719c0b003b56f671b.jpg,00150_png.rf.871c29f743cbd27719c0b003b56f671b,0,,,,,
train,Leaf-Diseases,disease,D:\gemma4\segmentation_lattuce-desease\Roboflow_Dataset\train\Leaf-Diseases\00150_png.rf.d82bdd4feac6cccd2ddd8db88ecd5626.jpg,00150_png.rf.d82bdd4feac6cccd2ddd8db88ecd5626,0,,,,,
train,Leaf-Diseases,disease,D:\gemma4\segmentation_lattuce-desease\Roboflow_Dataset\train\Leaf-Diseases\00151_png.rf.13fe90d11291dde99294000470940eb6.jpg,00151_png.rf.13fe90d11291dde99294000470940eb6,0,,,,,
train,Leaf-Diseases,disease,D:\gemma4\segmentation_lattuce-desease\Roboflow_Dataset\train\Leaf-Diseases\00151_png.rf.24e52c40b43f5611396e411cace9d585.jpg,00151_png.rf.24e52c40b43f5611396e411cace9d585,0,,,,,
train,Leaf-Diseases,disease,D:\gemma4\segmentation_lattuce-desease\Roboflow_Dataset\train\Leaf-Diseases\00151_png.rf.9111dc3311701595518462601f236002.jpg,00151_png.rf.9111dc3311701595518462601f236002,0,,,,,
train,Leaf-Diseases,disease,D:\gemma4\segmentation_lattuce-desease\Roboflow_Dataset\train\Leaf-Diseases\00152_png.rf.4ca4325c78e0c7c46bae50c9fa5badff.jpg,00152_png.rf.4ca4325c78e0c7c46bae50c9fa5badff,0,,,,,
train,Leaf-Diseases,disease,D:\gemma4\segmentation_lattuce-desease\Roboflow_Dataset\train\Leaf-Diseases\00152_png.rf.59e352a025ad9f1aa71899ab032c81b8.jpg,00152_png.rf.59e352a025ad9f1aa71899ab032c81b8,0,,,,,
train,Leaf-Diseases,disease,D:\gemma4\segmentation_lattuce-desease\Roboflow_Dataset\train\Leaf-Diseases\00152_png.rf.8f1f6ab5b0e56c3b68c275da481433ab.jpg,00152_png.rf.8f1f6ab5b0e56c3b68c275da481433ab,0,,,,,
train,Leaf-Diseases,disease,D:\gemma4\segmentation_lattuce-desease\Roboflow_Dataset\train\Leaf-Diseases\00153_png.rf.2a0499eeb7cf2c6677aad9a6ec63275b.jpg,00153_png.rf.2a0499eeb7cf2c6677aad9a6ec63275b,0,,,,,
train,Leaf-Diseases,disease,D:\gemma4\segmentation_lattuce-desease\Roboflow_Dataset\train\Leaf-Diseases\00153_png.rf.8748cd04d072ce6cc8b1739616ec646b.jpg,00153_png.rf.8748cd04d072ce6cc8b1739616ec646b,0,,,,,
train,Leaf-Diseases,disease,D:\gemma4\segmentation_lattuce-desease\Roboflow_Dataset\train\Leaf-Diseases\00153_png.rf.9404fe0b819c00e418f9318fb3f6294a.jpg,00153_png.rf.9404fe0b819c00e418f9318fb3f6294a,0,,,,,
train,Leaf-Diseases,disease,D:\gemma4\segmentation_lattuce-desease\Roboflow_Dataset\train\Leaf-Diseases\00154_png.rf.2cb15e20c477b49aa19fd881c3e69e3d.jpg,00154_png.rf.2cb15e20c477b49aa19fd881c3e69e3d,0,,,,,
train,Leaf-Diseases,disease,D:\gemma4\segmentation_lattuce-desease\Roboflow_Dataset\train\Leaf-Diseases\00154_png.rf.a4c6375309523af00082cef4cacc897a.jpg,00154_png.rf.a4c6375309523af00082cef4cacc897a,0,,,,,
train,Leaf-Diseases,disease,D:\gemma4\segmentation_lattuce-desease\Roboflow_Dataset\train\Leaf-Diseases\00154_png.rf.dbdd20cbf381ddb293ca90a821678ff9.jpg,00154_png.rf.dbdd20cbf381ddb293ca90a821678ff9,0,,,,,
train,Leaf-Diseases,disease,D:\gemma4\segmentation_lattuce-desease\Roboflow_Dataset\train\Leaf-Diseases\00155_png.rf.92a2ad76096d1b1b90725ccac30a7fb1.jpg,00155_png.rf.92a2ad76096d1b1b90725ccac30a7fb1,0,,,,,
train,Leaf-Diseases,disease,D:\gemma4\segmentation_lattuce-desease\Roboflow_Dataset\train\Leaf-Diseases\00155_png.rf.a0a646a2ff4cdb3fa780a4695e4f2db1.jpg,00155_png.rf.a0a646a2ff4cdb3fa780a4695e4f2db1,0,,,,,
train,Leaf-Diseases,disease,D:\gemma4\segmentation_lattuce-desease\Roboflow_Dataset\train\Leaf-Diseases\00155_png.rf.b68ed2f3d526f2c0a531322f7b7ddc03.jpg,00155_png.rf.b68ed2f3d526f2c0a531322f7b7ddc03,0,,,,,
train,Leaf-Diseases,disease,D:\gemma4\segmentation_lattuce-desease\Roboflow_Dataset\train\Leaf-Diseases\00156_png.rf.00da56c460e847d7274132ea7a796c69.jpg,00156_png.rf.00da56c460e847d7274132ea7a796c69,0,,,,,
train,Leaf-Diseases,disease,D:\gemma4\segmentation_lattuce-desease\Roboflow_Dataset\train\Leaf-Diseases\00156_png.rf.4878d27cc84873a82f9b3c7d1ee2bb20.jpg,00156_png.rf.4878d27cc84873a82f9b3c7d1ee2bb20,0,,,,,
train,Leaf-Diseases,disease,D:\gemma4\segmentation_lattuce-desease\Roboflow_Dataset\train\Leaf-Diseases\00156_png.rf.d000b14cd65755d821730547bc6ce260.jpg,00156_png.rf.d000b14cd65755d821730547bc6ce260,0,,,,,
train,Leaf-Diseases,disease,D:\gemma4\segmentation_lattuce-desease\Roboflow_Dataset\train\Leaf-Diseases\00157_png.rf.283fa66459e0d34ae8f49c2d78cddb64.jpg,00157_png.rf.283fa66459e0d34ae8f49c2d78cddb64,0,,,,,
train,Leaf-Diseases,disease,D:\gemma4\segmentation_lattuce-desease\Roboflow_Dataset\train\Leaf-Diseases\00157_png.rf.31f22e61a9c0fbd5847ecb5f2a093063.jpg,00157_png.rf.31f22e61a9c0fbd5847ecb5f2a093063,0,,,,,
train,Leaf-Diseases,disease,D:\gemma4\segmentation_lattuce-desease\Roboflow_Dataset\train\Leaf-Diseases\00157_png.rf.f390fe85408e589ba87356f27eb19144.jpg,00157_png.rf.f390fe85408e589ba87356f27eb19144,0,,,,,
train,Leaf-Diseases,disease,D:\gemma4\segmentation_lattuce-desease\Roboflow_Dataset\train\Leaf-Diseases\00158_png.rf.51487911327903cf49a5c0bccadd953d.jpg,00158_png.rf.51487911327903cf49a5c0bccadd953d,0,,,,,
train,Leaf-Diseases,disease,D:\gemma4\segmentation_lattuce-desease\Roboflow_Dataset\train\Leaf-Diseases\00158_png.rf.83629a87270a91217c9d8f705f1ad6d2.jpg,00158_png.rf.83629a87270a91217c9d8f705f1ad6d2,0,,,,,
train,Leaf-Diseases,disease,D:\gemma4\segmentation_lattuce-desease\Roboflow_Dataset\train\Leaf-Diseases\00158_png.rf.879a787aba6c6b53fd61071a8f80f7ed.jpg,00158_png.rf.879a787aba6c6b53fd61071a8f80f7ed,0,,,,,
train,Leaf-Diseases,disease,D:\gemma4\segmentation_lattuce-desease\Roboflow_Dataset\train\Leaf-Diseases\00159_png.rf.7c081b5eadaee484f8112437bc8b72aa.jpg,00159_png.rf.7c081b5eadaee484f8112437bc8b72aa,0,,,,,
train,Leaf-Diseases,disease,D:\gemma4\segmentation_lattuce-desease\Roboflow_Dataset\train\Leaf-Diseases\00159_png.rf.a7e0aeef8cc6c4673e37e38a0643f543.jpg,00159_png.rf.a7e0aeef8cc6c4673e37e38a0643f543,0,,,,,
train,Leaf-Diseases,disease,D:\gemma4\segmentation_lattuce-desease\Roboflow_Dataset\train\Leaf-Diseases\00159_png.rf.d66cd0905b15f7590cf85ed4d5ff00cd.jpg,00159_png.rf.d66cd0905b15f7590cf85ed4d5ff00cd,0,,,,,
train,Leaf-Diseases,disease,D:\gemma4\segmentation_lattuce-desease\Roboflow_Dataset\train\Leaf-Diseases\00160_png.rf.8124ab208d704c6bc9a2f84f97deff34.jpg,00160_png.rf.8124ab208d704c6bc9a2f84f97deff34,0,,,,,
train,Leaf-Diseases,disease,D:\gemma4\segmentation_lattuce-desease\Roboflow_Dataset\train\Leaf-Diseases\00160_png.rf.b0f1b6672f10a1d8cc83759506a9c2d2.jpg,00160_png.rf.b0f1b6672f10a1d8cc83759506a9c2d2,0,,,,,
train,Leaf-Diseases,disease,D:\gemma4\segmentation_lattuce-desease\Roboflow_Dataset\train\Leaf-Diseases\00160_png.rf.ca7283843be7b6542e57fbb6da16ca10.jpg,00160_png.rf.ca7283843be7b6542e57fbb6da16ca10,0,,,,,
train,Leaf-Diseases,disease,D:\gemma4\segmentation_lattuce-desease\Roboflow_Dataset\train\Leaf-Diseases\00161_png.rf.17d3656665d9d62502bb206826d66cef.jpg,00161_png.rf.17d3656665d9d62502bb206826d66cef,0,,,,,
train,Leaf-Diseases,disease,D:\gemma4\segmentation_lattuce-desease\Roboflow_Dataset\train\Leaf-Diseases\00161_png.rf.ae482ca8ed0bb3cdc7c65de25d6fa093.jpg,00161_png.rf.ae482ca8ed0bb3cdc7c65de25d6fa093,0,,,,,
train,Leaf-Diseases,disease,D:\gemma4\segmentation_lattuce-desease\Roboflow_Dataset\train\Leaf-Diseases\00161_png.rf.cec2eda264f570e8ee015314c1d83b1c.jpg,00161_png.rf.cec2eda264f570e8ee015314c1d83b1c,0,,,,,
train,Leaf-Diseases,disease,D:\gemma4\segmentation_lattuce-desease\Roboflow_Dataset\train\Leaf-Diseases\00162_png.rf.c088e73f44e0fd9577ff4ed6decf076b.jpg,00162_png.rf.c088e73f44e0fd9577ff4ed6decf076b,0,,,,,
train,Leaf-Diseases,disease,D:\gemma4\segmentation_lattuce-desease\Roboflow_Dataset\train\Leaf-Diseases\00162_png.rf.d74700e62ba70fc2341145352138a8cb.jpg,00162_png.rf.d74700e62ba70fc2341145352138a8cb,0,,,,,
train,Leaf-Diseases,disease,D:\gemma4\segmentation_lattuce-desease\Roboflow_Dataset\train\Leaf-Diseases\00162_png.rf.dec04d634d2802b3218062fac2c755f3.jpg,00162_png.rf.dec04d634d2802b3218062fac2c755f3,0,,,,,
train,Leaf-Diseases,disease,D:\gemma4\segmentation_lattuce-desease\Roboflow_Dataset\train\Leaf-Diseases\00163_png.rf.17275668c69e4a5398ea366d9bb509f2.jpg,00163_png.rf.17275668c69e4a5398ea366d9bb509f2,0,,,,,
train,Leaf-Diseases,disease,D:\gemma4\segmentation_lattuce-desease\Roboflow_Dataset\train\Leaf-Diseases\00163_png.rf.7b3f1e6a753dfb11cd00b15b81b784e5.jpg,00163_png.rf.7b3f1e6a753dfb11cd00b15b81b784e5,0,,,,,
train,Leaf-Diseases,disease,D:\gemma4\segmentation_lattuce-desease\Roboflow_Dataset\train\Leaf-Diseases\00163_png.rf.dbba370b1076c12924a0fd8d68751308.jpg,00163_png.rf.dbba370b1076c12924a0fd8d68751308,0,,,,,
train,Leaf-Diseases,disease,D:\gemma4\segmentation_lattuce-desease\Roboflow_Dataset\train\Leaf-Diseases\00164_png.rf.4b21df8b620feaf40824cf4da560e623.jpg,00164_png.rf.4b21df8b620feaf40824cf4da560e623,0,,,,,
train,Leaf-Diseases,disease,D:\gemma4\segmentation_lattuce-desease\Roboflow_Dataset\train\Leaf-Diseases\00164_png.rf.6f7aaf72cb9b27e585da4dbf9bc99fcf.jpg,00164_png.rf.6f7aaf72cb9b27e585da4dbf9bc99fcf,0,,,,,
train,Leaf-Diseases,disease,D:\gemma4\segmentation_lattuce-desease\Roboflow_Dataset\train\Leaf-Diseases\00164_png.rf.8f34896f505afd8138dad2cb111496f0.jpg,00164_png.rf.8f34896f505afd8138dad2cb111496f0,0,,,,,
train,Leaf-Diseases,disease,D:\gemma4\segmentation_lattuce-desease\Roboflow_Dataset\train\Leaf-Diseases\00165_png.rf.414da1d2e56dde5b05c186380a3f7e81.jpg,00165_png.rf.414da1d2e56dde5b05c186380a3f7e81,0,,,,,
train,Leaf-Diseases,disease,D:\gemma4\segmentation_lattuce-desease\Roboflow_Dataset\train\Leaf-Diseases\00165_png.rf.564a73941795e09d977b6798303914ee.jpg,00165_png.rf.564a73941795e09d977b6798303914ee,0,,,,,
train,Leaf-Diseases,disease,D:\gemma4\segmentation_lattuce-desease\Roboflow_Dataset\train\Leaf-Diseases\00165_png.rf.9d9559a8cfe25466c76d66ff581201fa.jpg,00165_png.rf.9d9559a8cfe25466c76d66ff581201fa,0,,,,,
train,Leaf-Diseases,disease,D:\gemma4\segmentation_lattuce-desease\Roboflow_Dataset\train\Leaf-Diseases\00166_png.rf.cbc7dbc97fd56be04950f8133f611cc8.jpg,00166_png.rf.cbc7dbc97fd56be04950f8133f611cc8,0,,,,,
train,Leaf-Diseases,disease,D:\gemma4\segmentation_lattuce-desease\Roboflow_Dataset\train\Leaf-Diseases\00166_png.rf.e65e628e5a5f0c413be05ba8b7dbae23.jpg,00166_png.rf.e65e628e5a5f0c413be05ba8b7dbae23,0,,,,,
train,Leaf-Diseases,disease,D:\gemma4\segmentation_lattuce-desease\Roboflow_Dataset\train\Leaf-Diseases\00166_png.rf.ed3924fe897f88de62f66ef2b16960db.jpg,00166_png.rf.ed3924fe897f88de62f66ef2b16960db,0,,,,,
train,Leaf-Diseases,disease,D:\gemma4\segmentation_lattuce-desease\Roboflow_Dataset\train\Leaf-Diseases\00167_png.rf.130b9db553181fbb8327499239bceba2.jpg,00167_png.rf.130b9db553181fbb8327499239bceba2,0,,,,,
train,Leaf-Diseases,disease,D:\gemma4\segmentation_lattuce-desease\Roboflow_Dataset\train\Leaf-Diseases\00167_png.rf.53e53d4fdba8f232100cc5ea5a3d8462.jpg,00167_png.rf.53e53d4fdba8f232100cc5ea5a3d8462,0,,,,,
train,Leaf-Diseases,disease,D:\gemma4\segmentation_lattuce-desease\Roboflow_Dataset\train\Leaf-Diseases\00167_png.rf.abe80f93fd69d1e997fd3089e627bc22.jpg,00167_png.rf.abe80f93fd69d1e997fd3089e627bc22,0,,,,,
train,Leaf-Diseases,disease,D:\gemma4\segmentation_lattuce-desease\Roboflow_Dataset\train\Leaf-Diseases\00168_png.rf.3c2b19dd761d82a0bb4d9e98dbd5813d.jpg,00168_png.rf.3c2b19dd761d82a0bb4d9e98dbd5813d,0,,,,,
train,Leaf-Diseases,disease,D:\gemma4\segmentation_lattuce-desease\Roboflow_Dataset\train\Leaf-Diseases\00168_png.rf.4a2424d32ba5642a1083b20d34f458c3.jpg,00168_png.rf.4a2424d32ba5642a1083b20d34f458c3,0,,,,,
train,Leaf-Diseases,disease,D:\gemma4\segmentation_lattuce-desease\Roboflow_Dataset\train\Leaf-Diseases\00168_png.rf.4eeec1ce81a16c40b631656e292d4b59.jpg,00168_png.rf.4eeec1ce81a16c40b631656e292d4b59,0,,,,,
train,Leaf-Diseases,disease,D:\gemma4\segmentation_lattuce-desease\Roboflow_Dataset\train\Leaf-Diseases\00169_png.rf.b690573d5dab14c8da0fe90514dd7353.jpg,00169_png.rf.b690573d5dab14c8da0fe90514dd7353,0,,,,,
train,Leaf-Diseases,disease,D:\gemma4\segmentation_lattuce-desease\Roboflow_Dataset\train\Leaf-Diseases\00169_png.rf.c66dac8c4b6806f1d7e04347cda9f9a5.jpg,00169_png.rf.c66dac8c4b6806f1d7e04347cda9f9a5,0,,,,,
train,Leaf-Diseases,disease,D:\gemma4\segmentation_lattuce-desease\Roboflow_Dataset\train\Leaf-Diseases\00169_png.rf.e1b5af82821be9ccc036fc804974f8d5.jpg,00169_png.rf.e1b5af82821be9ccc036fc804974f8d5,0,,,,,
train,Leaf-Diseases,disease,D:\gemma4\segmentation_lattuce-desease\Roboflow_Dataset\train\Leaf-Diseases\00170_png.rf.07238bf91be444c9cae3d60ad3591c0f.jpg,00170_png.rf.07238bf91be444c9cae3d60ad3591c0f,0,,,,,
train,Leaf-Diseases,disease,D:\gemma4\segmentation_lattuce-desease\Roboflow_Dataset\train\Leaf-Diseases\00170_png.rf.5db06e9c1fa5c314bb13706da31cd2fb.jpg,00170_png.rf.5db06e9c1fa5c314bb13706da31cd2fb,0,,,,,
train,Leaf-Diseases,disease,D:\gemma4\segmentation_lattuce-desease\Roboflow_Dataset\train\Leaf-Diseases\00170_png.rf.b18314ff81dd0b8e855812226379a709.jpg,00170_png.rf.b18314ff81dd0b8e855812226379a709,0,,,,,
train,Leaf-Diseases,disease,D:\gemma4\segmentation_lattuce-desease\Roboflow_Dataset\train\Leaf-Diseases\00171_png.rf.417c95d06489e92bebfa1f10d59fba84.jpg,00171_png.rf.417c95d06489e92bebfa1f10d59fba84,0,,,,,
train,Leaf-Diseases,disease,D:\gemma4\segmentation_lattuce-desease\Roboflow_Dataset\train\Leaf-Diseases\00171_png.rf.b4a0787948fef1fe550176cbbe94378e.jpg,00171_png.rf.b4a0787948fef1fe550176cbbe94378e,0,,,,,
train,Leaf-Diseases,disease,D:\gemma4\segmentation_lattuce-desease\Roboflow_Dataset\train\Leaf-Diseases\00171_png.rf.c41282643ab848a7c0a6bf60996831bd.jpg,00171_png.rf.c41282643ab848a7c0a6bf60996831bd,0,,,,,
train,Leaf-Diseases,disease,D:\gemma4\segmentation_lattuce-desease\Roboflow_Dataset\train\Leaf-Diseases\00172_png.rf.04ebde0a1e11f3ef9de3e5461fbb9141.jpg,00172_png.rf.04ebde0a1e11f3ef9de3e5461fbb9141,0,,,,,
train,Leaf-Diseases,disease,D:\gemma4\segmentation_lattuce-desease\Roboflow_Dataset\train\Leaf-Diseases\00172_png.rf.83ebd1079c63aa341c24103c367106c4.jpg,00172_png.rf.83ebd1079c63aa341c24103c367106c4,0,,,,,
train,Leaf-Diseases,disease,D:\gemma4\segmentation_lattuce-desease\Roboflow_Dataset\train\Leaf-Diseases\00172_png.rf.d60f2b5c1b4fa3452525810f5c3ac5d8.jpg,00172_png.rf.d60f2b5c1b4fa3452525810f5c3ac5d8,0,,,,,
train,Leaf-Diseases,disease,D:\gemma4\segmentation_lattuce-desease\Roboflow_Dataset\train\Leaf-Diseases\00173_png.rf.0e920d1291dba7f0d5d19d91b5a5ee74.jpg,00173_png.rf.0e920d1291dba7f0d5d19d91b5a5ee74,0,,,,,
train,Leaf-Diseases,disease,D:\gemma4\segmentation_lattuce-desease\Roboflow_Dataset\train\Leaf-Diseases\00173_png.rf.371e3f7e7cced85359550b3b9780c3ff.jpg,00173_png.rf.371e3f7e7cced85359550b3b9780c3ff,0,,,,,
train,Leaf-Diseases,disease,D:\gemma4\segmentation_lattuce-desease\Roboflow_Dataset\train\Leaf-Diseases\00173_png.rf.95051fcbcd0452f77920a866d98a16db.jpg,00173_png.rf.95051fcbcd0452f77920a866d98a16db,0,,,,,
train,Leaf-Diseases,disease,D:\gemma4\segmentation_lattuce-desease\Roboflow_Dataset\train\Leaf-Diseases\00174_png.rf.1467a64502c9e3b90ade2a08257799f9.jpg,00174_png.rf.1467a64502c9e3b90ade2a08257799f9,0,,,,,
train,Leaf-Diseases,disease,D:\gemma4\segmentation_lattuce-desease\Roboflow_Dataset\train\Leaf-Diseases\00174_png.rf.19c62b1bd2a6c1778d2a9e6e541f8915.jpg,00174_png.rf.19c62b1bd2a6c1778d2a9e6e541f8915,0,,,,,
train,Leaf-Diseases,disease,D:\gemma4\segmentation_lattuce-desease\Roboflow_Dataset\train\Leaf-Diseases\00174_png.rf.ef66022636c5507e2db2fd0ae16a1866.jpg,00174_png.rf.ef66022636c5507e2db2fd0ae16a1866,0,,,,,
train,Leaf-Diseases,disease,D:\gemma4\segmentation_lattuce-desease\Roboflow_Dataset\train\Leaf-Diseases\00175_png.rf.4b9b0b9c0fe4b51f22ca51a98a6f71c6.jpg,00175_png.rf.4b9b0b9c0fe4b51f22ca51a98a6f71c6,0,,,,,
train,Leaf-Diseases,disease,D:\gemma4\segmentation_lattuce-desease\Roboflow_Dataset\train\Leaf-Diseases\00175_png.rf.75075dc921a574ca305716217a7a46dd.jpg,00175_png.rf.75075dc921a574ca305716217a7a46dd,0,,,,,
train,Leaf-Diseases,disease,D:\gemma4\segmentation_lattuce-desease\Roboflow_Dataset\train\Leaf-Diseases\00175_png.rf.908b0c22e4a5476cd4f9b65e8dd4e81a.jpg,00175_png.rf.908b0c22e4a5476cd4f9b65e8dd4e81a,0,,,,,
train,Leaf-Diseases,disease,D:\gemma4\segmentation_lattuce-desease\Roboflow_Dataset\train\Leaf-Diseases\00176_png.rf.a097b795ebbad98e68b7d8832901f271.jpg,00176_png.rf.a097b795ebbad98e68b7d8832901f271,0,,,,,
train,Leaf-Diseases,disease,D:\gemma4\segmentation_lattuce-desease\Roboflow_Dataset\train\Leaf-Diseases\00176_png.rf.ac0b57213a7f30c16caf967f97524a27.jpg,00176_png.rf.ac0b57213a7f30c16caf967f97524a27,0,,,,,
train,Leaf-Diseases,disease,D:\gemma4\segmentation_lattuce-desease\Roboflow_Dataset\train\Leaf-Diseases\00176_png.rf.c88dd1a61a231b34c18fa54eb0182912.jpg,00176_png.rf.c88dd1a61a231b34c18fa54eb0182912,0,,,,,
train,Leaf-Diseases,disease,D:\gemma4\segmentation_lattuce-desease\Roboflow_Dataset\train\Leaf-Diseases\00177_png.rf.203d2004c80257d73ad2d77fcc76042e.jpg,00177_png.rf.203d2004c80257d73ad2d77fcc76042e,0,,,,,
train,Leaf-Diseases,disease,D:\gemma4\segmentation_lattuce-desease\Roboflow_Dataset\train\Leaf-Diseases\00177_png.rf.44d2cd0bac22af8736dd417e52966770.jpg,00177_png.rf.44d2cd0bac22af8736dd417e52966770,0,,,,,
train,Leaf-Diseases,disease,D:\gemma4\segmentation_lattuce-desease\Roboflow_Dataset\train\Leaf-Diseases\00177_png.rf.e98c345168a0073810a38177f0a22d3c.jpg,00177_png.rf.e98c345168a0073810a38177f0a22d3c,0,,,,,
train,Leaf-Diseases,disease,D:\gemma4\segmentation_lattuce-desease\Roboflow_Dataset\train\Leaf-Diseases\00178_png.rf.ec3b12972b136ad846d9816e7b507dfa.jpg,00178_png.rf.ec3b12972b136ad846d9816e7b507dfa,0,,,,,
train,Leaf-Diseases,disease,D:\gemma4\segmentation_lattuce-desease\Roboflow_Dataset\train\Leaf-Diseases\00178_png.rf.ece9b8d16407d85fc3ca5de6229050bd.jpg,00178_png.rf.ece9b8d16407d85fc3ca5de6229050bd,0,,,,,
train,Leaf-Diseases,disease,D:\gemma4\segmentation_lattuce-desease\Roboflow_Dataset\train\Leaf-Diseases\00178_png.rf.edb15fd097d343a7bdb5b66ba88a8526.jpg,00178_png.rf.edb15fd097d343a7bdb5b66ba88a8526,0,,,,,
train,Leaf-Diseases,disease,D:\gemma4\segmentation_lattuce-desease\Roboflow_Dataset\train\Leaf-Diseases\00179_png.rf.18f4e38a843a577bc2a55639e6f752fc.jpg,00179_png.rf.18f4e38a843a577bc2a55639e6f752fc,0,,,,,
train,Leaf-Diseases,disease,D:\gemma4\segmentation_lattuce-desease\Roboflow_Dataset\train\Leaf-Diseases\00179_png.rf.48ecd00b50eb0ed9609dbc98d026ce83.jpg,00179_png.rf.48ecd00b50eb0ed9609dbc98d026ce83,0,,,,,
train,Leaf-Diseases,disease,D:\gemma4\segmentation_lattuce-desease\Roboflow_Dataset\train\Leaf-Diseases\00179_png.rf.fc4ad4aa5ede541df29b6724922599ed.jpg,00179_png.rf.fc4ad4aa5ede541df29b6724922599ed,0,,,,,
train,Leaf-Diseases,disease,D:\gemma4\segmentation_lattuce-desease\Roboflow_Dataset\train\Leaf-Diseases\00180_png.rf.0d4d1c5608579ff87f3da544dc1dd440.jpg,00180_png.rf.0d4d1c5608579ff87f3da544dc1dd440,0,,,,,
train,Leaf-Diseases,disease,D:\gemma4\segmentation_lattuce-desease\Roboflow_Dataset\train\Leaf-Diseases\00180_png.rf.d1828cc60d8c5fac88d4fe698bae81c8.jpg,00180_png.rf.d1828cc60d8c5fac88d4fe698bae81c8,0,,,,,
train,Leaf-Diseases,disease,D:\gemma4\segmentation_lattuce-desease\Roboflow_Dataset\train\Leaf-Diseases\00180_png.rf.ec8552550862ad4980e5090fbc428960.jpg,00180_png.rf.ec8552550862ad4980e5090fbc428960,0,,,,,
train,Leaf-Diseases,disease,D:\gemma4\segmentation_lattuce-desease\Roboflow_Dataset\train\Leaf-Diseases\00181_png.rf.13342a7c00523b1e25d7ba4c8e33bc24.jpg,00181_png.rf.13342a7c00523b1e25d7ba4c8e33bc24,0,,,,,
train,Leaf-Diseases,disease,D:\gemma4\segmentation_lattuce-desease\Roboflow_Dataset\train\Leaf-Diseases\00181_png.rf.abb71016f33189c1c6114fd83d5c455e.jpg,00181_png.rf.abb71016f33189c1c6114fd83d5c455e,0,,,,,
train,Leaf-Diseases,disease,D:\gemma4\segmentation_lattuce-desease\Roboflow_Dataset\train\Leaf-Diseases\00181_png.rf.dd126d851fee4e4c04d00237cb026592.jpg,00181_png.rf.dd126d851fee4e4c04d00237cb026592,0,,,,,
train,Leaf-Diseases,disease,D:\gemma4\segmentation_lattuce-desease\Roboflow_Dataset\train\Leaf-Diseases\00182_png.rf.0f29e35fe9dc4ee1279d55d03f79d638.jpg,00182_png.rf.0f29e35fe9dc4ee1279d55d03f79d638,0,,,,,
train,Leaf-Diseases,disease,D:\gemma4\segmentation_lattuce-desease\Roboflow_Dataset\train\Leaf-Diseases\00182_png.rf.592305f420bc4b1874f53b02688e88ab.jpg,00182_png.rf.592305f420bc4b1874f53b02688e88ab,0,,,,,
train,Leaf-Diseases,disease,D:\gemma4\segmentation_lattuce-desease\Roboflow_Dataset\train\Leaf-Diseases\00182_png.rf.a016dfba9e3eeb8fc18935bad95125d0.jpg,00182_png.rf.a016dfba9e3eeb8fc18935bad95125d0,0,,,,,
train,Leaf-Diseases,disease,D:\gemma4\segmentation_lattuce-desease\Roboflow_Dataset\train\Leaf-Diseases\00183_png.rf.1bfd04ffd6cc856f127f2a35c19d7c41.jpg,00183_png.rf.1bfd04ffd6cc856f127f2a35c19d7c41,0,,,,,
train,Leaf-Diseases,disease,D:\gemma4\segmentation_lattuce-desease\Roboflow_Dataset\train\Leaf-Diseases\00183_png.rf.1f87ddcfdd258da4c7753be49cdbed74.jpg,00183_png.rf.1f87ddcfdd258da4c7753be49cdbed74,0,,,,,
train,Leaf-Diseases,disease,D:\gemma4\segmentation_lattuce-desease\Roboflow_Dataset\train\Leaf-Diseases\00183_png.rf.6629c433844bbf3f07af6191c36f8ef6.jpg,00183_png.rf.6629c433844bbf3f07af6191c36f8ef6,0,,,,,
train,Leaf-Diseases,disease,D:\gemma4\segmentation_lattuce-desease\Roboflow_Dataset\train\Leaf-Diseases\00184_png.rf.0e9c1165690a7cf9a885cf7efe7c9796.jpg,00184_png.rf.0e9c1165690a7cf9a885cf7efe7c9796,0,,,,,
train,Leaf-Diseases,disease,D:\gemma4\segmentation_lattuce-desease\Roboflow_Dataset\train\Leaf-Diseases\00184_png.rf.9b5b612d6591eb350abb952345d38451.jpg,00184_png.rf.9b5b612d6591eb350abb952345d38451,0,,,,,
train,Leaf-Diseases,disease,D:\gemma4\segmentation_lattuce-desease\Roboflow_Dataset\train\Leaf-Diseases\00184_png.rf.c9c799a29a74ba3f6ceb55d1192875b0.jpg,00184_png.rf.c9c799a29a74ba3f6ceb55d1192875b0,0,,,,,
train,Leaf-Diseases,disease,D:\gemma4\segmentation_lattuce-desease\Roboflow_Dataset\train\Leaf-Diseases\00185_png.rf.59bca30ff690e0930cb5eb9e5234fe50.jpg,00185_png.rf.59bca30ff690e0930cb5eb9e5234fe50,0,,,,,
train,Leaf-Diseases,disease,D:\gemma4\segmentation_lattuce-desease\Roboflow_Dataset\train\Leaf-Diseases\00185_png.rf.d6177cdd84d13f1d4a41cab29ead3b2c.jpg,00185_png.rf.d6177cdd84d13f1d4a41cab29ead3b2c,0,,,,,
train,Leaf-Diseases,disease,D:\gemma4\segmentation_lattuce-desease\Roboflow_Dataset\train\Leaf-Diseases\00185_png.rf.e3ff177d64f208b7317b668e598e097c.jpg,00185_png.rf.e3ff177d64f208b7317b668e598e097c,0,,,,,
train,Leaf-Diseases,disease,D:\gemma4\segmentation_lattuce-desease\Roboflow_Dataset\train\Leaf-Diseases\00186_png.rf.2a7b98491820627032df05a0d860148d.jpg,00186_png.rf.2a7b98491820627032df05a0d860148d,0,,,,,
train,Leaf-Diseases,disease,D:\gemma4\segmentation_lattuce-desease\Roboflow_Dataset\train\Leaf-Diseases\00186_png.rf.4af21e9e150972a3459865da23fa49e2.jpg,00186_png.rf.4af21e9e150972a3459865da23fa49e2,0,,,,,
train,Leaf-Diseases,disease,D:\gemma4\segmentation_lattuce-desease\Roboflow_Dataset\train\Leaf-Diseases\00186_png.rf.7319a85c829ebf222c682090efdef700.jpg,00186_png.rf.7319a85c829ebf222c682090efdef700,0,,,,,
train,Leaf-Diseases,disease,D:\gemma4\segmentation_lattuce-desease\Roboflow_Dataset\train\Leaf-Diseases\00187_png.rf.402087d6bbfc7ea4acb56b905e656f1a.jpg,00187_png.rf.402087d6bbfc7ea4acb56b905e656f1a,0,,,,,
train,Leaf-Diseases,disease,D:\gemma4\segmentation_lattuce-desease\Roboflow_Dataset\train\Leaf-Diseases\00187_png.rf.881069ec23f0e9e4371e47f97bfe1790.jpg,00187_png.rf.881069ec23f0e9e4371e47f97bfe1790,0,,,,,
train,Leaf-Diseases,disease,D:\gemma4\segmentation_lattuce-desease\Roboflow_Dataset\train\Leaf-Diseases\00187_png.rf.cd80762aab2b9673b6dc0ba71e376ab0.jpg,00187_png.rf.cd80762aab2b9673b6dc0ba71e376ab0,0,,,,,
train,Leaf-Diseases,disease,D:\gemma4\segmentation_lattuce-desease\Roboflow_Dataset\train\Leaf-Diseases\00188_png.rf.158872f1ef4da07a9992fd7df8fd3cfc.jpg,00188_png.rf.158872f1ef4da07a9992fd7df8fd3cfc,0,,,,,
train,Leaf-Diseases,disease,D:\gemma4\segmentation_lattuce-desease\Roboflow_Dataset\train\Leaf-Diseases\00188_png.rf.77949d9e6d696f62c1912206586cbbeb.jpg,00188_png.rf.77949d9e6d696f62c1912206586cbbeb,0,,,,,
train,Leaf-Diseases,disease,D:\gemma4\segmentation_lattuce-desease\Roboflow_Dataset\train\Leaf-Diseases\00188_png.rf.c9c5c5f314075cb93d7493cf7db2bcbe.jpg,00188_png.rf.c9c5c5f314075cb93d7493cf7db2bcbe,0,,,,,
train,Leaf-Diseases,disease,D:\gemma4\segmentation_lattuce-desease\Roboflow_Dataset\train\Leaf-Diseases\00189_png.rf.611ecd2ddde2b661c035dd615bd568dc.jpg,00189_png.rf.611ecd2ddde2b661c035dd615bd568dc,0,,,,,
train,Leaf-Diseases,disease,D:\gemma4\segmentation_lattuce-desease\Roboflow_Dataset\train\Leaf-Diseases\00189_png.rf.6ffce826df026d93a728b51ce76fb240.jpg,00189_png.rf.6ffce826df026d93a728b51ce76fb240,0,,,,,
train,Leaf-Diseases,disease,D:\gemma4\segmentation_lattuce-desease\Roboflow_Dataset\train\Leaf-Diseases\00189_png.rf.ad783bc71dc5ffe457a99a008f864d31.jpg,00189_png.rf.ad783bc71dc5ffe457a99a008f864d31,0,,,,,
train,Leaf-Diseases,disease,D:\gemma4\segmentation_lattuce-desease\Roboflow_Dataset\train\Leaf-Diseases\00190_png.rf.7ac3bc3690276a1da1862e4396f2118d.jpg,00190_png.rf.7ac3bc3690276a1da1862e4396f2118d,0,,,,,
train,Leaf-Diseases,disease,D:\gemma4\segmentation_lattuce-desease\Roboflow_Dataset\train\Leaf-Diseases\00190_png.rf.95d4b92cf254a53f03d08a52a982fdc4.jpg,00190_png.rf.95d4b92cf254a53f03d08a52a982fdc4,0,,,,,
train,Leaf-Diseases,disease,D:\gemma4\segmentation_lattuce-desease\Roboflow_Dataset\train\Leaf-Diseases\00190_png.rf.f72e6a1488d89369b86fdb67d5432eda.jpg,00190_png.rf.f72e6a1488d89369b86fdb67d5432eda,0,,,,,
train,Leaf-Diseases,disease,D:\gemma4\segmentation_lattuce-desease\Roboflow_Dataset\train\Leaf-Diseases\00191_png.rf.7270b0dcbd0ce8e6d6453e0c8ad19533.jpg,00191_png.rf.7270b0dcbd0ce8e6d6453e0c8ad19533,0,,,,,
train,Leaf-Diseases,disease,D:\gemma4\segmentation_lattuce-desease\Roboflow_Dataset\train\Leaf-Diseases\00191_png.rf.d3952582f032d42bd9bb824884269797.jpg,00191_png.rf.d3952582f032d42bd9bb824884269797,0,,,,,
train,Leaf-Diseases,disease,D:\gemma4\segmentation_lattuce-desease\Roboflow_Dataset\train\Leaf-Diseases\00191_png.rf.da8dbbf95e84fefe60b4b74f125061f7.jpg,00191_png.rf.da8dbbf95e84fefe60b4b74f125061f7,0,,,,,
train,Leaf-Diseases,disease,D:\gemma4\segmentation_lattuce-desease\Roboflow_Dataset\train\Leaf-Diseases\00192_png.rf.0c7accc1e8328e6c00a9a25089ce5f08.jpg,00192_png.rf.0c7accc1e8328e6c00a9a25089ce5f08,0,,,,,
train,Leaf-Diseases,disease,D:\gemma4\segmentation_lattuce-desease\Roboflow_Dataset\train\Leaf-Diseases\00192_png.rf.2790ef1509e6f8cbab51a56ec74e07c2.jpg,00192_png.rf.2790ef1509e6f8cbab51a56ec74e07c2,0,,,,,
train,Leaf-Diseases,disease,D:\gemma4\segmentation_lattuce-desease\Roboflow_Dataset\train\Leaf-Diseases\00192_png.rf.296d33274aac6ec1260d66e65237f2de.jpg,00192_png.rf.296d33274aac6ec1260d66e65237f2de,0,,,,,
train,Leaf-Diseases,disease,D:\gemma4\segmentation_lattuce-desease\Roboflow_Dataset\train\Leaf-Diseases\00193_png.rf.0cf998896021f0a4e496dbc0ad55d8aa.jpg,00193_png.rf.0cf998896021f0a4e496dbc0ad55d8aa,0,,,,,
train,Leaf-Diseases,disease,D:\gemma4\segmentation_lattuce-desease\Roboflow_Dataset\train\Leaf-Diseases\00193_png.rf.20e87d203e1ed09bb0992b39b629bbd2.jpg,00193_png.rf.20e87d203e1ed09bb0992b39b629bbd2,0,,,,,
train,Leaf-Diseases,disease,D:\gemma4\segmentation_lattuce-desease\Roboflow_Dataset\train\Leaf-Diseases\00193_png.rf.a9cfb5db20649e273dc934dd1d52677f.jpg,00193_png.rf.a9cfb5db20649e273dc934dd1d52677f,0,,,,,
train,Leaf-Diseases,disease,D:\gemma4\segmentation_lattuce-desease\Roboflow_Dataset\train\Leaf-Diseases\00194_png.rf.1082ffc2eeefbbc43aa407485f298dd4.jpg,00194_png.rf.1082ffc2eeefbbc43aa407485f298dd4,0,,,,,
train,Leaf-Diseases,disease,D:\gemma4\segmentation_lattuce-desease\Roboflow_Dataset\train\Leaf-Diseases\00194_png.rf.2d5520e54fa3d2da856ad0f11b435457.jpg,00194_png.rf.2d5520e54fa3d2da856ad0f11b435457,0,,,,,
train,Leaf-Diseases,disease,D:\gemma4\segmentation_lattuce-desease\Roboflow_Dataset\train\Leaf-Diseases\00194_png.rf.e2dfd1d24d87ea01ec622fa839a0e5f4.jpg,00194_png.rf.e2dfd1d24d87ea01ec622fa839a0e5f4,0,,,,,
train,Leaf-Diseases,disease,D:\gemma4\segmentation_lattuce-desease\Roboflow_Dataset\train\Leaf-Diseases\00195_png.rf.5657fc09cf3f12d4a3d888da91da6cca.jpg,00195_png.rf.5657fc09cf3f12d4a3d888da91da6cca,0,,,,,
train,Leaf-Diseases,disease,D:\gemma4\segmentation_lattuce-desease\Roboflow_Dataset\train\Leaf-Diseases\00195_png.rf.9fe56339592042b8da556f1489b62857.jpg,00195_png.rf.9fe56339592042b8da556f1489b62857,0,,,,,
train,Leaf-Diseases,disease,D:\gemma4\segmentation_lattuce-desease\Roboflow_Dataset\train\Leaf-Diseases\00195_png.rf.d03ad94cd804f0f0d90e113be757457e.jpg,00195_png.rf.d03ad94cd804f0f0d90e113be757457e,0,,,,,
train,Leaf-Diseases,disease,D:\gemma4\segmentation_lattuce-desease\Roboflow_Dataset\train\Leaf-Diseases\00196_png.rf.50c3897dccfce2f2d83c58c4a2edb22b.jpg,00196_png.rf.50c3897dccfce2f2d83c58c4a2edb22b,0,,,,,
train,Leaf-Diseases,disease,D:\gemma4\segmentation_lattuce-desease\Roboflow_Dataset\train\Leaf-Diseases\00196_png.rf.5f2dbdab3bdf0665bed994adcb4fa272.jpg,00196_png.rf.5f2dbdab3bdf0665bed994adcb4fa272,0,,,,,
train,Leaf-Diseases,disease,D:\gemma4\segmentation_lattuce-desease\Roboflow_Dataset\train\Leaf-Diseases\00196_png.rf.a76d0b9506dd1b746048afeaea34c1c8.jpg,00196_png.rf.a76d0b9506dd1b746048afeaea34c1c8,0,,,,,
train,Leaf-Diseases,disease,D:\gemma4\segmentation_lattuce-desease\Roboflow_Dataset\train\Leaf-Diseases\00197_png.rf.30ade91d6ad0eba919e1d942d139d84c.jpg,00197_png.rf.30ade91d6ad0eba919e1d942d139d84c,0,,,,,
train,Leaf-Diseases,disease,D:\gemma4\segmentation_lattuce-desease\Roboflow_Dataset\train\Leaf-Diseases\00197_png.rf.57dfcfdbc216312458b3b665346f0b17.jpg,00197_png.rf.57dfcfdbc216312458b3b665346f0b17,0,,,,,
train,Leaf-Diseases,disease,D:\gemma4\segmentation_lattuce-desease\Roboflow_Dataset\train\Leaf-Diseases\00197_png.rf.baca8b83cb21616bc6c59556483eb7d6.jpg,00197_png.rf.baca8b83cb21616bc6c59556483eb7d6,0,,,,,
train,Leaf-Diseases,disease,D:\gemma4\segmentation_lattuce-desease\Roboflow_Dataset\train\Leaf-Diseases\00198_png.rf.42b5317c4667055771bc039283a2620c.jpg,00198_png.rf.42b5317c4667055771bc039283a2620c,0,,,,,
train,Leaf-Diseases,disease,D:\gemma4\segmentation_lattuce-desease\Roboflow_Dataset\train\Leaf-Diseases\00198_png.rf.5776f87fcc30efeb7c56bd0a228eeb51.jpg,00198_png.rf.5776f87fcc30efeb7c56bd0a228eeb51,0,,,,,
train,Leaf-Diseases,disease,D:\gemma4\segmentation_lattuce-desease\Roboflow_Dataset\train\Leaf-Diseases\00198_png.rf.aa994493d78829d3f416b6bff83468c1.jpg,00198_png.rf.aa994493d78829d3f416b6bff83468c1,0,,,,,
train,Leaf-Diseases,disease,D:\gemma4\segmentation_lattuce-desease\Roboflow_Dataset\train\Leaf-Diseases\00199_png.rf.14acf1dc702e29dc797d84b67d689ebe.jpg,00199_png.rf.14acf1dc702e29dc797d84b67d689ebe,0,,,,,
train,Leaf-Diseases,disease,D:\gemma4\segmentation_lattuce-desease\Roboflow_Dataset\train\Leaf-Diseases\00199_png.rf.4a0ce3751d89d30c4a68c12ae819ce74.jpg,00199_png.rf.4a0ce3751d89d30c4a68c12ae819ce74,0,,,,,
train,Leaf-Diseases,disease,D:\gemma4\segmentation_lattuce-desease\Roboflow_Dataset\train\Leaf-Diseases\00199_png.rf.640d16651e5d1ff0413105bcec1c7a5b.jpg,00199_png.rf.640d16651e5d1ff0413105bcec1c7a5b,0,,,,,
train,Leaf-Diseases,disease,D:\gemma4\segmentation_lattuce-desease\Roboflow_Dataset\train\Leaf-Diseases\00200_png.rf.27321254e400d0655cccad188dc95de6.jpg,00200_png.rf.27321254e400d0655cccad188dc95de6,0,,,,,
train,Leaf-Diseases,disease,D:\gemma4\segmentation_lattuce-desease\Roboflow_Dataset\train\Leaf-Diseases\00200_png.rf.2d14637009e09433475e80c086c20714.jpg,00200_png.rf.2d14637009e09433475e80c086c20714,0,,,,,
train,Leaf-Diseases,disease,D:\gemma4\segmentation_lattuce-desease\Roboflow_Dataset\train\Leaf-Diseases\00200_png.rf.9614b071bc58795737cdcb81bfe98e32.jpg,00200_png.rf.9614b071bc58795737cdcb81bfe98e32,0,,,,,
train,Leaf-Diseases,disease,D:\gemma4\segmentation_lattuce-desease\Roboflow_Dataset\train\Leaf-Diseases\00201_png.rf.13ee49bc19d710f1c41341bf345a4037.jpg,00201_png.rf.13ee49bc19d710f1c41341bf345a4037,0,,,,,
train,Leaf-Diseases,disease,D:\gemma4\segmentation_lattuce-desease\Roboflow_Dataset\train\Leaf-Diseases\00201_png.rf.179a21c4e75c1622ffa891cd81aafff7.jpg,00201_png.rf.179a21c4e75c1622ffa891cd81aafff7,0,,,,,
train,Leaf-Diseases,disease,D:\gemma4\segmentation_lattuce-desease\Roboflow_Dataset\train\Leaf-Diseases\00201_png.rf.8a3f52c0584df0aac964cf121a7078ca.jpg,00201_png.rf.8a3f52c0584df0aac964cf121a7078ca,0,,,,,
train,Leaf-Diseases,disease,D:\gemma4\segmentation_lattuce-desease\Roboflow_Dataset\train\Leaf-Diseases\00202_png.rf.0c532a82084870f71c0dd3368bbb071c.jpg,00202_png.rf.0c532a82084870f71c0dd3368bbb071c,0,,,,,
train,Leaf-Diseases,disease,D:\gemma4\segmentation_lattuce-desease\Roboflow_Dataset\train\Leaf-Diseases\00202_png.rf.c96a81dc6d00a054a6945370d3de8002.jpg,00202_png.rf.c96a81dc6d00a054a6945370d3de8002,0,,,,,
train,Leaf-Diseases,disease,D:\gemma4\segmentation_lattuce-desease\Roboflow_Dataset\train\Leaf-Diseases\00202_png.rf.e59cad86bbb9a72ddbc117ebc70244c3.jpg,00202_png.rf.e59cad86bbb9a72ddbc117ebc70244c3,0,,,,,
train,Leaf-Diseases,disease,D:\gemma4\segmentation_lattuce-desease\Roboflow_Dataset\train\Leaf-Diseases\00203_png.rf.d94841ef11173f7cc18140756fda83b8.jpg,00203_png.rf.d94841ef11173f7cc18140756fda83b8,0,,,,,
train,Leaf-Diseases,disease,D:\gemma4\segmentation_lattuce-desease\Roboflow_Dataset\train\Leaf-Diseases\00203_png.rf.ecdca14e536199b9da64b5d0b2431308.jpg,00203_png.rf.ecdca14e536199b9da64b5d0b2431308,0,,,,,
train,Leaf-Diseases,disease,D:\gemma4\segmentation_lattuce-desease\Roboflow_Dataset\train\Leaf-Diseases\00203_png.rf.ecf448a41f8476004b438d5bbb2a7cf2.jpg,00203_png.rf.ecf448a41f8476004b438d5bbb2a7cf2,0,,,,,
train,Leaf-Diseases,disease,D:\gemma4\segmentation_lattuce-desease\Roboflow_Dataset\train\Leaf-Diseases\00204_png.rf.60f8b4145a42081ef9bb609ad50dacd3.jpg,00204_png.rf.60f8b4145a42081ef9bb609ad50dacd3,0,,,,,
train,Leaf-Diseases,disease,D:\gemma4\segmentation_lattuce-desease\Roboflow_Dataset\train\Leaf-Diseases\00204_png.rf.91a2228e51927b147d84f06acca5bcf1.jpg,00204_png.rf.91a2228e51927b147d84f06acca5bcf1,0,,,,,
train,Leaf-Diseases,disease,D:\gemma4\segmentation_lattuce-desease\Roboflow_Dataset\train\Leaf-Diseases\00204_png.rf.b029764b770bd8888cca5a2636778b8b.jpg,00204_png.rf.b029764b770bd8888cca5a2636778b8b,0,,,,,
train,Leaf-Diseases,disease,D:\gemma4\segmentation_lattuce-desease\Roboflow_Dataset\train\Leaf-Diseases\00205_png.rf.3c8cb33b6a7516244664e4cb3183e98d.jpg,00205_png.rf.3c8cb33b6a7516244664e4cb3183e98d,0,,,,,
train,Leaf-Diseases,disease,D:\gemma4\segmentation_lattuce-desease\Roboflow_Dataset\train\Leaf-Diseases\00205_png.rf.870ed930ca0229759d7eb02be3489c8c.jpg,00205_png.rf.870ed930ca0229759d7eb02be3489c8c,0,,,,,
train,Leaf-Diseases,disease,D:\gemma4\segmentation_lattuce-desease\Roboflow_Dataset\train\Leaf-Diseases\00205_png.rf.aaf84b03cd457b080960d019ecdb7995.jpg,00205_png.rf.aaf84b03cd457b080960d019ecdb7995,0,,,,,
train,Leaf-Diseases,disease,D:\gemma4\segmentation_lattuce-desease\Roboflow_Dataset\train\Leaf-Diseases\00206_png.rf.208cfef052013b81a2fb650e8fe8021e.jpg,00206_png.rf.208cfef052013b81a2fb650e8fe8021e,0,,,,,
train,Leaf-Diseases,disease,D:\gemma4\segmentation_lattuce-desease\Roboflow_Dataset\train\Leaf-Diseases\00206_png.rf.cfc2b506fdb213899b3e2b998016a4d9.jpg,00206_png.rf.cfc2b506fdb213899b3e2b998016a4d9,0,,,,,
train,Leaf-Diseases,disease,D:\gemma4\segmentation_lattuce-desease\Roboflow_Dataset\train\Leaf-Diseases\00206_png.rf.f3a6ba1eda4e7d4aa0b262bd27d5328c.jpg,00206_png.rf.f3a6ba1eda4e7d4aa0b262bd27d5328c,0,,,,,
train,Leaf-Diseases,disease,D:\gemma4\segmentation_lattuce-desease\Roboflow_Dataset\train\Leaf-Diseases\00207_png.rf.89116eb5ce05f718836cf032aac431ad.jpg,00207_png.rf.89116eb5ce05f718836cf032aac431ad,0,,,,,
train,Leaf-Diseases,disease,D:\gemma4\segmentation_lattuce-desease\Roboflow_Dataset\train\Leaf-Diseases\00207_png.rf.92306cbcbe2edb91e49606be8909f7d8.jpg,00207_png.rf.92306cbcbe2edb91e49606be8909f7d8,0,,,,,
train,Leaf-Diseases,disease,D:\gemma4\segmentation_lattuce-desease\Roboflow_Dataset\train\Leaf-Diseases\00207_png.rf.a690d416c19187fef13783191e5ef04b.jpg,00207_png.rf.a690d416c19187fef13783191e5ef04b,0,,,,,
train,Leaf-Diseases,disease,D:\gemma4\segmentation_lattuce-desease\Roboflow_Dataset\train\Leaf-Diseases\00208_png.rf.123922335ec2889d9bdff961f043cac6.jpg,00208_png.rf.123922335ec2889d9bdff961f043cac6,0,,,,,
train,Leaf-Diseases,disease,D:\gemma4\segmentation_lattuce-desease\Roboflow_Dataset\train\Leaf-Diseases\00208_png.rf.874f8177cbf647892a4b4ab9ce3b04b6.jpg,00208_png.rf.874f8177cbf647892a4b4ab9ce3b04b6,0,,,,,
train,Leaf-Diseases,disease,D:\gemma4\segmentation_lattuce-desease\Roboflow_Dataset\train\Leaf-Diseases\00208_png.rf.b47158a1a8aa5f320a255836e0a7f8aa.jpg,00208_png.rf.b47158a1a8aa5f320a255836e0a7f8aa,0,,,,,
train,Leaf-Diseases,disease,D:\gemma4\segmentation_lattuce-desease\Roboflow_Dataset\train\Leaf-Diseases\00209_png.rf.1a3359bf9aaa0097e448fa8a0f28f3e6.jpg,00209_png.rf.1a3359bf9aaa0097e448fa8a0f28f3e6,0,,,,,
train,Leaf-Diseases,disease,D:\gemma4\segmentation_lattuce-desease\Roboflow_Dataset\train\Leaf-Diseases\00209_png.rf.845bb60ab85b4e50bee778835d2443a6.jpg,00209_png.rf.845bb60ab85b4e50bee778835d2443a6,0,,,,,
train,Leaf-Diseases,disease,D:\gemma4\segmentation_lattuce-desease\Roboflow_Dataset\train\Leaf-Diseases\00209_png.rf.b08f18c04431a663479619a5e486b2d3.jpg,00209_png.rf.b08f18c04431a663479619a5e486b2d3,0,,,,,
train,Leaf-Diseases,disease,D:\gemma4\segmentation_lattuce-desease\Roboflow_Dataset\train\Leaf-Diseases\00210_png.rf.0dffe8098bf98835872ba511335a405d.jpg,00210_png.rf.0dffe8098bf98835872ba511335a405d,0,,,,,
train,Leaf-Diseases,disease,D:\gemma4\segmentation_lattuce-desease\Roboflow_Dataset\train\Leaf-Diseases\00210_png.rf.34bbfefd6396e67e0e33247931519457.jpg,00210_png.rf.34bbfefd6396e67e0e33247931519457,0,,,,,
train,Leaf-Diseases,disease,D:\gemma4\segmentation_lattuce-desease\Roboflow_Dataset\train\Leaf-Diseases\00210_png.rf.8103b091409c17ea915e52612e112f69.jpg,00210_png.rf.8103b091409c17ea915e52612e112f69,0,,,,,
train,Leaf-Diseases,disease,D:\gemma4\segmentation_lattuce-desease\Roboflow_Dataset\train\Leaf-Diseases\00211_png.rf.808ab40209b36da82293ee18430efad3.jpg,00211_png.rf.808ab40209b36da82293ee18430efad3,0,,,,,
train,Leaf-Diseases,disease,D:\gemma4\segmentation_lattuce-desease\Roboflow_Dataset\train\Leaf-Diseases\00211_png.rf.cf136ee83d04a925b5d27899f4ed2e8e.jpg,00211_png.rf.cf136ee83d04a925b5d27899f4ed2e8e,0,,,,,
train,Leaf-Diseases,disease,D:\gemma4\segmentation_lattuce-desease\Roboflow_Dataset\train\Leaf-Diseases\00211_png.rf.eb0ed0bf239be2037c56dc2da2aed94f.jpg,00211_png.rf.eb0ed0bf239be2037c56dc2da2aed94f,0,,,,,
train,Leaf-Diseases,disease,D:\gemma4\segmentation_lattuce-desease\Roboflow_Dataset\train\Leaf-Diseases\00212_png.rf.2fe3069e72189de207b5f433261aa0bb.jpg,00212_png.rf.2fe3069e72189de207b5f433261aa0bb,0,,,,,
train,Leaf-Diseases,disease,D:\gemma4\segmentation_lattuce-desease\Roboflow_Dataset\train\Leaf-Diseases\00212_png.rf.677f630462a5fffae8d71a43bcb2767b.jpg,00212_png.rf.677f630462a5fffae8d71a43bcb2767b,0,,,,,
train,Leaf-Diseases,disease,D:\gemma4\segmentation_lattuce-desease\Roboflow_Dataset\train\Leaf-Diseases\00212_png.rf.e4b62ac4d84ed356120849b1263b7169.jpg,00212_png.rf.e4b62ac4d84ed356120849b1263b7169,0,,,,,
train,Leaf-Diseases,disease,D:\gemma4\segmentation_lattuce-desease\Roboflow_Dataset\train\Leaf-Diseases\00213_png.rf.4dd4b564723f0204001e5f887237aada.jpg,00213_png.rf.4dd4b564723f0204001e5f887237aada,0,,,,,
train,Leaf-Diseases,disease,D:\gemma4\segmentation_lattuce-desease\Roboflow_Dataset\train\Leaf-Diseases\00213_png.rf.6f0f37f7174c69e7a292378ef6bcea1a.jpg,00213_png.rf.6f0f37f7174c69e7a292378ef6bcea1a,0,,,,,
train,Leaf-Diseases,disease,D:\gemma4\segmentation_lattuce-desease\Roboflow_Dataset\train\Leaf-Diseases\00213_png.rf.b18c772c21afff2bbef36077f1aaf831.jpg,00213_png.rf.b18c772c21afff2bbef36077f1aaf831,0,,,,,
train,Leaf-Diseases,disease,D:\gemma4\segmentation_lattuce-desease\Roboflow_Dataset\train\Leaf-Diseases\00214_png.rf.8f0c83b838249c64a30192bf8d7c2e92.jpg,00214_png.rf.8f0c83b838249c64a30192bf8d7c2e92,0,,,,,
train,Leaf-Diseases,disease,D:\gemma4\segmentation_lattuce-desease\Roboflow_Dataset\train\Leaf-Diseases\00214_png.rf.961518b0fa03f573bfb8c4a2c72e2c78.jpg,00214_png.rf.961518b0fa03f573bfb8c4a2c72e2c78,0,,,,,
train,Leaf-Diseases,disease,D:\gemma4\segmentation_lattuce-desease\Roboflow_Dataset\train\Leaf-Diseases\00214_png.rf.c8032d44a662c89471621b3321882147.jpg,00214_png.rf.c8032d44a662c89471621b3321882147,0,,,,,
train,Leaf-Diseases,disease,D:\gemma4\segmentation_lattuce-desease\Roboflow_Dataset\train\Leaf-Diseases\00215_png.rf.2311f9cd6a187630bfb18dffa098f4eb.jpg,00215_png.rf.2311f9cd6a187630bfb18dffa098f4eb,0,,,,,
train,Leaf-Diseases,disease,D:\gemma4\segmentation_lattuce-desease\Roboflow_Dataset\train\Leaf-Diseases\00215_png.rf.4553b873c5d09f5d88421240cc3aaa1d.jpg,00215_png.rf.4553b873c5d09f5d88421240cc3aaa1d,0,,,,,
train,Leaf-Diseases,disease,D:\gemma4\segmentation_lattuce-desease\Roboflow_Dataset\train\Leaf-Diseases\00215_png.rf.b2e04895db17458a217f0743d7cb4909.jpg,00215_png.rf.b2e04895db17458a217f0743d7cb4909,0,,,,,
train,Leaf-Diseases,disease,D:\gemma4\segmentation_lattuce-desease\Roboflow_Dataset\train\Leaf-Diseases\00216_png.rf.6f44eaf4afd099c086e9488d7ac18234.jpg,00216_png.rf.6f44eaf4afd099c086e9488d7ac18234,0,,,,,
train,Leaf-Diseases,disease,D:\gemma4\segmentation_lattuce-desease\Roboflow_Dataset\train\Leaf-Diseases\00216_png.rf.a52b7a8bc5e251815198b985e7aa0a20.jpg,00216_png.rf.a52b7a8bc5e251815198b985e7aa0a20,0,,,,,
train,Leaf-Diseases,disease,D:\gemma4\segmentation_lattuce-desease\Roboflow_Dataset\train\Leaf-Diseases\00216_png.rf.a64cd3e0c760ae243c04e75da131e277.jpg,00216_png.rf.a64cd3e0c760ae243c04e75da131e277,0,,,,,
train,Leaf-Diseases,disease,D:\gemma4\segmentation_lattuce-desease\Roboflow_Dataset\train\Leaf-Diseases\00217_png.rf.0d6490c6cf81dfea1490ed94b1c71958.jpg,00217_png.rf.0d6490c6cf81dfea1490ed94b1c71958,0,,,,,
train,Leaf-Diseases,disease,D:\gemma4\segmentation_lattuce-desease\Roboflow_Dataset\train\Leaf-Diseases\00217_png.rf.521e5fe7bbcc85a97868fbf5133eae7d.jpg,00217_png.rf.521e5fe7bbcc85a97868fbf5133eae7d,0,,,,,
train,Leaf-Diseases,disease,D:\gemma4\segmentation_lattuce-desease\Roboflow_Dataset\train\Leaf-Diseases\00217_png.rf.577cb0814f11ae727f16582f97026bdb.jpg,00217_png.rf.577cb0814f11ae727f16582f97026bdb,0,,,,,
train,Leaf-Diseases,disease,D:\gemma4\segmentation_lattuce-desease\Roboflow_Dataset\train\Leaf-Diseases\00218_png.rf.2674c35f1462169ba0c4251a8e5c0185.jpg,00218_png.rf.2674c35f1462169ba0c4251a8e5c0185,0,,,,,
train,Leaf-Diseases,disease,D:\gemma4\segmentation_lattuce-desease\Roboflow_Dataset\train\Leaf-Diseases\00218_png.rf.4472ecd3ae36f7462a2542521e7ed584.jpg,00218_png.rf.4472ecd3ae36f7462a2542521e7ed584,0,,,,,
train,Leaf-Diseases,disease,D:\gemma4\segmentation_lattuce-desease\Roboflow_Dataset\train\Leaf-Diseases\00218_png.rf.c6497e179acd805cbd9f3e512ebd47ee.jpg,00218_png.rf.c6497e179acd805cbd9f3e512ebd47ee,0,,,,,
train,Leaf-Diseases,disease,D:\gemma4\segmentation_lattuce-desease\Roboflow_Dataset\train\Leaf-Diseases\00219_png.rf.94296b2e0f3dea3eca46c0e1c27cc4c3.jpg,00219_png.rf.94296b2e0f3dea3eca46c0e1c27cc4c3,0,,,,,
train,Leaf-Diseases,disease,D:\gemma4\segmentation_lattuce-desease\Roboflow_Dataset\train\Leaf-Diseases\00219_png.rf.c3d51f6c2630688ff8b885d357423917.jpg,00219_png.rf.c3d51f6c2630688ff8b885d357423917,0,,,,,
train,Leaf-Diseases,disease,D:\gemma4\segmentation_lattuce-desease\Roboflow_Dataset\train\Leaf-Diseases\00219_png.rf.f771ba483dfcafe93a4d0a2397527aea.jpg,00219_png.rf.f771ba483dfcafe93a4d0a2397527aea,0,,,,,
train,Leaf-Diseases,disease,D:\gemma4\segmentation_lattuce-desease\Roboflow_Dataset\train\Leaf-Diseases\00220_png.rf.2c54ae29b0f2f161d4f4585e8d8bd9d4.jpg,00220_png.rf.2c54ae29b0f2f161d4f4585e8d8bd9d4,0,,,,,
train,Leaf-Diseases,disease,D:\gemma4\segmentation_lattuce-desease\Roboflow_Dataset\train\Leaf-Diseases\00220_png.rf.6ca02dfb600057fb996c3824aec2715e.jpg,00220_png.rf.6ca02dfb600057fb996c3824aec2715e,0,,,,,
train,Leaf-Diseases,disease,D:\gemma4\segmentation_lattuce-desease\Roboflow_Dataset\train\Leaf-Diseases\00220_png.rf.dd7591c586fa2936714dc7c905b0c7e4.jpg,00220_png.rf.dd7591c586fa2936714dc7c905b0c7e4,0,,,,,
train,Leaf-Diseases,disease,D:\gemma4\segmentation_lattuce-desease\Roboflow_Dataset\train\Leaf-Diseases\00221_png.rf.36b94b926aec219d9a6df35b03a25e5b.jpg,00221_png.rf.36b94b926aec219d9a6df35b03a25e5b,0,,,,,
train,Leaf-Diseases,disease,D:\gemma4\segmentation_lattuce-desease\Roboflow_Dataset\train\Leaf-Diseases\00221_png.rf.5c05774d37c495dd0fdda6c179df1f47.jpg,00221_png.rf.5c05774d37c495dd0fdda6c179df1f47,0,,,,,
train,Leaf-Diseases,disease,D:\gemma4\segmentation_lattuce-desease\Roboflow_Dataset\train\Leaf-Diseases\00221_png.rf.9bb1e3817f42fab806c55cf6b6b261d1.jpg,00221_png.rf.9bb1e3817f42fab806c55cf6b6b261d1,0,,,,,
train,Leaf-Diseases,disease,D:\gemma4\segmentation_lattuce-desease\Roboflow_Dataset\train\Leaf-Diseases\00222_png.rf.74b82cd5248157e18eee9c0104333414.jpg,00222_png.rf.74b82cd5248157e18eee9c0104333414,0,,,,,
train,Leaf-Diseases,disease,D:\gemma4\segmentation_lattuce-desease\Roboflow_Dataset\train\Leaf-Diseases\00222_png.rf.968cb1241bc59331f651ad271fd6da02.jpg,00222_png.rf.968cb1241bc59331f651ad271fd6da02,0,,,,,
train,Leaf-Diseases,disease,D:\gemma4\segmentation_lattuce-desease\Roboflow_Dataset\train\Leaf-Diseases\00222_png.rf.b1aae6283a8665ac782bb36a191b0642.jpg,00222_png.rf.b1aae6283a8665ac782bb36a191b0642,0,,,,,
train,Leaf-Diseases,disease,D:\gemma4\segmentation_lattuce-desease\Roboflow_Dataset\train\Leaf-Diseases\00223_png.rf.1f58ba6aa87584783db49a6f2c2a1653.jpg,00223_png.rf.1f58ba6aa87584783db49a6f2c2a1653,0,,,,,
train,Leaf-Diseases,disease,D:\gemma4\segmentation_lattuce-desease\Roboflow_Dataset\train\Leaf-Diseases\00223_png.rf.eb63b458f587dbb7b04fab73291b8f4e.jpg,00223_png.rf.eb63b458f587dbb7b04fab73291b8f4e,0,,,,,
train,Leaf-Diseases,disease,D:\gemma4\segmentation_lattuce-desease\Roboflow_Dataset\train\Leaf-Diseases\00223_png.rf.f0de3b7b44cc7c3187e491a83d66bb04.jpg,00223_png.rf.f0de3b7b44cc7c3187e491a83d66bb04,0,,,,,
train,Leaf-Diseases,disease,D:\gemma4\segmentation_lattuce-desease\Roboflow_Dataset\train\Leaf-Diseases\00224_png.rf.08b616e82886401fc03facf79316a074.jpg,00224_png.rf.08b616e82886401fc03facf79316a074,0,,,,,
train,Leaf-Diseases,disease,D:\gemma4\segmentation_lattuce-desease\Roboflow_Dataset\train\Leaf-Diseases\00224_png.rf.48461876b3777c070fcdf8850af3f59f.jpg,00224_png.rf.48461876b3777c070fcdf8850af3f59f,0,,,,,
train,Leaf-Diseases,disease,D:\gemma4\segmentation_lattuce-desease\Roboflow_Dataset\train\Leaf-Diseases\00224_png.rf.dc70ef27850020f7cffab626b450e095.jpg,00224_png.rf.dc70ef27850020f7cffab626b450e095,0,,,,,
train,Leaf-Diseases,disease,D:\gemma4\segmentation_lattuce-desease\Roboflow_Dataset\train\Leaf-Diseases\00225_png.rf.23d13ef50b7d9e5a0974f89f8563f563.jpg,00225_png.rf.23d13ef50b7d9e5a0974f89f8563f563,0,,,,,
train,Leaf-Diseases,disease,D:\gemma4\segmentation_lattuce-desease\Roboflow_Dataset\train\Leaf-Diseases\00225_png.rf.4ed6c96c6f002028886871dd710a6b46.jpg,00225_png.rf.4ed6c96c6f002028886871dd710a6b46,0,,,,,
train,Leaf-Diseases,disease,D:\gemma4\segmentation_lattuce-desease\Roboflow_Dataset\train\Leaf-Diseases\00225_png.rf.6b7698c21e82ea04f9942aa4bedfde77.jpg,00225_png.rf.6b7698c21e82ea04f9942aa4bedfde77,0,,,,,
train,Leaf-Diseases,disease,D:\gemma4\segmentation_lattuce-desease\Roboflow_Dataset\train\Leaf-Diseases\00226_png.rf.3d561be010ea5e2066075f6af3d22138.jpg,00226_png.rf.3d561be010ea5e2066075f6af3d22138,0,,,,,
train,Leaf-Diseases,disease,D:\gemma4\segmentation_lattuce-desease\Roboflow_Dataset\train\Leaf-Diseases\00226_png.rf.c4d88c97622c6261a35636f69dae32c6.jpg,00226_png.rf.c4d88c97622c6261a35636f69dae32c6,0,,,,,
train,Leaf-Diseases,disease,D:\gemma4\segmentation_lattuce-desease\Roboflow_Dataset\train\Leaf-Diseases\00226_png.rf.f479b3e48ffced219d1c33c707ba2948.jpg,00226_png.rf.f479b3e48ffced219d1c33c707ba2948,0,,,,,
train,Leaf-Diseases,disease,D:\gemma4\segmentation_lattuce-desease\Roboflow_Dataset\train\Leaf-Diseases\00227_png.rf.2640836006bf92b06d71b5192a30af55.jpg,00227_png.rf.2640836006bf92b06d71b5192a30af55,0,,,,,
train,Leaf-Diseases,disease,D:\gemma4\segmentation_lattuce-desease\Roboflow_Dataset\train\Leaf-Diseases\00227_png.rf.570f0e19c32dd0206c05382d93709df9.jpg,00227_png.rf.570f0e19c32dd0206c05382d93709df9,0,,,,,
train,Leaf-Diseases,disease,D:\gemma4\segmentation_lattuce-desease\Roboflow_Dataset\train\Leaf-Diseases\00227_png.rf.8c15c1fe059123233160ffe39c11964f.jpg,00227_png.rf.8c15c1fe059123233160ffe39c11964f,0,,,,,
train,Leaf-Diseases,disease,D:\gemma4\segmentation_lattuce-desease\Roboflow_Dataset\train\Leaf-Diseases\00228_png.rf.556a2caff9e1364a9e1bdbc7145e2a37.jpg,00228_png.rf.556a2caff9e1364a9e1bdbc7145e2a37,0,,,,,
train,Leaf-Diseases,disease,D:\gemma4\segmentation_lattuce-desease\Roboflow_Dataset\train\Leaf-Diseases\00228_png.rf.df1a4643cd61a1d4947d0572838ac22d.jpg,00228_png.rf.df1a4643cd61a1d4947d0572838ac22d,0,,,,,
train,Leaf-Diseases,disease,D:\gemma4\segmentation_lattuce-desease\Roboflow_Dataset\train\Leaf-Diseases\00228_png.rf.fe3ad36394fd4150c490875058db8073.jpg,00228_png.rf.fe3ad36394fd4150c490875058db8073,0,,,,,
train,Leaf-Diseases,disease,D:\gemma4\segmentation_lattuce-desease\Roboflow_Dataset\train\Leaf-Diseases\00229_png.rf.02bd648548a0d6e3816d3733275bd340.jpg,00229_png.rf.02bd648548a0d6e3816d3733275bd340,0,,,,,
train,Leaf-Diseases,disease,D:\gemma4\segmentation_lattuce-desease\Roboflow_Dataset\train\Leaf-Diseases\00229_png.rf.9bddf5977223302f67c841ef0f0ac196.jpg,00229_png.rf.9bddf5977223302f67c841ef0f0ac196,0,,,,,
train,Leaf-Diseases,disease,D:\gemma4\segmentation_lattuce-desease\Roboflow_Dataset\train\Leaf-Diseases\00229_png.rf.ebd20739161dc07bef0b355b513742d6.jpg,00229_png.rf.ebd20739161dc07bef0b355b513742d6,0,,,,,
train,Leaf-Diseases,disease,D:\gemma4\segmentation_lattuce-desease\Roboflow_Dataset\train\Leaf-Diseases\00230_png.rf.29f2c733d4487bb5451b1dbb8ea12d4e.jpg,00230_png.rf.29f2c733d4487bb5451b1dbb8ea12d4e,0,,,,,
train,Leaf-Diseases,disease,D:\gemma4\segmentation_lattuce-desease\Roboflow_Dataset\train\Leaf-Diseases\00230_png.rf.7f1a4aa7b5cc507dc8629b2ffde8b3d0.jpg,00230_png.rf.7f1a4aa7b5cc507dc8629b2ffde8b3d0,0,,,,,
train,Leaf-Diseases,disease,D:\gemma4\segmentation_lattuce-desease\Roboflow_Dataset\train\Leaf-Diseases\00230_png.rf.baaed2367fe31e70330f861f8da9538d.jpg,00230_png.rf.baaed2367fe31e70330f861f8da9538d,0,,,,,
train,Leaf-Diseases,disease,D:\gemma4\segmentation_lattuce-desease\Roboflow_Dataset\train\Leaf-Diseases\00231_png.rf.094a6db193bfb291455df80aea5bc0ce.jpg,00231_png.rf.094a6db193bfb291455df80aea5bc0ce,0,,,,,
train,Leaf-Diseases,disease,D:\gemma4\segmentation_lattuce-desease\Roboflow_Dataset\train\Leaf-Diseases\00231_png.rf.1cd5452444dcf7f118934f4437bac918.jpg,00231_png.rf.1cd5452444dcf7f118934f4437bac918,0,,,,,
train,Leaf-Diseases,disease,D:\gemma4\segmentation_lattuce-desease\Roboflow_Dataset\train\Leaf-Diseases\00231_png.rf.f1d8c4afed88a5217973c74ef786219e.jpg,00231_png.rf.f1d8c4afed88a5217973c74ef786219e,0,,,,,
train,Leaf-Diseases,disease,D:\gemma4\segmentation_lattuce-desease\Roboflow_Dataset\train\Leaf-Diseases\00232_png.rf.0e4bd9063ede14c7af97f8c82f7d3faa.jpg,00232_png.rf.0e4bd9063ede14c7af97f8c82f7d3faa,0,,,,,
train,Leaf-Diseases,disease,D:\gemma4\segmentation_lattuce-desease\Roboflow_Dataset\train\Leaf-Diseases\00232_png.rf.922d259302c1264bba9fd16375f5dd57.jpg,00232_png.rf.922d259302c1264bba9fd16375f5dd57,0,,,,,
train,Leaf-Diseases,disease,D:\gemma4\segmentation_lattuce-desease\Roboflow_Dataset\train\Leaf-Diseases\00232_png.rf.b5627c357c445e0709528400fcba9085.jpg,00232_png.rf.b5627c357c445e0709528400fcba9085,0,,,,,
train,Leaf-Diseases,disease,D:\gemma4\segmentation_lattuce-desease\Roboflow_Dataset\train\Leaf-Diseases\00233_png.rf.76153bb53a4c241f45a0d2377f1e7295.jpg,00233_png.rf.76153bb53a4c241f45a0d2377f1e7295,0,,,,,
train,Leaf-Diseases,disease,D:\gemma4\segmentation_lattuce-desease\Roboflow_Dataset\train\Leaf-Diseases\00233_png.rf.d0c5d70a5c3e4afffae7c86dd6fdc0ff.jpg,00233_png.rf.d0c5d70a5c3e4afffae7c86dd6fdc0ff,0,,,,,
train,Leaf-Diseases,disease,D:\gemma4\segmentation_lattuce-desease\Roboflow_Dataset\train\Leaf-Diseases\00233_png.rf.d41aba14566f2fd32999be8f2ceae8fb.jpg,00233_png.rf.d41aba14566f2fd32999be8f2ceae8fb,0,,,,,
train,Leaf-Diseases,disease,D:\gemma4\segmentation_lattuce-desease\Roboflow_Dataset\train\Leaf-Diseases\00234_png.rf.d05771469fecf5f11b174f4348f822d5.jpg,00234_png.rf.d05771469fecf5f11b174f4348f822d5,0,,,,,
train,Leaf-Diseases,disease,D:\gemma4\segmentation_lattuce-desease\Roboflow_Dataset\train\Leaf-Diseases\00234_png.rf.e489a9b105a7262489668c06e21763fa.jpg,00234_png.rf.e489a9b105a7262489668c06e21763fa,0,,,,,
train,Leaf-Diseases,disease,D:\gemma4\segmentation_lattuce-desease\Roboflow_Dataset\train\Leaf-Diseases\00234_png.rf.e7161e8f37d35f82a7a4ff350338a330.jpg,00234_png.rf.e7161e8f37d35f82a7a4ff350338a330,0,,,,,
train,Leaf-Diseases,disease,D:\gemma4\segmentation_lattuce-desease\Roboflow_Dataset\train\Leaf-Diseases\00235_png.rf.0fe421929505c9bdb099f723507148b2.jpg,00235_png.rf.0fe421929505c9bdb099f723507148b2,0,,,,,
train,Leaf-Diseases,disease,D:\gemma4\segmentation_lattuce-desease\Roboflow_Dataset\train\Leaf-Diseases\00235_png.rf.765198a351286fe37d5e7e863209e157.jpg,00235_png.rf.765198a351286fe37d5e7e863209e157,0,,,,,
train,Leaf-Diseases,disease,D:\gemma4\segmentation_lattuce-desease\Roboflow_Dataset\train\Leaf-Diseases\00235_png.rf.af08d4fc753fdf869bd2962114171719.jpg,00235_png.rf.af08d4fc753fdf869bd2962114171719,0,,,,,
train,Leaf-Diseases,disease,D:\gemma4\segmentation_lattuce-desease\Roboflow_Dataset\train\Leaf-Diseases\00236_png.rf.3c41692aebcafd353ab4a9f376d87819.jpg,00236_png.rf.3c41692aebcafd353ab4a9f376d87819,0,,,,,
train,Leaf-Diseases,disease,D:\gemma4\segmentation_lattuce-desease\Roboflow_Dataset\train\Leaf-Diseases\00236_png.rf.66157d41b71b5c973bca4c138f45ac68.jpg,00236_png.rf.66157d41b71b5c973bca4c138f45ac68,0,,,,,
train,Leaf-Diseases,disease,D:\gemma4\segmentation_lattuce-desease\Roboflow_Dataset\train\Leaf-Diseases\00236_png.rf.da1873917b6f4ce6fcd3b2cbef4cb7e5.jpg,00236_png.rf.da1873917b6f4ce6fcd3b2cbef4cb7e5,0,,,,,
train,Leaf-Diseases,disease,D:\gemma4\segmentation_lattuce-desease\Roboflow_Dataset\train\Leaf-Diseases\00237_png.rf.7b040615405dd01060c552695b69f436.jpg,00237_png.rf.7b040615405dd01060c552695b69f436,0,,,,,
train,Leaf-Diseases,disease,D:\gemma4\segmentation_lattuce-desease\Roboflow_Dataset\train\Leaf-Diseases\00237_png.rf.8c6f24a21b97ca61a713826140fdf265.jpg,00237_png.rf.8c6f24a21b97ca61a713826140fdf265,0,,,,,
train,Leaf-Diseases,disease,D:\gemma4\segmentation_lattuce-desease\Roboflow_Dataset\train\Leaf-Diseases\00237_png.rf.c20fd71ae96131f809507d337b322b5c.jpg,00237_png.rf.c20fd71ae96131f809507d337b322b5c,0,,,,,
train,Leaf-Diseases,disease,D:\gemma4\segmentation_lattuce-desease\Roboflow_Dataset\train\Leaf-Diseases\00238_png.rf.34938c4d55bdb40cdd66dc69063555d9.jpg,00238_png.rf.34938c4d55bdb40cdd66dc69063555d9,0,,,,,
train,Leaf-Diseases,disease,D:\gemma4\segmentation_lattuce-desease\Roboflow_Dataset\train\Leaf-Diseases\00238_png.rf.50ac7e5a3207e8f7917d473b2805d157.jpg,00238_png.rf.50ac7e5a3207e8f7917d473b2805d157,0,,,,,
train,Leaf-Diseases,disease,D:\gemma4\segmentation_lattuce-desease\Roboflow_Dataset\train\Leaf-Diseases\00238_png.rf.65fca2db0f470157f714b35e05f1862f.jpg,00238_png.rf.65fca2db0f470157f714b35e05f1862f,0,,,,,
train,Leaf-Diseases,disease,D:\gemma4\segmentation_lattuce-desease\Roboflow_Dataset\train\Leaf-Diseases\00239_png.rf.2c49663a0afd003a7fb0f5a8c14acaaf.jpg,00239_png.rf.2c49663a0afd003a7fb0f5a8c14acaaf,0,,,,,
train,Leaf-Diseases,disease,D:\gemma4\segmentation_lattuce-desease\Roboflow_Dataset\train\Leaf-Diseases\00239_png.rf.417872d4c1f0c57410d1eff6f015e157.jpg,00239_png.rf.417872d4c1f0c57410d1eff6f015e157,0,,,,,
train,Leaf-Diseases,disease,D:\gemma4\segmentation_lattuce-desease\Roboflow_Dataset\train\Leaf-Diseases\00239_png.rf.af4203ec4c7bf2c2003e5a3627cdd3b3.jpg,00239_png.rf.af4203ec4c7bf2c2003e5a3627cdd3b3,0,,,,,
train,Leaf-Diseases,disease,D:\gemma4\segmentation_lattuce-desease\Roboflow_Dataset\train\Leaf-Diseases\00240_png.rf.5b5f6a275c9727a2f8684d5f0efc9606.jpg,00240_png.rf.5b5f6a275c9727a2f8684d5f0efc9606,0,,,,,
train,Leaf-Diseases,disease,D:\gemma4\segmentation_lattuce-desease\Roboflow_Dataset\train\Leaf-Diseases\00240_png.rf.8249f4bfc0f032dd638e90ffdeb15b1e.jpg,00240_png.rf.8249f4bfc0f032dd638e90ffdeb15b1e,0,,,,,
train,Leaf-Diseases,disease,D:\gemma4\segmentation_lattuce-desease\Roboflow_Dataset\train\Leaf-Diseases\00240_png.rf.bab76c4954ea5996096708cc4898a76a.jpg,00240_png.rf.bab76c4954ea5996096708cc4898a76a,0,,,,,
train,Leaf-Diseases,disease,D:\gemma4\segmentation_lattuce-desease\Roboflow_Dataset\train\Leaf-Diseases\00241_png.rf.1de0c46a5d8acd9378b4f32b3a172395.jpg,00241_png.rf.1de0c46a5d8acd9378b4f32b3a172395,0,,,,,
train,Leaf-Diseases,disease,D:\gemma4\segmentation_lattuce-desease\Roboflow_Dataset\train\Leaf-Diseases\00241_png.rf.93b22a7738d4a100b1787c3196ce373b.jpg,00241_png.rf.93b22a7738d4a100b1787c3196ce373b,0,,,,,
train,Leaf-Diseases,disease,D:\gemma4\segmentation_lattuce-desease\Roboflow_Dataset\train\Leaf-Diseases\00241_png.rf.a6996a20b1e8ab31dd758e3aef70c238.jpg,00241_png.rf.a6996a20b1e8ab31dd758e3aef70c238,0,,,,,
train,Leaf-Diseases,disease,D:\gemma4\segmentation_lattuce-desease\Roboflow_Dataset\train\Leaf-Diseases\00242_png.rf.13b288302233ed919379d498efad3186.jpg,00242_png.rf.13b288302233ed919379d498efad3186,0,,,,,
train,Leaf-Diseases,disease,D:\gemma4\segmentation_lattuce-desease\Roboflow_Dataset\train\Leaf-Diseases\00242_png.rf.e22b7345becec73996ef1a1140155f66.jpg,00242_png.rf.e22b7345becec73996ef1a1140155f66,0,,,,,
train,Leaf-Diseases,disease,D:\gemma4\segmentation_lattuce-desease\Roboflow_Dataset\train\Leaf-Diseases\00242_png.rf.ea3065c3c804155ea46acb969ad15d2f.jpg,00242_png.rf.ea3065c3c804155ea46acb969ad15d2f,0,,,,,
train,Leaf-Diseases,disease,D:\gemma4\segmentation_lattuce-desease\Roboflow_Dataset\train\Leaf-Diseases\00243_png.rf.4c207516682bd438180649f4ed17cfee.jpg,00243_png.rf.4c207516682bd438180649f4ed17cfee,0,,,,,
train,Leaf-Diseases,disease,D:\gemma4\segmentation_lattuce-desease\Roboflow_Dataset\train\Leaf-Diseases\00243_png.rf.d689fccf3f970b7920628b4c9a37995b.jpg,00243_png.rf.d689fccf3f970b7920628b4c9a37995b,0,,,,,
train,Leaf-Diseases,disease,D:\gemma4\segmentation_lattuce-desease\Roboflow_Dataset\train\Leaf-Diseases\00243_png.rf.e997a4ffd45a59d210a2e08d9765c139.jpg,00243_png.rf.e997a4ffd45a59d210a2e08d9765c139,0,,,,,
train,Leaf-Diseases,disease,D:\gemma4\segmentation_lattuce-desease\Roboflow_Dataset\train\Leaf-Diseases\00244_png.rf.4a039d4f0e3325a6a00d35f9ea71285c.jpg,00244_png.rf.4a039d4f0e3325a6a00d35f9ea71285c,0,,,,,
train,Leaf-Diseases,disease,D:\gemma4\segmentation_lattuce-desease\Roboflow_Dataset\train\Leaf-Diseases\00244_png.rf.65c463c9ae35e0856e87bd186cd486a7.jpg,00244_png.rf.65c463c9ae35e0856e87bd186cd486a7,0,,,,,
train,Leaf-Diseases,disease,D:\gemma4\segmentation_lattuce-desease\Roboflow_Dataset\train\Leaf-Diseases\00244_png.rf.d5db5340ca0f74178c2226f16bf5f75e.jpg,00244_png.rf.d5db5340ca0f74178c2226f16bf5f75e,0,,,,,
train,Leaf-Diseases,disease,D:\gemma4\segmentation_lattuce-desease\Roboflow_Dataset\train\Leaf-Diseases\00245_png.rf.5475d1ce8911a873476ae5c5f1a64bd1.jpg,00245_png.rf.5475d1ce8911a873476ae5c5f1a64bd1,0,,,,,
train,Leaf-Diseases,disease,D:\gemma4\segmentation_lattuce-desease\Roboflow_Dataset\train\Leaf-Diseases\00245_png.rf.596aca96382848c351d08fe8dd7ab72a.jpg,00245_png.rf.596aca96382848c351d08fe8dd7ab72a,0,,,,,
train,Leaf-Diseases,disease,D:\gemma4\segmentation_lattuce-desease\Roboflow_Dataset\train\Leaf-Diseases\00245_png.rf.d3aa68182c08d877773dd03b3ff7970f.jpg,00245_png.rf.d3aa68182c08d877773dd03b3ff7970f,0,,,,,
train,Leaf-Diseases,disease,D:\gemma4\segmentation_lattuce-desease\Roboflow_Dataset\train\Leaf-Diseases\00246_png.rf.4341d6021cc7f297436e32da932b5e64.jpg,00246_png.rf.4341d6021cc7f297436e32da932b5e64,0,,,,,
train,Leaf-Diseases,disease,D:\gemma4\segmentation_lattuce-desease\Roboflow_Dataset\train\Leaf-Diseases\00246_png.rf.594a9f4eb91a27d69cbe81310acfc6c4.jpg,00246_png.rf.594a9f4eb91a27d69cbe81310acfc6c4,0,,,,,
train,Leaf-Diseases,disease,D:\gemma4\segmentation_lattuce-desease\Roboflow_Dataset\train\Leaf-Diseases\00246_png.rf.c2b0ec8cce1949d70f8367fabb278492.jpg,00246_png.rf.c2b0ec8cce1949d70f8367fabb278492,0,,,,,
train,Leaf-Diseases,disease,D:\gemma4\segmentation_lattuce-desease\Roboflow_Dataset\train\Leaf-Diseases\00247_png.rf.0457fda08a41a83b3f916341f227f685.jpg,00247_png.rf.0457fda08a41a83b3f916341f227f685,0,,,,,
train,Leaf-Diseases,disease,D:\gemma4\segmentation_lattuce-desease\Roboflow_Dataset\train\Leaf-Diseases\00247_png.rf.280f659ff8ed9930ce52c060078a2b63.jpg,00247_png.rf.280f659ff8ed9930ce52c060078a2b63,0,,,,,
train,Leaf-Diseases,disease,D:\gemma4\segmentation_lattuce-desease\Roboflow_Dataset\train\Leaf-Diseases\00247_png.rf.c3bad5c25fb7e98ee55202913575e1f4.jpg,00247_png.rf.c3bad5c25fb7e98ee55202913575e1f4,0,,,,,
train,Leaf-Diseases,disease,D:\gemma4\segmentation_lattuce-desease\Roboflow_Dataset\train\Leaf-Diseases\00248_png.rf.06bd9b27bfbcccc99eea08be99ee2960.jpg,00248_png.rf.06bd9b27bfbcccc99eea08be99ee2960,0,,,,,
train,Leaf-Diseases,disease,D:\gemma4\segmentation_lattuce-desease\Roboflow_Dataset\train\Leaf-Diseases\00248_png.rf.5e28b8d02e2ef821e71ba76d3b590e72.jpg,00248_png.rf.5e28b8d02e2ef821e71ba76d3b590e72,0,,,,,
train,Leaf-Diseases,disease,D:\gemma4\segmentation_lattuce-desease\Roboflow_Dataset\train\Leaf-Diseases\00248_png.rf.9ea949fd375eb2848ee49aff3b9fdfeb.jpg,00248_png.rf.9ea949fd375eb2848ee49aff3b9fdfeb,0,,,,,
train,Leaf-Diseases,disease,D:\gemma4\segmentation_lattuce-desease\Roboflow_Dataset\train\Leaf-Diseases\00249_png.rf.47a84ce4cf28cc2c1e0f965be2c502a8.jpg,00249_png.rf.47a84ce4cf28cc2c1e0f965be2c502a8,0,,,,,
train,Leaf-Diseases,disease,D:\gemma4\segmentation_lattuce-desease\Roboflow_Dataset\train\Leaf-Diseases\00249_png.rf.5108068e0a78cf09e9b7e141d9bbf18a.jpg,00249_png.rf.5108068e0a78cf09e9b7e141d9bbf18a,0,,,,,
train,Leaf-Diseases,disease,D:\gemma4\segmentation_lattuce-desease\Roboflow_Dataset\train\Leaf-Diseases\00249_png.rf.664894971248a859c30d54434d28ee03.jpg,00249_png.rf.664894971248a859c30d54434d28ee03,0,,,,,
train,Leaf-Diseases,disease,D:\gemma4\segmentation_lattuce-desease\Roboflow_Dataset\train\Leaf-Diseases\00250_png.rf.a0ac32b0d0b9652326b1099070f3ea35.jpg,00250_png.rf.a0ac32b0d0b9652326b1099070f3ea35,0,,,,,
train,Leaf-Diseases,disease,D:\gemma4\segmentation_lattuce-desease\Roboflow_Dataset\train\Leaf-Diseases\00250_png.rf.dc5c2e0469909fabe5d1d46e5581be23.jpg,00250_png.rf.dc5c2e0469909fabe5d1d46e5581be23,0,,,,,
train,Leaf-Diseases,disease,D:\gemma4\segmentation_lattuce-desease\Roboflow_Dataset\train\Leaf-Diseases\00250_png.rf.ea5bada67b2c22a6477b13a8dc0fd18f.jpg,00250_png.rf.ea5bada67b2c22a6477b13a8dc0fd18f,0,,,,,
train,Leaf-Diseases,disease,D:\gemma4\segmentation_lattuce-desease\Roboflow_Dataset\train\Leaf-Diseases\00251_png.rf.83189b1a9bf043e14cf914bd703faf1d.jpg,00251_png.rf.83189b1a9bf043e14cf914bd703faf1d,0,,,,,
train,Leaf-Diseases,disease,D:\gemma4\segmentation_lattuce-desease\Roboflow_Dataset\train\Leaf-Diseases\00251_png.rf.83b3b7adb5f25d8f110c5e2a5869dab0.jpg,00251_png.rf.83b3b7adb5f25d8f110c5e2a5869dab0,0,,,,,
train,Leaf-Diseases,disease,D:\gemma4\segmentation_lattuce-desease\Roboflow_Dataset\train\Leaf-Diseases\00251_png.rf.bc9bbd20b332fb610d424c50dd32458f.jpg,00251_png.rf.bc9bbd20b332fb610d424c50dd32458f,0,,,,,
train,Leaf-Diseases,disease,D:\gemma4\segmentation_lattuce-desease\Roboflow_Dataset\train\Leaf-Diseases\00252_png.rf.30018f759e7bf9c941d54cd4b2176f95.jpg,00252_png.rf.30018f759e7bf9c941d54cd4b2176f95,0,,,,,
train,Leaf-Diseases,disease,D:\gemma4\segmentation_lattuce-desease\Roboflow_Dataset\train\Leaf-Diseases\00252_png.rf.3770c691ff4839a904f56cc346fb87e6.jpg,00252_png.rf.3770c691ff4839a904f56cc346fb87e6,0,,,,,
train,Leaf-Diseases,disease,D:\gemma4\segmentation_lattuce-desease\Roboflow_Dataset\train\Leaf-Diseases\00252_png.rf.3c6eca7ac2b40238f5aaccbab6bc1618.jpg,00252_png.rf.3c6eca7ac2b40238f5aaccbab6bc1618,0,,,,,
train,Leaf-Diseases,disease,D:\gemma4\segmentation_lattuce-desease\Roboflow_Dataset\train\Leaf-Diseases\00253_png.rf.4032f612688b65fd659c7992a0529f96.jpg,00253_png.rf.4032f612688b65fd659c7992a0529f96,0,,,,,
train,Leaf-Diseases,disease,D:\gemma4\segmentation_lattuce-desease\Roboflow_Dataset\train\Leaf-Diseases\00253_png.rf.45cc68e8313fb0f9bf86121bf459ac90.jpg,00253_png.rf.45cc68e8313fb0f9bf86121bf459ac90,0,,,,,
train,Leaf-Diseases,disease,D:\gemma4\segmentation_lattuce-desease\Roboflow_Dataset\train\Leaf-Diseases\00253_png.rf.ff17bdf1da738eba889f47c4112bf683.jpg,00253_png.rf.ff17bdf1da738eba889f47c4112bf683,0,,,,,
train,Leaf-Diseases,disease,D:\gemma4\segmentation_lattuce-desease\Roboflow_Dataset\train\Leaf-Diseases\00254_png.rf.71e9d160243a38b2df6952bd18ef1a32.jpg,00254_png.rf.71e9d160243a38b2df6952bd18ef1a32,0,,,,,
train,Leaf-Diseases,disease,D:\gemma4\segmentation_lattuce-desease\Roboflow_Dataset\train\Leaf-Diseases\00254_png.rf.d608f2cbad4815088ad6d5756b18ea51.jpg,00254_png.rf.d608f2cbad4815088ad6d5756b18ea51,0,,,,,
train,Leaf-Diseases,disease,D:\gemma4\segmentation_lattuce-desease\Roboflow_Dataset\train\Leaf-Diseases\00254_png.rf.fe00615c3c28dbd33132baed05d9fea3.jpg,00254_png.rf.fe00615c3c28dbd33132baed05d9fea3,0,,,,,
train,Leaf-Diseases,disease,D:\gemma4\segmentation_lattuce-desease\Roboflow_Dataset\train\Leaf-Diseases\00255_png.rf.0649d6846f528ab3e13cc1ae5c73018e.jpg,00255_png.rf.0649d6846f528ab3e13cc1ae5c73018e,0,,,,,
train,Leaf-Diseases,disease,D:\gemma4\segmentation_lattuce-desease\Roboflow_Dataset\train\Leaf-Diseases\00255_png.rf.4414679ab52fa3b44cbe3031f79923f4.jpg,00255_png.rf.4414679ab52fa3b44cbe3031f79923f4,0,,,,,
train,Leaf-Diseases,disease,D:\gemma4\segmentation_lattuce-desease\Roboflow_Dataset\train\Leaf-Diseases\00255_png.rf.a2fd8aab0cbe45fca935f7749f3bae88.jpg,00255_png.rf.a2fd8aab0cbe45fca935f7749f3bae88,0,,,,,
train,Leaf-Diseases,disease,D:\gemma4\segmentation_lattuce-desease\Roboflow_Dataset\train\Leaf-Diseases\00256_png.rf.2e337603e1a0ba4275f07ff8f9a99157.jpg,00256_png.rf.2e337603e1a0ba4275f07ff8f9a99157,0,,,,,
train,Leaf-Diseases,disease,D:\gemma4\segmentation_lattuce-desease\Roboflow_Dataset\train\Leaf-Diseases\00256_png.rf.3cc8f7c33a058bc08c608938c9cec016.jpg,00256_png.rf.3cc8f7c33a058bc08c608938c9cec016,0,,,,,
train,Leaf-Diseases,disease,D:\gemma4\segmentation_lattuce-desease\Roboflow_Dataset\train\Leaf-Diseases\00256_png.rf.cb6ca0fcf82dc03e31dc422619b0e13e.jpg,00256_png.rf.cb6ca0fcf82dc03e31dc422619b0e13e,0,,,,,
train,Leaf-Diseases,disease,D:\gemma4\segmentation_lattuce-desease\Roboflow_Dataset\train\Leaf-Diseases\00257_png.rf.5350e1cdb9e975e77b351e180c85db1a.jpg,00257_png.rf.5350e1cdb9e975e77b351e180c85db1a,0,,,,,
train,Leaf-Diseases,disease,D:\gemma4\segmentation_lattuce-desease\Roboflow_Dataset\train\Leaf-Diseases\00257_png.rf.7af68cedb705e5cc30af7351b97f84d8.jpg,00257_png.rf.7af68cedb705e5cc30af7351b97f84d8,0,,,,,
train,Leaf-Diseases,disease,D:\gemma4\segmentation_lattuce-desease\Roboflow_Dataset\train\Leaf-Diseases\00257_png.rf.95dbdab34566a0d47a18c6dbb7d47fbf.jpg,00257_png.rf.95dbdab34566a0d47a18c6dbb7d47fbf,0,,,,,
train,Leaf-Diseases,disease,D:\gemma4\segmentation_lattuce-desease\Roboflow_Dataset\train\Leaf-Diseases\00258_png.rf.8fbd0a025cb839ac0433d3d4c3fbda28.jpg,00258_png.rf.8fbd0a025cb839ac0433d3d4c3fbda28,0,,,,,
train,Leaf-Diseases,disease,D:\gemma4\segmentation_lattuce-desease\Roboflow_Dataset\train\Leaf-Diseases\00258_png.rf.d939b1b8c1e304950e27484908db771c.jpg,00258_png.rf.d939b1b8c1e304950e27484908db771c,0,,,,,
train,Leaf-Diseases,disease,D:\gemma4\segmentation_lattuce-desease\Roboflow_Dataset\train\Leaf-Diseases\00258_png.rf.f382fe1e501641b306308c695816d36c.jpg,00258_png.rf.f382fe1e501641b306308c695816d36c,0,,,,,
train,Leaf-Diseases,disease,D:\gemma4\segmentation_lattuce-desease\Roboflow_Dataset\train\Leaf-Diseases\00259_png.rf.063dc16b822389c0b8bc540f49722491.jpg,00259_png.rf.063dc16b822389c0b8bc540f49722491,0,,,,,
train,Leaf-Diseases,disease,D:\gemma4\segmentation_lattuce-desease\Roboflow_Dataset\train\Leaf-Diseases\00259_png.rf.363e8e53601914fd612ef89a9d6ec767.jpg,00259_png.rf.363e8e53601914fd612ef89a9d6ec767,0,,,,,
train,Leaf-Diseases,disease,D:\gemma4\segmentation_lattuce-desease\Roboflow_Dataset\train\Leaf-Diseases\00259_png.rf.6836b11bb97f70abda247a78382a0069.jpg,00259_png.rf.6836b11bb97f70abda247a78382a0069,0,,,,,
train,Leaf-Diseases,disease,D:\gemma4\segmentation_lattuce-desease\Roboflow_Dataset\train\Leaf-Diseases\00260_png.rf.3ed3d23d306372d0971e46d03aea66a7.jpg,00260_png.rf.3ed3d23d306372d0971e46d03aea66a7,0,,,,,
train,Leaf-Diseases,disease,D:\gemma4\segmentation_lattuce-desease\Roboflow_Dataset\train\Leaf-Diseases\00260_png.rf.c5fc1fc48bfd9131cf19a6be5b99d376.jpg,00260_png.rf.c5fc1fc48bfd9131cf19a6be5b99d376,0,,,,,
train,Leaf-Diseases,disease,D:\gemma4\segmentation_lattuce-desease\Roboflow_Dataset\train\Leaf-Diseases\00260_png.rf.d73f69839dff8870ee7ec57bdeabe15b.jpg,00260_png.rf.d73f69839dff8870ee7ec57bdeabe15b,0,,,,,
train,Leaf-Diseases,disease,D:\gemma4\segmentation_lattuce-desease\Roboflow_Dataset\train\Leaf-Diseases\00261_png.rf.ef05f75341fc9e8c13faa5603691b6ab.jpg,00261_png.rf.ef05f75341fc9e8c13faa5603691b6ab,0,,,,,
train,Leaf-Diseases,disease,D:\gemma4\segmentation_lattuce-desease\Roboflow_Dataset\train\Leaf-Diseases\00261_png.rf.f32fc495298f850f5a0234a6078fb8a0.jpg,00261_png.rf.f32fc495298f850f5a0234a6078fb8a0,0,,,,,
train,Leaf-Diseases,disease,D:\gemma4\segmentation_lattuce-desease\Roboflow_Dataset\train\Leaf-Diseases\00261_png.rf.f621baa619e692287a2f76d3ce14ab49.jpg,00261_png.rf.f621baa619e692287a2f76d3ce14ab49,0,,,,,
train,Leaf-Diseases,disease,D:\gemma4\segmentation_lattuce-desease\Roboflow_Dataset\train\Leaf-Diseases\00262_png.rf.38b22335619d7d58ab943fe8b2a82c0c.jpg,00262_png.rf.38b22335619d7d58ab943fe8b2a82c0c,0,,,,,
train,Leaf-Diseases,disease,D:\gemma4\segmentation_lattuce-desease\Roboflow_Dataset\train\Leaf-Diseases\00262_png.rf.5f3d35fd619658d9a9431ba72e092d1c.jpg,00262_png.rf.5f3d35fd619658d9a9431ba72e092d1c,0,,,,,
train,Leaf-Diseases,disease,D:\gemma4\segmentation_lattuce-desease\Roboflow_Dataset\train\Leaf-Diseases\00262_png.rf.c9a4a3fe1fd365129ee3b8233b95fec7.jpg,00262_png.rf.c9a4a3fe1fd365129ee3b8233b95fec7,0,,,,,
train,Leaf-Diseases,disease,D:\gemma4\segmentation_lattuce-desease\Roboflow_Dataset\train\Leaf-Diseases\00263_png.rf.195a7f6f807f25ee306f7aa5f5205dc2.jpg,00263_png.rf.195a7f6f807f25ee306f7aa5f5205dc2,0,,,,,
train,Leaf-Diseases,disease,D:\gemma4\segmentation_lattuce-desease\Roboflow_Dataset\train\Leaf-Diseases\00263_png.rf.1a4bb3933656fb15f94538b9e28f7780.jpg,00263_png.rf.1a4bb3933656fb15f94538b9e28f7780,0,,,,,
train,Leaf-Diseases,disease,D:\gemma4\segmentation_lattuce-desease\Roboflow_Dataset\train\Leaf-Diseases\00263_png.rf.2d6a8e1799e0080699ac0e3e51e046b9.jpg,00263_png.rf.2d6a8e1799e0080699ac0e3e51e046b9,0,,,,,
train,Leaf-Diseases,disease,D:\gemma4\segmentation_lattuce-desease\Roboflow_Dataset\train\Leaf-Diseases\00264_png.rf.1c81e5e2e6a6ab67e538676d47d8c422.jpg,00264_png.rf.1c81e5e2e6a6ab67e538676d47d8c422,0,,,,,
train,Leaf-Diseases,disease,D:\gemma4\segmentation_lattuce-desease\Roboflow_Dataset\train\Leaf-Diseases\00264_png.rf.317b56a586370822d5a47993fe065c2d.jpg,00264_png.rf.317b56a586370822d5a47993fe065c2d,0,,,,,
train,Leaf-Diseases,disease,D:\gemma4\segmentation_lattuce-desease\Roboflow_Dataset\train\Leaf-Diseases\00264_png.rf.48f1375419204ffbe23ae12428a4cf41.jpg,00264_png.rf.48f1375419204ffbe23ae12428a4cf41,0,,,,,
train,Leaf-Diseases,disease,D:\gemma4\segmentation_lattuce-desease\Roboflow_Dataset\train\Leaf-Diseases\00265_png.rf.1600ba8ce32d3bced4270c259d683be1.jpg,00265_png.rf.1600ba8ce32d3bced4270c259d683be1,0,,,,,
train,Leaf-Diseases,disease,D:\gemma4\segmentation_lattuce-desease\Roboflow_Dataset\train\Leaf-Diseases\00265_png.rf.713e079ece0841ed8d719399e6269b53.jpg,00265_png.rf.713e079ece0841ed8d719399e6269b53,0,,,,,
train,Leaf-Diseases,disease,D:\gemma4\segmentation_lattuce-desease\Roboflow_Dataset\train\Leaf-Diseases\00265_png.rf.86f5a907d685075c4597f708c840e34b.jpg,00265_png.rf.86f5a907d685075c4597f708c840e34b,0,,,,,
train,Leaf-Diseases,disease,D:\gemma4\segmentation_lattuce-desease\Roboflow_Dataset\train\Leaf-Diseases\00266_png.rf.76de2edf6946b5f67182fea94bd86f36.jpg,00266_png.rf.76de2edf6946b5f67182fea94bd86f36,0,,,,,
train,Leaf-Diseases,disease,D:\gemma4\segmentation_lattuce-desease\Roboflow_Dataset\train\Leaf-Diseases\00266_png.rf.836db0ef0289484a0f69070cb8931b65.jpg,00266_png.rf.836db0ef0289484a0f69070cb8931b65,0,,,,,
train,Leaf-Diseases,disease,D:\gemma4\segmentation_lattuce-desease\Roboflow_Dataset\train\Leaf-Diseases\00266_png.rf.974902c41e52c27ba653d7e49370bdfa.jpg,00266_png.rf.974902c41e52c27ba653d7e49370bdfa,0,,,,,
train,Leaf-Diseases,disease,D:\gemma4\segmentation_lattuce-desease\Roboflow_Dataset\train\Leaf-Diseases\00267_png.rf.c5ba715fa77c6f3cfd6a1ed46508bc40.jpg,00267_png.rf.c5ba715fa77c6f3cfd6a1ed46508bc40,0,,,,,
train,Leaf-Diseases,disease,D:\gemma4\segmentation_lattuce-desease\Roboflow_Dataset\train\Leaf-Diseases\00267_png.rf.d7ef1eb1f8cffe8b2babb5a78b6bf26a.jpg,00267_png.rf.d7ef1eb1f8cffe8b2babb5a78b6bf26a,0,,,,,
train,Leaf-Diseases,disease,D:\gemma4\segmentation_lattuce-desease\Roboflow_Dataset\train\Leaf-Diseases\00267_png.rf.f25ee5f2c37b42b52bf62993af6d3536.jpg,00267_png.rf.f25ee5f2c37b42b52bf62993af6d3536,0,,,,,
train,Leaf-Diseases,disease,D:\gemma4\segmentation_lattuce-desease\Roboflow_Dataset\train\Leaf-Diseases\00268_png.rf.09ab2bfb3239b67ba112c1e7516984b0.jpg,00268_png.rf.09ab2bfb3239b67ba112c1e7516984b0,0,,,,,
train,Leaf-Diseases,disease,D:\gemma4\segmentation_lattuce-desease\Roboflow_Dataset\train\Leaf-Diseases\00268_png.rf.542c8dc6286fd0187a1f52e403a1fddd.jpg,00268_png.rf.542c8dc6286fd0187a1f52e403a1fddd,0,,,,,
train,Leaf-Diseases,disease,D:\gemma4\segmentation_lattuce-desease\Roboflow_Dataset\train\Leaf-Diseases\00268_png.rf.b6433122a9810339382004bbe66e9061.jpg,00268_png.rf.b6433122a9810339382004bbe66e9061,0,,,,,
train,Leaf-Diseases,disease,D:\gemma4\segmentation_lattuce-desease\Roboflow_Dataset\train\Leaf-Diseases\00269_png.rf.316d874662d853ffc50ff907ec295bc1.jpg,00269_png.rf.316d874662d853ffc50ff907ec295bc1,0,,,,,
train,Leaf-Diseases,disease,D:\gemma4\segmentation_lattuce-desease\Roboflow_Dataset\train\Leaf-Diseases\00269_png.rf.90dbbfab720ba7256696ab5b7abdc649.jpg,00269_png.rf.90dbbfab720ba7256696ab5b7abdc649,0,,,,,
train,Leaf-Diseases,disease,D:\gemma4\segmentation_lattuce-desease\Roboflow_Dataset\train\Leaf-Diseases\00269_png.rf.b450b2c492bf57b098eee9edb3ce3cf3.jpg,00269_png.rf.b450b2c492bf57b098eee9edb3ce3cf3,0,,,,,
train,Leaf-Diseases,disease,D:\gemma4\segmentation_lattuce-desease\Roboflow_Dataset\train\Leaf-Diseases\00270_png.rf.2bb58325bf71e21d3419446bfb507f9c.jpg,00270_png.rf.2bb58325bf71e21d3419446bfb507f9c,0,,,,,
train,Leaf-Diseases,disease,D:\gemma4\segmentation_lattuce-desease\Roboflow_Dataset\train\Leaf-Diseases\00270_png.rf.c2243bba3b41f9dd6a4cb0a76a9634f8.jpg,00270_png.rf.c2243bba3b41f9dd6a4cb0a76a9634f8,0,,,,,
train,Leaf-Diseases,disease,D:\gemma4\segmentation_lattuce-desease\Roboflow_Dataset\train\Leaf-Diseases\00270_png.rf.f3b7337b5bf6513357b526951fa13dd1.jpg,00270_png.rf.f3b7337b5bf6513357b526951fa13dd1,0,,,,,
train,Leaf-Diseases,disease,D:\gemma4\segmentation_lattuce-desease\Roboflow_Dataset\train\Leaf-Diseases\00271_png.rf.92a284d7a727ea4bb66d05eb47daac63.jpg,00271_png.rf.92a284d7a727ea4bb66d05eb47daac63,0,,,,,
train,Leaf-Diseases,disease,D:\gemma4\segmentation_lattuce-desease\Roboflow_Dataset\train\Leaf-Diseases\00271_png.rf.b115019f20b4cfcaf4e68459b76b1cab.jpg,00271_png.rf.b115019f20b4cfcaf4e68459b76b1cab,0,,,,,
train,Leaf-Diseases,disease,D:\gemma4\segmentation_lattuce-desease\Roboflow_Dataset\train\Leaf-Diseases\00271_png.rf.f802c34c5e829c5dd19e8b8c5f557456.jpg,00271_png.rf.f802c34c5e829c5dd19e8b8c5f557456,0,,,,,
train,Leaf-Diseases,disease,D:\gemma4\segmentation_lattuce-desease\Roboflow_Dataset\train\Leaf-Diseases\00272_png.rf.270e8617fe4f691939540fe93368271f.jpg,00272_png.rf.270e8617fe4f691939540fe93368271f,0,,,,,
train,Leaf-Diseases,disease,D:\gemma4\segmentation_lattuce-desease\Roboflow_Dataset\train\Leaf-Diseases\00272_png.rf.3397b81414f19ded0d620384310464ed.jpg,00272_png.rf.3397b81414f19ded0d620384310464ed,0,,,,,
train,Leaf-Diseases,disease,D:\gemma4\segmentation_lattuce-desease\Roboflow_Dataset\train\Leaf-Diseases\00272_png.rf.aa24f8c44d0375d7f5a81e5bfcd7a2ac.jpg,00272_png.rf.aa24f8c44d0375d7f5a81e5bfcd7a2ac,0,,,,,
train,Leaf-Diseases,disease,D:\gemma4\segmentation_lattuce-desease\Roboflow_Dataset\train\Leaf-Diseases\00273_png.rf.4b3eeb30674211f2a4028d92ff764c09.jpg,00273_png.rf.4b3eeb30674211f2a4028d92ff764c09,0,,,,,
train,Leaf-Diseases,disease,D:\gemma4\segmentation_lattuce-desease\Roboflow_Dataset\train\Leaf-Diseases\00273_png.rf.4e6a77f32819976aec91a7334d37de7f.jpg,00273_png.rf.4e6a77f32819976aec91a7334d37de7f,0,,,,,
train,Leaf-Diseases,disease,D:\gemma4\segmentation_lattuce-desease\Roboflow_Dataset\train\Leaf-Diseases\00273_png.rf.efacd024690cedea2af5097ed7f768e9.jpg,00273_png.rf.efacd024690cedea2af5097ed7f768e9,0,,,,,
train,Leaf-Diseases,disease,D:\gemma4\segmentation_lattuce-desease\Roboflow_Dataset\train\Leaf-Diseases\00274_png.rf.1e209a91682cce8f7db536a239a0b84b.jpg,00274_png.rf.1e209a91682cce8f7db536a239a0b84b,0,,,,,
train,Leaf-Diseases,disease,D:\gemma4\segmentation_lattuce-desease\Roboflow_Dataset\train\Leaf-Diseases\00274_png.rf.3c4f4d3599c5185d5206fbfd1c093fd1.jpg,00274_png.rf.3c4f4d3599c5185d5206fbfd1c093fd1,0,,,,,
train,Leaf-Diseases,disease,D:\gemma4\segmentation_lattuce-desease\Roboflow_Dataset\train\Leaf-Diseases\00274_png.rf.67252516f1c723de04f189dee7586c87.jpg,00274_png.rf.67252516f1c723de04f189dee7586c87,0,,,,,
train,Leaf-Diseases,disease,D:\gemma4\segmentation_lattuce-desease\Roboflow_Dataset\train\Leaf-Diseases\00275_png.rf.1aea2ce9e938941ff9974c792f758742.jpg,00275_png.rf.1aea2ce9e938941ff9974c792f758742,0,,,,,
train,Leaf-Diseases,disease,D:\gemma4\segmentation_lattuce-desease\Roboflow_Dataset\train\Leaf-Diseases\00275_png.rf.20fced2ca60c64c90c1a205e5622008c.jpg,00275_png.rf.20fced2ca60c64c90c1a205e5622008c,0,,,,,
train,Leaf-Diseases,disease,D:\gemma4\segmentation_lattuce-desease\Roboflow_Dataset\train\Leaf-Diseases\00275_png.rf.a8a0cb9d6bca2bfccc47bb4cda056b2d.jpg,00275_png.rf.a8a0cb9d6bca2bfccc47bb4cda056b2d,0,,,,,
train,Leaf-Diseases,disease,D:\gemma4\segmentation_lattuce-desease\Roboflow_Dataset\train\Leaf-Diseases\00276_png.rf.05fa997c4ffdd210c41106109f947311.jpg,00276_png.rf.05fa997c4ffdd210c41106109f947311,0,,,,,
train,Leaf-Diseases,disease,D:\gemma4\segmentation_lattuce-desease\Roboflow_Dataset\train\Leaf-Diseases\00276_png.rf.4f22040760c4d45941260724b3e99e76.jpg,00276_png.rf.4f22040760c4d45941260724b3e99e76,0,,,,,
train,Leaf-Diseases,disease,D:\gemma4\segmentation_lattuce-desease\Roboflow_Dataset\train\Leaf-Diseases\00276_png.rf.76fd9f6cd464587e6bf12b074dd29945.jpg,00276_png.rf.76fd9f6cd464587e6bf12b074dd29945,0,,,,,
train,Leaf-Diseases,disease,D:\gemma4\segmentation_lattuce-desease\Roboflow_Dataset\train\Leaf-Diseases\00277_png.rf.4bc733951132d1bc3873fe1c75e6c39f.jpg,00277_png.rf.4bc733951132d1bc3873fe1c75e6c39f,0,,,,,
train,Leaf-Diseases,disease,D:\gemma4\segmentation_lattuce-desease\Roboflow_Dataset\train\Leaf-Diseases\00277_png.rf.78a66e5850a4a897b74122efb34a4dcf.jpg,00277_png.rf.78a66e5850a4a897b74122efb34a4dcf,0,,,,,
train,Leaf-Diseases,disease,D:\gemma4\segmentation_lattuce-desease\Roboflow_Dataset\train\Leaf-Diseases\00277_png.rf.7c830cf3cad575fb870a328c60f47a0d.jpg,00277_png.rf.7c830cf3cad575fb870a328c60f47a0d,0,,,,,
train,Leaf-Diseases,disease,D:\gemma4\segmentation_lattuce-desease\Roboflow_Dataset\train\Leaf-Diseases\00278_png.rf.17fad68f2a914298e8e38abaefd0aa3d.jpg,00278_png.rf.17fad68f2a914298e8e38abaefd0aa3d,0,,,,,
train,Leaf-Diseases,disease,D:\gemma4\segmentation_lattuce-desease\Roboflow_Dataset\train\Leaf-Diseases\00278_png.rf.41ac04797c918306f6d64a29073e7fea.jpg,00278_png.rf.41ac04797c918306f6d64a29073e7fea,0,,,,,
train,Leaf-Diseases,disease,D:\gemma4\segmentation_lattuce-desease\Roboflow_Dataset\train\Leaf-Diseases\00278_png.rf.4a743d6ccdd83f36989f3d707bf0c97d.jpg,00278_png.rf.4a743d6ccdd83f36989f3d707bf0c97d,0,,,,,
train,Leaf-Diseases,disease,D:\gemma4\segmentation_lattuce-desease\Roboflow_Dataset\train\Leaf-Diseases\00279_png.rf.0b154f01bf7f596f1f9ae1d3c9c1ac4f.jpg,00279_png.rf.0b154f01bf7f596f1f9ae1d3c9c1ac4f,0,,,,,
train,Leaf-Diseases,disease,D:\gemma4\segmentation_lattuce-desease\Roboflow_Dataset\train\Leaf-Diseases\00279_png.rf.50bc1707707f0bc06c0babbf9162d07b.jpg,00279_png.rf.50bc1707707f0bc06c0babbf9162d07b,0,,,,,
train,Leaf-Diseases,disease,D:\gemma4\segmentation_lattuce-desease\Roboflow_Dataset\train\Leaf-Diseases\00279_png.rf.8f845d37742822140a1142919b4c1033.jpg,00279_png.rf.8f845d37742822140a1142919b4c1033,0,,,,,
train,Leaf-Diseases,disease,D:\gemma4\segmentation_lattuce-desease\Roboflow_Dataset\train\Leaf-Diseases\00280_png.rf.96aa0122aa599b6eeea0c8d2640223a8.jpg,00280_png.rf.96aa0122aa599b6eeea0c8d2640223a8,0,,,,,
train,Leaf-Diseases,disease,D:\gemma4\segmentation_lattuce-desease\Roboflow_Dataset\train\Leaf-Diseases\00280_png.rf.d59bdb3355cace339904cf905b6cf629.jpg,00280_png.rf.d59bdb3355cace339904cf905b6cf629,0,,,,,
train,Leaf-Diseases,disease,D:\gemma4\segmentation_lattuce-desease\Roboflow_Dataset\train\Leaf-Diseases\00280_png.rf.d61aa76f4fe7c11b8df81ae2a9a9597c.jpg,00280_png.rf.d61aa76f4fe7c11b8df81ae2a9a9597c,0,,,,,
train,Leaf-Diseases,disease,D:\gemma4\segmentation_lattuce-desease\Roboflow_Dataset\train\Leaf-Diseases\00281_png.rf.75ffdafa8e2040730b842fd2ad8f0d99.jpg,00281_png.rf.75ffdafa8e2040730b842fd2ad8f0d99,0,,,,,
train,Leaf-Diseases,disease,D:\gemma4\segmentation_lattuce-desease\Roboflow_Dataset\train\Leaf-Diseases\00281_png.rf.9f42e8543ad4d82b0e0b757a9e0c3d12.jpg,00281_png.rf.9f42e8543ad4d82b0e0b757a9e0c3d12,0,,,,,
train,Leaf-Diseases,disease,D:\gemma4\segmentation_lattuce-desease\Roboflow_Dataset\train\Leaf-Diseases\00281_png.rf.d83de63673f995d1326e89de46af3bd7.jpg,00281_png.rf.d83de63673f995d1326e89de46af3bd7,0,,,,,
train,Leaf-Diseases,disease,D:\gemma4\segmentation_lattuce-desease\Roboflow_Dataset\train\Leaf-Diseases\00282_png.rf.3030ee37c1e417702b1879138de7f871.jpg,00282_png.rf.3030ee37c1e417702b1879138de7f871,0,,,,,
train,Leaf-Diseases,disease,D:\gemma4\segmentation_lattuce-desease\Roboflow_Dataset\train\Leaf-Diseases\00282_png.rf.754b184ad42bebafc4d8a9c87c070a73.jpg,00282_png.rf.754b184ad42bebafc4d8a9c87c070a73,0,,,,,
train,Leaf-Diseases,disease,D:\gemma4\segmentation_lattuce-desease\Roboflow_Dataset\train\Leaf-Diseases\00282_png.rf.d1196a83efbe21f24ead39dae4b39d77.jpg,00282_png.rf.d1196a83efbe21f24ead39dae4b39d77,0,,,,,
train,Leaf-Diseases,disease,D:\gemma4\segmentation_lattuce-desease\Roboflow_Dataset\train\Leaf-Diseases\00283_png.rf.8ee51a34d5d5f4ccea4dd7a4faa65a92.jpg,00283_png.rf.8ee51a34d5d5f4ccea4dd7a4faa65a92,0,,,,,
train,Leaf-Diseases,disease,D:\gemma4\segmentation_lattuce-desease\Roboflow_Dataset\train\Leaf-Diseases\00283_png.rf.93fd8d1212176bb71d260a0031e1420a.jpg,00283_png.rf.93fd8d1212176bb71d260a0031e1420a,0,,,,,
train,Leaf-Diseases,disease,D:\gemma4\segmentation_lattuce-desease\Roboflow_Dataset\train\Leaf-Diseases\00283_png.rf.ccc51d8cb70e92287da134b0439d84c3.jpg,00283_png.rf.ccc51d8cb70e92287da134b0439d84c3,0,,,,,
train,Leaf-Diseases,disease,D:\gemma4\segmentation_lattuce-desease\Roboflow_Dataset\train\Leaf-Diseases\00284_png.rf.01286df44506af81f0c149c87713ed3c.jpg,00284_png.rf.01286df44506af81f0c149c87713ed3c,0,,,,,
train,Leaf-Diseases,disease,D:\gemma4\segmentation_lattuce-desease\Roboflow_Dataset\train\Leaf-Diseases\00284_png.rf.546152ca51b0af58bc4b511a9d2450c4.jpg,00284_png.rf.546152ca51b0af58bc4b511a9d2450c4,0,,,,,
train,Leaf-Diseases,disease,D:\gemma4\segmentation_lattuce-desease\Roboflow_Dataset\train\Leaf-Diseases\00284_png.rf.a7809c2c59d85abed54215dd21035480.jpg,00284_png.rf.a7809c2c59d85abed54215dd21035480,0,,,,,
train,Leaf-Diseases,disease,D:\gemma4\segmentation_lattuce-desease\Roboflow_Dataset\train\Leaf-Diseases\00285_png.rf.7e0a17542def6221bab9c0aa5d15c4ee.jpg,00285_png.rf.7e0a17542def6221bab9c0aa5d15c4ee,0,,,,,
train,Leaf-Diseases,disease,D:\gemma4\segmentation_lattuce-desease\Roboflow_Dataset\train\Leaf-Diseases\00285_png.rf.94952aa36e09a7898fe2d81b9367972b.jpg,00285_png.rf.94952aa36e09a7898fe2d81b9367972b,0,,,,,
train,Leaf-Diseases,disease,D:\gemma4\segmentation_lattuce-desease\Roboflow_Dataset\train\Leaf-Diseases\00285_png.rf.ac8b7ff06fadd48540486f2c31f49c69.jpg,00285_png.rf.ac8b7ff06fadd48540486f2c31f49c69,0,,,,,
train,Leaf-Diseases,disease,D:\gemma4\segmentation_lattuce-desease\Roboflow_Dataset\train\Leaf-Diseases\00286_png.rf.2cf18c77df040448e4c55730009231c2.jpg,00286_png.rf.2cf18c77df040448e4c55730009231c2,0,,,,,
train,Leaf-Diseases,disease,D:\gemma4\segmentation_lattuce-desease\Roboflow_Dataset\train\Leaf-Diseases\00286_png.rf.ca16aca1e8f534ba034b44610a88bf8c.jpg,00286_png.rf.ca16aca1e8f534ba034b44610a88bf8c,0,,,,,
train,Leaf-Diseases,disease,D:\gemma4\segmentation_lattuce-desease\Roboflow_Dataset\train\Leaf-Diseases\00286_png.rf.e9d1c73d0e1aaf5cbedcc81a3a5eeb92.jpg,00286_png.rf.e9d1c73d0e1aaf5cbedcc81a3a5eeb92,0,,,,,
train,Leaf-Diseases,disease,D:\gemma4\segmentation_lattuce-desease\Roboflow_Dataset\train\Leaf-Diseases\00287_png.rf.40ef3401827decfcf2fef2a19b306178.jpg,00287_png.rf.40ef3401827decfcf2fef2a19b306178,0,,,,,
train,Leaf-Diseases,disease,D:\gemma4\segmentation_lattuce-desease\Roboflow_Dataset\train\Leaf-Diseases\00287_png.rf.d1097f75a67c2cf5fe1133fc1645e68f.jpg,00287_png.rf.d1097f75a67c2cf5fe1133fc1645e68f,0,,,,,
train,Leaf-Diseases,disease,D:\gemma4\segmentation_lattuce-desease\Roboflow_Dataset\train\Leaf-Diseases\00287_png.rf.d93dfcb91930ba36f7f404d6aa88eeb6.jpg,00287_png.rf.d93dfcb91930ba36f7f404d6aa88eeb6,0,,,,,
train,Leaf-Diseases,disease,D:\gemma4\segmentation_lattuce-desease\Roboflow_Dataset\train\Leaf-Diseases\00288_png.rf.710c2ad8fb489368627df969008b80ce.jpg,00288_png.rf.710c2ad8fb489368627df969008b80ce,0,,,,,
train,Leaf-Diseases,disease,D:\gemma4\segmentation_lattuce-desease\Roboflow_Dataset\train\Leaf-Diseases\00288_png.rf.d0d5cb21e749dfd91e8786e153073626.jpg,00288_png.rf.d0d5cb21e749dfd91e8786e153073626,0,,,,,
train,Leaf-Diseases,disease,D:\gemma4\segmentation_lattuce-desease\Roboflow_Dataset\train\Leaf-Diseases\00288_png.rf.deb75948a23a42789fe3ccf99f6bd361.jpg,00288_png.rf.deb75948a23a42789fe3ccf99f6bd361,0,,,,,
train,Leaf-Diseases,disease,D:\gemma4\segmentation_lattuce-desease\Roboflow_Dataset\train\Leaf-Diseases\00289_png.rf.1806f8b6cb2b6f2dc8d5bdbdce35cb9c.jpg,00289_png.rf.1806f8b6cb2b6f2dc8d5bdbdce35cb9c,0,,,,,
train,Leaf-Diseases,disease,D:\gemma4\segmentation_lattuce-desease\Roboflow_Dataset\train\Leaf-Diseases\00289_png.rf.50b367d78f37c097bc1a741a446a92f1.jpg,00289_png.rf.50b367d78f37c097bc1a741a446a92f1,0,,,,,
train,Leaf-Diseases,disease,D:\gemma4\segmentation_lattuce-desease\Roboflow_Dataset\train\Leaf-Diseases\00289_png.rf.c2daeb215cebc83351f5ea357a6aa1bd.jpg,00289_png.rf.c2daeb215cebc83351f5ea357a6aa1bd,0,,,,,
train,Leaf-Diseases,disease,D:\gemma4\segmentation_lattuce-desease\Roboflow_Dataset\train\Leaf-Diseases\00290_png.rf.894f363ec2d9cf5e53be6d7197d092d1.jpg,00290_png.rf.894f363ec2d9cf5e53be6d7197d092d1,0,,,,,
train,Leaf-Diseases,disease,D:\gemma4\segmentation_lattuce-desease\Roboflow_Dataset\train\Leaf-Diseases\00290_png.rf.9e9229fcfb5e3dbeffc82dc853dd8489.jpg,00290_png.rf.9e9229fcfb5e3dbeffc82dc853dd8489,0,,,,,
train,Leaf-Diseases,disease,D:\gemma4\segmentation_lattuce-desease\Roboflow_Dataset\train\Leaf-Diseases\00290_png.rf.d30eaf8470bcb8d3d57aa676e996ebe1.jpg,00290_png.rf.d30eaf8470bcb8d3d57aa676e996ebe1,0,,,,,
train,Leaf-Diseases,disease,D:\gemma4\segmentation_lattuce-desease\Roboflow_Dataset\train\Leaf-Diseases\00291_png.rf.63660fe44f2dc0f533a2370e99d97cd1.jpg,00291_png.rf.63660fe44f2dc0f533a2370e99d97cd1,0,,,,,
train,Leaf-Diseases,disease,D:\gemma4\segmentation_lattuce-desease\Roboflow_Dataset\train\Leaf-Diseases\00291_png.rf.6f875174132c49d80f03747db1b5e72f.jpg,00291_png.rf.6f875174132c49d80f03747db1b5e72f,0,,,,,
train,Leaf-Diseases,disease,D:\gemma4\segmentation_lattuce-desease\Roboflow_Dataset\train\Leaf-Diseases\00291_png.rf.9fc7f82e38e2544a3721f484948ee293.jpg,00291_png.rf.9fc7f82e38e2544a3721f484948ee293,0,,,,,
train,Leaf-Diseases,disease,D:\gemma4\segmentation_lattuce-desease\Roboflow_Dataset\train\Leaf-Diseases\00292_png.rf.02869d920fbb1220841aab8b81ab7b6c.jpg,00292_png.rf.02869d920fbb1220841aab8b81ab7b6c,0,,,,,
train,Leaf-Diseases,disease,D:\gemma4\segmentation_lattuce-desease\Roboflow_Dataset\train\Leaf-Diseases\00292_png.rf.080b797580163eb8d28c13922af65e87.jpg,00292_png.rf.080b797580163eb8d28c13922af65e87,0,,,,,
train,Leaf-Diseases,disease,D:\gemma4\segmentation_lattuce-desease\Roboflow_Dataset\train\Leaf-Diseases\00292_png.rf.27be139f3263a3c3f957ddd92d868342.jpg,00292_png.rf.27be139f3263a3c3f957ddd92d868342,0,,,,,
train,Leaf-Diseases,disease,D:\gemma4\segmentation_lattuce-desease\Roboflow_Dataset\train\Leaf-Diseases\00293_png.rf.33605fcc6190b2f0c6c10f5b670ab701.jpg,00293_png.rf.33605fcc6190b2f0c6c10f5b670ab701,0,,,,,
train,Leaf-Diseases,disease,D:\gemma4\segmentation_lattuce-desease\Roboflow_Dataset\train\Leaf-Diseases\00293_png.rf.4d705d0fdc87b7b9b0695643e651ed9e.jpg,00293_png.rf.4d705d0fdc87b7b9b0695643e651ed9e,0,,,,,
train,Leaf-Diseases,disease,D:\gemma4\segmentation_lattuce-desease\Roboflow_Dataset\train\Leaf-Diseases\00293_png.rf.fe3d4d27d27de7e956c5489e29bc64bd.jpg,00293_png.rf.fe3d4d27d27de7e956c5489e29bc64bd,0,,,,,
train,Leaf-Diseases,disease,D:\gemma4\segmentation_lattuce-desease\Roboflow_Dataset\train\Leaf-Diseases\00294_png.rf.0426c6a592e89c6b5aa6f90a0ac242c6.jpg,00294_png.rf.0426c6a592e89c6b5aa6f90a0ac242c6,0,,,,,
train,Leaf-Diseases,disease,D:\gemma4\segmentation_lattuce-desease\Roboflow_Dataset\train\Leaf-Diseases\00294_png.rf.505430af5d99742d960023c71a4e7959.jpg,00294_png.rf.505430af5d99742d960023c71a4e7959,0,,,,,
train,Leaf-Diseases,disease,D:\gemma4\segmentation_lattuce-desease\Roboflow_Dataset\train\Leaf-Diseases\00294_png.rf.613925d8a157b7141070e5b1f7c00269.jpg,00294_png.rf.613925d8a157b7141070e5b1f7c00269,0,,,,,
train,Leaf-Diseases,disease,D:\gemma4\segmentation_lattuce-desease\Roboflow_Dataset\train\Leaf-Diseases\00295_png.rf.6a2087aa8bef074e25b1c509459bfc16.jpg,00295_png.rf.6a2087aa8bef074e25b1c509459bfc16,0,,,,,
train,Leaf-Diseases,disease,D:\gemma4\segmentation_lattuce-desease\Roboflow_Dataset\train\Leaf-Diseases\00295_png.rf.70135820283ae58808499265ae9c487d.jpg,00295_png.rf.70135820283ae58808499265ae9c487d,0,,,,,
train,Leaf-Diseases,disease,D:\gemma4\segmentation_lattuce-desease\Roboflow_Dataset\train\Leaf-Diseases\00295_png.rf.b3c95d8c7755dfd6956cf7ca2ee63d30.jpg,00295_png.rf.b3c95d8c7755dfd6956cf7ca2ee63d30,0,,,,,
train,Leaf-Diseases,disease,D:\gemma4\segmentation_lattuce-desease\Roboflow_Dataset\train\Leaf-Diseases\00296_png.rf.1bf8f87507c4f2c5621ea94572f02411.jpg,00296_png.rf.1bf8f87507c4f2c5621ea94572f02411,0,,,,,
train,Leaf-Diseases,disease,D:\gemma4\segmentation_lattuce-desease\Roboflow_Dataset\train\Leaf-Diseases\00296_png.rf.44672cbff10622a6578c550db961971c.jpg,00296_png.rf.44672cbff10622a6578c550db961971c,0,,,,,
train,Leaf-Diseases,disease,D:\gemma4\segmentation_lattuce-desease\Roboflow_Dataset\train\Leaf-Diseases\00296_png.rf.95fd1685a62fb3518ced83924a8ed4a8.jpg,00296_png.rf.95fd1685a62fb3518ced83924a8ed4a8,0,,,,,
train,Leaf-Diseases,disease,D:\gemma4\segmentation_lattuce-desease\Roboflow_Dataset\train\Leaf-Diseases\00297_png.rf.06a946be5588102157b1dcc2fd52f0c2.jpg,00297_png.rf.06a946be5588102157b1dcc2fd52f0c2,0,,,,,
train,Leaf-Diseases,disease,D:\gemma4\segmentation_lattuce-desease\Roboflow_Dataset\train\Leaf-Diseases\00297_png.rf.93f4f3bdeab894bdc5a3e8c95bfedd71.jpg,00297_png.rf.93f4f3bdeab894bdc5a3e8c95bfedd71,0,,,,,
train,Leaf-Diseases,disease,D:\gemma4\segmentation_lattuce-desease\Roboflow_Dataset\train\Leaf-Diseases\00297_png.rf.fe284b7450aedca441712f056c400719.jpg,00297_png.rf.fe284b7450aedca441712f056c400719,0,,,,,
train,Leaf-Diseases,disease,D:\gemma4\segmentation_lattuce-desease\Roboflow_Dataset\train\Leaf-Diseases\00298_png.rf.213db0bc4040c9175071dca44d5afa97.jpg,00298_png.rf.213db0bc4040c9175071dca44d5afa97,0,,,,,
train,Leaf-Diseases,disease,D:\gemma4\segmentation_lattuce-desease\Roboflow_Dataset\train\Leaf-Diseases\00298_png.rf.2c9db431ddbc48d4eca784cfd6481144.jpg,00298_png.rf.2c9db431ddbc48d4eca784cfd6481144,0,,,,,
train,Leaf-Diseases,disease,D:\gemma4\segmentation_lattuce-desease\Roboflow_Dataset\train\Leaf-Diseases\00298_png.rf.90c9e65793606ce628c8120a12356e0e.jpg,00298_png.rf.90c9e65793606ce628c8120a12356e0e,0,,,,,
train,Leaf-Diseases,disease,D:\gemma4\segmentation_lattuce-desease\Roboflow_Dataset\train\Leaf-Diseases\00299_png.rf.2b1ab505c48f498eeb8c5b2e03c572c4.jpg,00299_png.rf.2b1ab505c48f498eeb8c5b2e03c572c4,0,,,,,
train,Leaf-Diseases,disease,D:\gemma4\segmentation_lattuce-desease\Roboflow_Dataset\train\Leaf-Diseases\00299_png.rf.92024c92cd53d29e81726e1cd9a657c7.jpg,00299_png.rf.92024c92cd53d29e81726e1cd9a657c7,0,,,,,
train,Leaf-Diseases,disease,D:\gemma4\segmentation_lattuce-desease\Roboflow_Dataset\train\Leaf-Diseases\00299_png.rf.d5e33bbf5e55cfbfb7a849e998fb55d7.jpg,00299_png.rf.d5e33bbf5e55cfbfb7a849e998fb55d7,0,,,,,
train,Leaf-Diseases,disease,D:\gemma4\segmentation_lattuce-desease\Roboflow_Dataset\train\Leaf-Diseases\00300_png.rf.52718ce4d2975963551d83cead31a9bf.jpg,00300_png.rf.52718ce4d2975963551d83cead31a9bf,0,,,,,
train,Leaf-Diseases,disease,D:\gemma4\segmentation_lattuce-desease\Roboflow_Dataset\train\Leaf-Diseases\00300_png.rf.a23446a373454fe2c3324572ec5f2cc1.jpg,00300_png.rf.a23446a373454fe2c3324572ec5f2cc1,0,,,,,
train,Leaf-Diseases,disease,D:\gemma4\segmentation_lattuce-desease\Roboflow_Dataset\train\Leaf-Diseases\00300_png.rf.b5ac8eba615ab2bcbbe0c8ca327d1440.jpg,00300_png.rf.b5ac8eba615ab2bcbbe0c8ca327d1440,0,,,,,
train,Leaf-Diseases,disease,D:\gemma4\segmentation_lattuce-desease\Roboflow_Dataset\train\Leaf-Diseases\00301_png.rf.0a3e408455fd490c47fa1ec0cb98b8ca.jpg,00301_png.rf.0a3e408455fd490c47fa1ec0cb98b8ca,0,,,,,
train,Leaf-Diseases,disease,D:\gemma4\segmentation_lattuce-desease\Roboflow_Dataset\train\Leaf-Diseases\00301_png.rf.5f01954c7656b88cfde7e42774b083a2.jpg,00301_png.rf.5f01954c7656b88cfde7e42774b083a2,0,,,,,
train,Leaf-Diseases,disease,D:\gemma4\segmentation_lattuce-desease\Roboflow_Dataset\train\Leaf-Diseases\00301_png.rf.84f1a0b09b25f588e67040ad00ebf0b1.jpg,00301_png.rf.84f1a0b09b25f588e67040ad00ebf0b1,0,,,,,
train,Leaf-Diseases,disease,D:\gemma4\segmentation_lattuce-desease\Roboflow_Dataset\train\Leaf-Diseases\00302_png.rf.46ffcd9b2873262646be9334ba3fdcf3.jpg,00302_png.rf.46ffcd9b2873262646be9334ba3fdcf3,0,,,,,
train,Leaf-Diseases,disease,D:\gemma4\segmentation_lattuce-desease\Roboflow_Dataset\train\Leaf-Diseases\00302_png.rf.4db9edf8b950c1a5306902f3f97e1506.jpg,00302_png.rf.4db9edf8b950c1a5306902f3f97e1506,0,,,,,
train,Leaf-Diseases,disease,D:\gemma4\segmentation_lattuce-desease\Roboflow_Dataset\train\Leaf-Diseases\00302_png.rf.83a7613edc4e1baacdc0a27d1f24f8bd.jpg,00302_png.rf.83a7613edc4e1baacdc0a27d1f24f8bd,0,,,,,
train,Leaf-Diseases,disease,D:\gemma4\segmentation_lattuce-desease\Roboflow_Dataset\train\Leaf-Diseases\00303_png.rf.1d0c5c8dd6b8aa4a4cf69adae2f24ceb.jpg,00303_png.rf.1d0c5c8dd6b8aa4a4cf69adae2f24ceb,0,,,,,
train,Leaf-Diseases,disease,D:\gemma4\segmentation_lattuce-desease\Roboflow_Dataset\train\Leaf-Diseases\00303_png.rf.855afa49ba2b47299068b7e20cf6ef64.jpg,00303_png.rf.855afa49ba2b47299068b7e20cf6ef64,0,,,,,
train,Leaf-Diseases,disease,D:\gemma4\segmentation_lattuce-desease\Roboflow_Dataset\train\Leaf-Diseases\00303_png.rf.e740f7c3322b24b3a641830ab19eb511.jpg,00303_png.rf.e740f7c3322b24b3a641830ab19eb511,0,,,,,
train,Leaf-Diseases,disease,D:\gemma4\segmentation_lattuce-desease\Roboflow_Dataset\train\Leaf-Diseases\00304_png.rf.0690184c2faa9ebc564cf566581438d9.jpg,00304_png.rf.0690184c2faa9ebc564cf566581438d9,0,,,,,
train,Leaf-Diseases,disease,D:\gemma4\segmentation_lattuce-desease\Roboflow_Dataset\train\Leaf-Diseases\00304_png.rf.41a4b6d664ccdfa24e53845931b3df95.jpg,00304_png.rf.41a4b6d664ccdfa24e53845931b3df95,0,,,,,
train,Leaf-Diseases,disease,D:\gemma4\segmentation_lattuce-desease\Roboflow_Dataset\train\Leaf-Diseases\00304_png.rf.bcb4bb9713547e8bdec8851a0e97f99d.jpg,00304_png.rf.bcb4bb9713547e8bdec8851a0e97f99d,0,,,,,
train,Leaf-Diseases,disease,D:\gemma4\segmentation_lattuce-desease\Roboflow_Dataset\train\Leaf-Diseases\00305_png.rf.26c1ad183d7e0afb9f6015abfe0d8fc8.jpg,00305_png.rf.26c1ad183d7e0afb9f6015abfe0d8fc8,0,,,,,
train,Leaf-Diseases,disease,D:\gemma4\segmentation_lattuce-desease\Roboflow_Dataset\train\Leaf-Diseases\00305_png.rf.89e996a7bd35d883dfd33b09edb76c51.jpg,00305_png.rf.89e996a7bd35d883dfd33b09edb76c51,0,,,,,
train,Leaf-Diseases,disease,D:\gemma4\segmentation_lattuce-desease\Roboflow_Dataset\train\Leaf-Diseases\00305_png.rf.e1f7d9f40eb86e4bc9bdefcdab611c54.jpg,00305_png.rf.e1f7d9f40eb86e4bc9bdefcdab611c54,0,,,,,
train,Leaf-Diseases,disease,D:\gemma4\segmentation_lattuce-desease\Roboflow_Dataset\train\Leaf-Diseases\00306_png.rf.21722eda7ea0927a895dc7f425b3b2fe.jpg,00306_png.rf.21722eda7ea0927a895dc7f425b3b2fe,0,,,,,
train,Leaf-Diseases,disease,D:\gemma4\segmentation_lattuce-desease\Roboflow_Dataset\train\Leaf-Diseases\00306_png.rf.525955d90e4171a2343f76af95513b73.jpg,00306_png.rf.525955d90e4171a2343f76af95513b73,0,,,,,
train,Leaf-Diseases,disease,D:\gemma4\segmentation_lattuce-desease\Roboflow_Dataset\train\Leaf-Diseases\00306_png.rf.ff54d50f10763ab1d484bc1fd41e5d10.jpg,00306_png.rf.ff54d50f10763ab1d484bc1fd41e5d10,0,,,,,
train,Leaf-Diseases,disease,D:\gemma4\segmentation_lattuce-desease\Roboflow_Dataset\train\Leaf-Diseases\00307_png.rf.0ecb7e7196ea513f48312a8aadcb4b08.jpg,00307_png.rf.0ecb7e7196ea513f48312a8aadcb4b08,0,,,,,
train,Leaf-Diseases,disease,D:\gemma4\segmentation_lattuce-desease\Roboflow_Dataset\train\Leaf-Diseases\00307_png.rf.1607b2cf40a69645f062d38e06a829fd.jpg,00307_png.rf.1607b2cf40a69645f062d38e06a829fd,0,,,,,
train,Leaf-Diseases,disease,D:\gemma4\segmentation_lattuce-desease\Roboflow_Dataset\train\Leaf-Diseases\00307_png.rf.7279d77d013c7466c55dd0acd88d8cfe.jpg,00307_png.rf.7279d77d013c7466c55dd0acd88d8cfe,0,,,,,
train,Leaf-Diseases,disease,D:\gemma4\segmentation_lattuce-desease\Roboflow_Dataset\train\Leaf-Diseases\00308_png.rf.893288fff4eb1bdc43e26e54cc7a59d8.jpg,00308_png.rf.893288fff4eb1bdc43e26e54cc7a59d8,0,,,,,
train,Leaf-Diseases,disease,D:\gemma4\segmentation_lattuce-desease\Roboflow_Dataset\train\Leaf-Diseases\00308_png.rf.8f24c856aba328ed0ad5c8ae499455aa.jpg,00308_png.rf.8f24c856aba328ed0ad5c8ae499455aa,0,,,,,
train,Leaf-Diseases,disease,D:\gemma4\segmentation_lattuce-desease\Roboflow_Dataset\train\Leaf-Diseases\00308_png.rf.f14f04c9236d5c529c29cd03af4dc2ca.jpg,00308_png.rf.f14f04c9236d5c529c29cd03af4dc2ca,0,,,,,
train,Leaf-Diseases,disease,D:\gemma4\segmentation_lattuce-desease\Roboflow_Dataset\train\Leaf-Diseases\00309_png.rf.6981783aba8ca823c5671e429056cb75.jpg,00309_png.rf.6981783aba8ca823c5671e429056cb75,0,,,,,
train,Leaf-Diseases,disease,D:\gemma4\segmentation_lattuce-desease\Roboflow_Dataset\train\Leaf-Diseases\00309_png.rf.7cf80567e0f1fe800675b534f7786145.jpg,00309_png.rf.7cf80567e0f1fe800675b534f7786145,0,,,,,
train,Leaf-Diseases,disease,D:\gemma4\segmentation_lattuce-desease\Roboflow_Dataset\train\Leaf-Diseases\00309_png.rf.94c277559068525eb021d6b4f787bcb4.jpg,00309_png.rf.94c277559068525eb021d6b4f787bcb4,0,,,,,
train,Leaf-Diseases,disease,D:\gemma4\segmentation_lattuce-desease\Roboflow_Dataset\train\Leaf-Diseases\00310_png.rf.3a13c91266dfbf7dcfd88040a816b2ea.jpg,00310_png.rf.3a13c91266dfbf7dcfd88040a816b2ea,0,,,,,
train,Leaf-Diseases,disease,D:\gemma4\segmentation_lattuce-desease\Roboflow_Dataset\train\Leaf-Diseases\00310_png.rf.8bb179ea8e8f7f9e27485a4347ffdedc.jpg,00310_png.rf.8bb179ea8e8f7f9e27485a4347ffdedc,0,,,,,
train,Leaf-Diseases,disease,D:\gemma4\segmentation_lattuce-desease\Roboflow_Dataset\train\Leaf-Diseases\00310_png.rf.febb6517efe41e18bde9076509b0697e.jpg,00310_png.rf.febb6517efe41e18bde9076509b0697e,0,,,,,
train,Leaf-Diseases,disease,D:\gemma4\segmentation_lattuce-desease\Roboflow_Dataset\train\Leaf-Diseases\00311_png.rf.7e9c93ca60873055b80dd696f00faec0.jpg,00311_png.rf.7e9c93ca60873055b80dd696f00faec0,0,,,,,
train,Leaf-Diseases,disease,D:\gemma4\segmentation_lattuce-desease\Roboflow_Dataset\train\Leaf-Diseases\00311_png.rf.8c669a8ccd230240e6e6c4c55f67343e.jpg,00311_png.rf.8c669a8ccd230240e6e6c4c55f67343e,0,,,,,
train,Leaf-Diseases,disease,D:\gemma4\segmentation_lattuce-desease\Roboflow_Dataset\train\Leaf-Diseases\00311_png.rf.c3699e36ad355e654c314868e92757b2.jpg,00311_png.rf.c3699e36ad355e654c314868e92757b2,0,,,,,
train,Leaf-Diseases,disease,D:\gemma4\segmentation_lattuce-desease\Roboflow_Dataset\train\Leaf-Diseases\00312_png.rf.379850ec2e271143318381564f598d02.jpg,00312_png.rf.379850ec2e271143318381564f598d02,0,,,,,
train,Leaf-Diseases,disease,D:\gemma4\segmentation_lattuce-desease\Roboflow_Dataset\train\Leaf-Diseases\00312_png.rf.53dde9ebe3e39e819e1a6d0b1bfb6af3.jpg,00312_png.rf.53dde9ebe3e39e819e1a6d0b1bfb6af3,0,,,,,
train,Leaf-Diseases,disease,D:\gemma4\segmentation_lattuce-desease\Roboflow_Dataset\train\Leaf-Diseases\00312_png.rf.cd8bfa1fa19b99757de4f85d434f3c0e.jpg,00312_png.rf.cd8bfa1fa19b99757de4f85d434f3c0e,0,,,,,
train,Leaf-Diseases,disease,D:\gemma4\segmentation_lattuce-desease\Roboflow_Dataset\train\Leaf-Diseases\00313_png.rf.19f73eef00b443e0a16edd6148c34f95.jpg,00313_png.rf.19f73eef00b443e0a16edd6148c34f95,0,,,,,
train,Leaf-Diseases,disease,D:\gemma4\segmentation_lattuce-desease\Roboflow_Dataset\train\Leaf-Diseases\00313_png.rf.2a2e8a3bbcc545f47134db8b98051d28.jpg,00313_png.rf.2a2e8a3bbcc545f47134db8b98051d28,0,,,,,
train,Leaf-Diseases,disease,D:\gemma4\segmentation_lattuce-desease\Roboflow_Dataset\train\Leaf-Diseases\00313_png.rf.b55a7a71a960f700d264fdeb3f0fe3d3.jpg,00313_png.rf.b55a7a71a960f700d264fdeb3f0fe3d3,0,,,,,
train,Leaf-Diseases,disease,D:\gemma4\segmentation_lattuce-desease\Roboflow_Dataset\train\Leaf-Diseases\00314_png.rf.10678a60e9770ccd51acbe834014d6cd.jpg,00314_png.rf.10678a60e9770ccd51acbe834014d6cd,0,,,,,
train,Leaf-Diseases,disease,D:\gemma4\segmentation_lattuce-desease\Roboflow_Dataset\train\Leaf-Diseases\00314_png.rf.3ddcf86a5839c7b7e881d2a68e64e283.jpg,00314_png.rf.3ddcf86a5839c7b7e881d2a68e64e283,0,,,,,
train,Leaf-Diseases,disease,D:\gemma4\segmentation_lattuce-desease\Roboflow_Dataset\train\Leaf-Diseases\00314_png.rf.a52984ea2ceaed47f50b72c090ffd4e9.jpg,00314_png.rf.a52984ea2ceaed47f50b72c090ffd4e9,0,,,,,
train,Leaf-Diseases,disease,D:\gemma4\segmentation_lattuce-desease\Roboflow_Dataset\train\Leaf-Diseases\00315_png.rf.2b56f6a9c50c78c7086bf2369f6b0689.jpg,00315_png.rf.2b56f6a9c50c78c7086bf2369f6b0689,0,,,,,
train,Leaf-Diseases,disease,D:\gemma4\segmentation_lattuce-desease\Roboflow_Dataset\train\Leaf-Diseases\00315_png.rf.b7cbfcd5983aef334edf0931cc30bad7.jpg,00315_png.rf.b7cbfcd5983aef334edf0931cc30bad7,0,,,,,
train,Leaf-Diseases,disease,D:\gemma4\segmentation_lattuce-desease\Roboflow_Dataset\train\Leaf-Diseases\00315_png.rf.e222a73121a16ca8e69625a8bd11e800.jpg,00315_png.rf.e222a73121a16ca8e69625a8bd11e800,0,,,,,
train,Leaf-Diseases,disease,D:\gemma4\segmentation_lattuce-desease\Roboflow_Dataset\train\Leaf-Diseases\00316_png.rf.83273f96aa132d562e0227001586a8d0.jpg,00316_png.rf.83273f96aa132d562e0227001586a8d0,0,,,,,
train,Leaf-Diseases,disease,D:\gemma4\segmentation_lattuce-desease\Roboflow_Dataset\train\Leaf-Diseases\00316_png.rf.e93eb7ea7f0d3c128c6a5b713b86d40c.jpg,00316_png.rf.e93eb7ea7f0d3c128c6a5b713b86d40c,0,,,,,
train,Leaf-Diseases,disease,D:\gemma4\segmentation_lattuce-desease\Roboflow_Dataset\train\Leaf-Diseases\00316_png.rf.eb78c9274f80fb8ca8dd8dd5f03399f1.jpg,00316_png.rf.eb78c9274f80fb8ca8dd8dd5f03399f1,0,,,,,
train,Leaf-Diseases,disease,D:\gemma4\segmentation_lattuce-desease\Roboflow_Dataset\train\Leaf-Diseases\00317_png.rf.20ac87435edd046727e05f9f497a7d4d.jpg,00317_png.rf.20ac87435edd046727e05f9f497a7d4d,0,,,,,
train,Leaf-Diseases,disease,D:\gemma4\segmentation_lattuce-desease\Roboflow_Dataset\train\Leaf-Diseases\00317_png.rf.84a3d2d1b7b130bf963a82efcdc7d9ba.jpg,00317_png.rf.84a3d2d1b7b130bf963a82efcdc7d9ba,0,,,,,
train,Leaf-Diseases,disease,D:\gemma4\segmentation_lattuce-desease\Roboflow_Dataset\train\Leaf-Diseases\00317_png.rf.dcd272d7cfade11f473d884d79812550.jpg,00317_png.rf.dcd272d7cfade11f473d884d79812550,0,,,,,
train,Leaf-Diseases,disease,D:\gemma4\segmentation_lattuce-desease\Roboflow_Dataset\train\Leaf-Diseases\00318_png.rf.9c3de5aeaa30573ff5265d04547b5751.jpg,00318_png.rf.9c3de5aeaa30573ff5265d04547b5751,0,,,,,
train,Leaf-Diseases,disease,D:\gemma4\segmentation_lattuce-desease\Roboflow_Dataset\train\Leaf-Diseases\00318_png.rf.c3584f65853edacd5d5507ebbf03a6e2.jpg,00318_png.rf.c3584f65853edacd5d5507ebbf03a6e2,0,,,,,
train,Leaf-Diseases,disease,D:\gemma4\segmentation_lattuce-desease\Roboflow_Dataset\train\Leaf-Diseases\00318_png.rf.d222f4dbd191b3b9151eaa9993be998d.jpg,00318_png.rf.d222f4dbd191b3b9151eaa9993be998d,0,,,,,
train,Leaf-Diseases,disease,D:\gemma4\segmentation_lattuce-desease\Roboflow_Dataset\train\Leaf-Diseases\00319_png.rf.33c5ddc1efae716206bd4ff15275622f.jpg,00319_png.rf.33c5ddc1efae716206bd4ff15275622f,0,,,,,
train,Leaf-Diseases,disease,D:\gemma4\segmentation_lattuce-desease\Roboflow_Dataset\train\Leaf-Diseases\00319_png.rf.ec130f49d625d3ea30aab53e946c4e2a.jpg,00319_png.rf.ec130f49d625d3ea30aab53e946c4e2a,0,,,,,
train,Leaf-Diseases,disease,D:\gemma4\segmentation_lattuce-desease\Roboflow_Dataset\train\Leaf-Diseases\00319_png.rf.ee015343606d96a072bed9294aae9d4e.jpg,00319_png.rf.ee015343606d96a072bed9294aae9d4e,0,,,,,
train,Leaf-Diseases,disease,D:\gemma4\segmentation_lattuce-desease\Roboflow_Dataset\train\Leaf-Diseases\00320_png.rf.4ca0a67107ee9eacc9a885ce661b0bf7.jpg,00320_png.rf.4ca0a67107ee9eacc9a885ce661b0bf7,0,,,,,
train,Leaf-Diseases,disease,D:\gemma4\segmentation_lattuce-desease\Roboflow_Dataset\train\Leaf-Diseases\00320_png.rf.7b158cb41df93b5e8434d04e87b396ea.jpg,00320_png.rf.7b158cb41df93b5e8434d04e87b396ea,0,,,,,
train,Leaf-Diseases,disease,D:\gemma4\segmentation_lattuce-desease\Roboflow_Dataset\train\Leaf-Diseases\00320_png.rf.c1d00483f994081c19e60667cd8d67e5.jpg,00320_png.rf.c1d00483f994081c19e60667cd8d67e5,0,,,,,
train,Leaf-Diseases,disease,D:\gemma4\segmentation_lattuce-desease\Roboflow_Dataset\train\Leaf-Diseases\00321_png.rf.72e7b91f5265f1c52fd13c8f0dfcbe98.jpg,00321_png.rf.72e7b91f5265f1c52fd13c8f0dfcbe98,0,,,,,
train,Leaf-Diseases,disease,D:\gemma4\segmentation_lattuce-desease\Roboflow_Dataset\train\Leaf-Diseases\00321_png.rf.c1aa1cdaa0e578e211776eda3eb8582a.jpg,00321_png.rf.c1aa1cdaa0e578e211776eda3eb8582a,0,,,,,
train,Leaf-Diseases,disease,D:\gemma4\segmentation_lattuce-desease\Roboflow_Dataset\train\Leaf-Diseases\00321_png.rf.e0ba5f8c38b63a65871b5260adeee4b1.jpg,00321_png.rf.e0ba5f8c38b63a65871b5260adeee4b1,0,,,,,
train,Leaf-Diseases,disease,D:\gemma4\segmentation_lattuce-desease\Roboflow_Dataset\train\Leaf-Diseases\00322_png.rf.4586c13c094512d8d03bf92049ca4dad.jpg,00322_png.rf.4586c13c094512d8d03bf92049ca4dad,0,,,,,
train,Leaf-Diseases,disease,D:\gemma4\segmentation_lattuce-desease\Roboflow_Dataset\train\Leaf-Diseases\00322_png.rf.5643945a14b4acf5c0cd748ba52267d4.jpg,00322_png.rf.5643945a14b4acf5c0cd748ba52267d4,0,,,,,
train,Leaf-Diseases,disease,D:\gemma4\segmentation_lattuce-desease\Roboflow_Dataset\train\Leaf-Diseases\00322_png.rf.fcee6bdb0705c31d20f4b028915c7ded.jpg,00322_png.rf.fcee6bdb0705c31d20f4b028915c7ded,0,,,,,
train,Leaf-Diseases,disease,D:\gemma4\segmentation_lattuce-desease\Roboflow_Dataset\train\Leaf-Diseases\00323_png.rf.23f8e9c7c7f26ff7226ce46b87888e7e.jpg,00323_png.rf.23f8e9c7c7f26ff7226ce46b87888e7e,0,,,,,
train,Leaf-Diseases,disease,D:\gemma4\segmentation_lattuce-desease\Roboflow_Dataset\train\Leaf-Diseases\00323_png.rf.549160b6a4da24ded9ff7b58a737fe39.jpg,00323_png.rf.549160b6a4da24ded9ff7b58a737fe39,0,,,,,
train,Leaf-Diseases,disease,D:\gemma4\segmentation_lattuce-desease\Roboflow_Dataset\train\Leaf-Diseases\00323_png.rf.c691556a1ede716c94a8ab5d53a621db.jpg,00323_png.rf.c691556a1ede716c94a8ab5d53a621db,0,,,,,
train,Leaf-Diseases,disease,D:\gemma4\segmentation_lattuce-desease\Roboflow_Dataset\train\Leaf-Diseases\00324_png.rf.0b8944bcf1b817d3df88e4eefbad8540.jpg,00324_png.rf.0b8944bcf1b817d3df88e4eefbad8540,0,,,,,
train,Leaf-Diseases,disease,D:\gemma4\segmentation_lattuce-desease\Roboflow_Dataset\train\Leaf-Diseases\00324_png.rf.3155d301758f185d9189944d41be5536.jpg,00324_png.rf.3155d301758f185d9189944d41be5536,0,,,,,
train,Leaf-Diseases,disease,D:\gemma4\segmentation_lattuce-desease\Roboflow_Dataset\train\Leaf-Diseases\00324_png.rf.f5b3af77bb91fdbf1a7b0dc067940b7c.jpg,00324_png.rf.f5b3af77bb91fdbf1a7b0dc067940b7c,0,,,,,
train,Leaf-Diseases,disease,D:\gemma4\segmentation_lattuce-desease\Roboflow_Dataset\train\Leaf-Diseases\00325_png.rf.43dd8fb1f825d1fe7cbda1547435ea5f.jpg,00325_png.rf.43dd8fb1f825d1fe7cbda1547435ea5f,0,,,,,
train,Leaf-Diseases,disease,D:\gemma4\segmentation_lattuce-desease\Roboflow_Dataset\train\Leaf-Diseases\00325_png.rf.68629743687de7419f563c0b7edc061e.jpg,00325_png.rf.68629743687de7419f563c0b7edc061e,0,,,,,
train,Leaf-Diseases,disease,D:\gemma4\segmentation_lattuce-desease\Roboflow_Dataset\train\Leaf-Diseases\00325_png.rf.aa037e2142dacb41f16d760bd8fc361e.jpg,00325_png.rf.aa037e2142dacb41f16d760bd8fc361e,0,,,,,
train,Leaf-Diseases,disease,D:\gemma4\segmentation_lattuce-desease\Roboflow_Dataset\train\Leaf-Diseases\00326_png.rf.0f11c1cbb8d77dd56fb5fbc5f355a305.jpg,00326_png.rf.0f11c1cbb8d77dd56fb5fbc5f355a305,0,,,,,
train,Leaf-Diseases,disease,D:\gemma4\segmentation_lattuce-desease\Roboflow_Dataset\train\Leaf-Diseases\00326_png.rf.a0aa8bd57db45dcb71182aea8261b6df.jpg,00326_png.rf.a0aa8bd57db45dcb71182aea8261b6df,0,,,,,
train,Leaf-Diseases,disease,D:\gemma4\segmentation_lattuce-desease\Roboflow_Dataset\train\Leaf-Diseases\00326_png.rf.fc6f4d45adbceebf9fa897176cbb2c03.jpg,00326_png.rf.fc6f4d45adbceebf9fa897176cbb2c03,0,,,,,
train,Leaf-Diseases,disease,D:\gemma4\segmentation_lattuce-desease\Roboflow_Dataset\train\Leaf-Diseases\00327_png.rf.06b622ab0212603870c9e052945b0aef.jpg,00327_png.rf.06b622ab0212603870c9e052945b0aef,0,,,,,
train,Leaf-Diseases,disease,D:\gemma4\segmentation_lattuce-desease\Roboflow_Dataset\train\Leaf-Diseases\00327_png.rf.0b12dcc61513d71d9e41330f061c7974.jpg,00327_png.rf.0b12dcc61513d71d9e41330f061c7974,0,,,,,
train,Leaf-Diseases,disease,D:\gemma4\segmentation_lattuce-desease\Roboflow_Dataset\train\Leaf-Diseases\00327_png.rf.293bf8aac862051c3426f10f5905a00d.jpg,00327_png.rf.293bf8aac862051c3426f10f5905a00d,0,,,,,
train,Leaf-Diseases,disease,D:\gemma4\segmentation_lattuce-desease\Roboflow_Dataset\train\Leaf-Diseases\00328_png.rf.0f87a3e40dfe0ee681e5cce083a2f930.jpg,00328_png.rf.0f87a3e40dfe0ee681e5cce083a2f930,0,,,,,
train,Leaf-Diseases,disease,D:\gemma4\segmentation_lattuce-desease\Roboflow_Dataset\train\Leaf-Diseases\00328_png.rf.49cee54991d2eecd300758388d71c30c.jpg,00328_png.rf.49cee54991d2eecd300758388d71c30c,0,,,,,
train,Leaf-Diseases,disease,D:\gemma4\segmentation_lattuce-desease\Roboflow_Dataset\train\Leaf-Diseases\00328_png.rf.e3923fa2080b41aff2f0e697f520a7e1.jpg,00328_png.rf.e3923fa2080b41aff2f0e697f520a7e1,0,,,,,
train,Leaf-Diseases,disease,D:\gemma4\segmentation_lattuce-desease\Roboflow_Dataset\train\Leaf-Diseases\00329_png.rf.64308d136ddcbd1937334c243545817b.jpg,00329_png.rf.64308d136ddcbd1937334c243545817b,0,,,,,
train,Leaf-Diseases,disease,D:\gemma4\segmentation_lattuce-desease\Roboflow_Dataset\train\Leaf-Diseases\00329_png.rf.852a8ea2520fe623b40b6b7cd258b6be.jpg,00329_png.rf.852a8ea2520fe623b40b6b7cd258b6be,0,,,,,
train,Leaf-Diseases,disease,D:\gemma4\segmentation_lattuce-desease\Roboflow_Dataset\train\Leaf-Diseases\00329_png.rf.b8560c00d982ec5723d1c6dec07d9467.jpg,00329_png.rf.b8560c00d982ec5723d1c6dec07d9467,0,,,,,
train,Leaf-Diseases,disease,D:\gemma4\segmentation_lattuce-desease\Roboflow_Dataset\train\Leaf-Diseases\00330_png.rf.1553f1a918eca91c282e2e35312ad770.jpg,00330_png.rf.1553f1a918eca91c282e2e35312ad770,0,,,,,
train,Leaf-Diseases,disease,D:\gemma4\segmentation_lattuce-desease\Roboflow_Dataset\train\Leaf-Diseases\00330_png.rf.89192f610bae2911864b9235b20f6f59.jpg,00330_png.rf.89192f610bae2911864b9235b20f6f59,0,,,,,
train,Leaf-Diseases,disease,D:\gemma4\segmentation_lattuce-desease\Roboflow_Dataset\train\Leaf-Diseases\00330_png.rf.bdec142f5fa650062bcf0139f9fda707.jpg,00330_png.rf.bdec142f5fa650062bcf0139f9fda707,0,,,,,
train,Leaf-Diseases,disease,D:\gemma4\segmentation_lattuce-desease\Roboflow_Dataset\train\Leaf-Diseases\00331_png.rf.92b984cd8bec4b5f3a14131854b6f5c9.jpg,00331_png.rf.92b984cd8bec4b5f3a14131854b6f5c9,0,,,,,
train,Leaf-Diseases,disease,D:\gemma4\segmentation_lattuce-desease\Roboflow_Dataset\train\Leaf-Diseases\00331_png.rf.c8dcc2af6eea7c4e198b1b0f9684cac5.jpg,00331_png.rf.c8dcc2af6eea7c4e198b1b0f9684cac5,0,,,,,
train,Leaf-Diseases,disease,D:\gemma4\segmentation_lattuce-desease\Roboflow_Dataset\train\Leaf-Diseases\00331_png.rf.fb09ef1eeb665b03a3bfefa4d5188175.jpg,00331_png.rf.fb09ef1eeb665b03a3bfefa4d5188175,0,,,,,
train,Leaf-Diseases,disease,D:\gemma4\segmentation_lattuce-desease\Roboflow_Dataset\train\Leaf-Diseases\00332_png.rf.6f33938c18b878ff1e0ed2648740b4ec.jpg,00332_png.rf.6f33938c18b878ff1e0ed2648740b4ec,0,,,,,
train,Leaf-Diseases,disease,D:\gemma4\segmentation_lattuce-desease\Roboflow_Dataset\train\Leaf-Diseases\00332_png.rf.e8e6184dd4a78e5db05be56efadf2b4e.jpg,00332_png.rf.e8e6184dd4a78e5db05be56efadf2b4e,0,,,,,
train,Leaf-Diseases,disease,D:\gemma4\segmentation_lattuce-desease\Roboflow_Dataset\train\Leaf-Diseases\00332_png.rf.f6ed2f57bfdf0d98b8fd419d79da4d15.jpg,00332_png.rf.f6ed2f57bfdf0d98b8fd419d79da4d15,0,,,,,
train,Leaf-Diseases,disease,D:\gemma4\segmentation_lattuce-desease\Roboflow_Dataset\train\Leaf-Diseases\00333_png.rf.8978f022540e9db61d83d9a24886e922.jpg,00333_png.rf.8978f022540e9db61d83d9a24886e922,0,,,,,
train,Leaf-Diseases,disease,D:\gemma4\segmentation_lattuce-desease\Roboflow_Dataset\train\Leaf-Diseases\00333_png.rf.90f1cd2a9d20903382a078809984dd01.jpg,00333_png.rf.90f1cd2a9d20903382a078809984dd01,0,,,,,
train,Leaf-Diseases,disease,D:\gemma4\segmentation_lattuce-desease\Roboflow_Dataset\train\Leaf-Diseases\00333_png.rf.9c02aa62ea2c31aa4e5076cf70fa7ae1.jpg,00333_png.rf.9c02aa62ea2c31aa4e5076cf70fa7ae1,0,,,,,
train,Leaf-Diseases,disease,D:\gemma4\segmentation_lattuce-desease\Roboflow_Dataset\train\Leaf-Diseases\00334_png.rf.70ca4b3ab2374b0093036929765b3f71.jpg,00334_png.rf.70ca4b3ab2374b0093036929765b3f71,0,,,,,
train,Leaf-Diseases,disease,D:\gemma4\segmentation_lattuce-desease\Roboflow_Dataset\train\Leaf-Diseases\00334_png.rf.9b1596cc7cc70054df40cb0d0446ca77.jpg,00334_png.rf.9b1596cc7cc70054df40cb0d0446ca77,0,,,,,
train,Leaf-Diseases,disease,D:\gemma4\segmentation_lattuce-desease\Roboflow_Dataset\train\Leaf-Diseases\00334_png.rf.e5d5c0108c48e4e920d8313ab6afe214.jpg,00334_png.rf.e5d5c0108c48e4e920d8313ab6afe214,0,,,,,
train,Leaf-Diseases,disease,D:\gemma4\segmentation_lattuce-desease\Roboflow_Dataset\train\Leaf-Diseases\00335_png.rf.0eb5048bc2582eb919fb916d30833e4f.jpg,00335_png.rf.0eb5048bc2582eb919fb916d30833e4f,0,,,,,
train,Leaf-Diseases,disease,D:\gemma4\segmentation_lattuce-desease\Roboflow_Dataset\train\Leaf-Diseases\00335_png.rf.6a9a95368564edf938270082fbbcd3f9.jpg,00335_png.rf.6a9a95368564edf938270082fbbcd3f9,0,,,,,
train,Leaf-Diseases,disease,D:\gemma4\segmentation_lattuce-desease\Roboflow_Dataset\train\Leaf-Diseases\00335_png.rf.dffd7cc7d649d9c3d558cc3fde490643.jpg,00335_png.rf.dffd7cc7d649d9c3d558cc3fde490643,0,,,,,
train,Leaf-Diseases,disease,D:\gemma4\segmentation_lattuce-desease\Roboflow_Dataset\train\Leaf-Diseases\00336_png.rf.067732b3196a24b7e9b9dd44ccf5854e.jpg,00336_png.rf.067732b3196a24b7e9b9dd44ccf5854e,0,,,,,
train,Leaf-Diseases,disease,D:\gemma4\segmentation_lattuce-desease\Roboflow_Dataset\train\Leaf-Diseases\00336_png.rf.512b9db73a9d1e579776965b8c539534.jpg,00336_png.rf.512b9db73a9d1e579776965b8c539534,0,,,,,
train,Leaf-Diseases,disease,D:\gemma4\segmentation_lattuce-desease\Roboflow_Dataset\train\Leaf-Diseases\00336_png.rf.c72692997622cd1948d830322d3f807a.jpg,00336_png.rf.c72692997622cd1948d830322d3f807a,0,,,,,
train,Leaf-Diseases,disease,D:\gemma4\segmentation_lattuce-desease\Roboflow_Dataset\train\Leaf-Diseases\00337_png.rf.5819d192b91577743324bf22bb02e6fa.jpg,00337_png.rf.5819d192b91577743324bf22bb02e6fa,0,,,,,
train,Leaf-Diseases,disease,D:\gemma4\segmentation_lattuce-desease\Roboflow_Dataset\train\Leaf-Diseases\00337_png.rf.63032032c658eaaf89b8d6f897bc14fc.jpg,00337_png.rf.63032032c658eaaf89b8d6f897bc14fc,0,,,,,
train,Leaf-Diseases,disease,D:\gemma4\segmentation_lattuce-desease\Roboflow_Dataset\train\Leaf-Diseases\00337_png.rf.67b50e7a7c3956f40e8b7bcb39d25c06.jpg,00337_png.rf.67b50e7a7c3956f40e8b7bcb39d25c06,0,,,,,
train,Leaf-Diseases,disease,D:\gemma4\segmentation_lattuce-desease\Roboflow_Dataset\train\Leaf-Diseases\00338_png.rf.19026d96f8d6ab0ca605c1f7803f06b1.jpg,00338_png.rf.19026d96f8d6ab0ca605c1f7803f06b1,0,,,,,
train,Leaf-Diseases,disease,D:\gemma4\segmentation_lattuce-desease\Roboflow_Dataset\train\Leaf-Diseases\00338_png.rf.4f64d1a1bb97b09d820ae20811c05300.jpg,00338_png.rf.4f64d1a1bb97b09d820ae20811c05300,0,,,,,
train,Leaf-Diseases,disease,D:\gemma4\segmentation_lattuce-desease\Roboflow_Dataset\train\Leaf-Diseases\00338_png.rf.95a2df75cd0e7b028dcde1d8aba3f884.jpg,00338_png.rf.95a2df75cd0e7b028dcde1d8aba3f884,0,,,,,
train,Leaf-Diseases,disease,D:\gemma4\segmentation_lattuce-desease\Roboflow_Dataset\train\Leaf-Diseases\00339_png.rf.82f9dd5907d3f40585908f42993dc67a.jpg,00339_png.rf.82f9dd5907d3f40585908f42993dc67a,0,,,,,
train,Leaf-Diseases,disease,D:\gemma4\segmentation_lattuce-desease\Roboflow_Dataset\train\Leaf-Diseases\00339_png.rf.8dfed676e93d500f86a4ea62366354e4.jpg,00339_png.rf.8dfed676e93d500f86a4ea62366354e4,0,,,,,
train,Leaf-Diseases,disease,D:\gemma4\segmentation_lattuce-desease\Roboflow_Dataset\train\Leaf-Diseases\00339_png.rf.dfe4b38999415bf7332aaced18702689.jpg,00339_png.rf.dfe4b38999415bf7332aaced18702689,0,,,,,
train,Leaf-Diseases,disease,D:\gemma4\segmentation_lattuce-desease\Roboflow_Dataset\train\Leaf-Diseases\00340_png.rf.204b454ffc4ae0dbf496af74fb88c9f6.jpg,00340_png.rf.204b454ffc4ae0dbf496af74fb88c9f6,0,,,,,
train,Leaf-Diseases,disease,D:\gemma4\segmentation_lattuce-desease\Roboflow_Dataset\train\Leaf-Diseases\00340_png.rf.7118bc34f8b236be93997fd5d4cc0337.jpg,00340_png.rf.7118bc34f8b236be93997fd5d4cc0337,0,,,,,
train,Leaf-Diseases,disease,D:\gemma4\segmentation_lattuce-desease\Roboflow_Dataset\train\Leaf-Diseases\00340_png.rf.e449f8ba33bb00631b0b77bd40581545.jpg,00340_png.rf.e449f8ba33bb00631b0b77bd40581545,0,,,,,
train,Leaf-Diseases,disease,D:\gemma4\segmentation_lattuce-desease\Roboflow_Dataset\train\Leaf-Diseases\00341_png.rf.0aa838b6b4ea7bc5bdb6e52cea9e7802.jpg,00341_png.rf.0aa838b6b4ea7bc5bdb6e52cea9e7802,0,,,,,
train,Leaf-Diseases,disease,D:\gemma4\segmentation_lattuce-desease\Roboflow_Dataset\train\Leaf-Diseases\00341_png.rf.8c90cb800ce03b510f4d04ac472a477e.jpg,00341_png.rf.8c90cb800ce03b510f4d04ac472a477e,0,,,,,
train,Leaf-Diseases,disease,D:\gemma4\segmentation_lattuce-desease\Roboflow_Dataset\train\Leaf-Diseases\00341_png.rf.e82a5646484e8950ea2d20db50bf8d1c.jpg,00341_png.rf.e82a5646484e8950ea2d20db50bf8d1c,0,,,,,
train,Leaf-Diseases,disease,D:\gemma4\segmentation_lattuce-desease\Roboflow_Dataset\train\Leaf-Diseases\00342_png.rf.60f7d6d814a25fc8defda54134fcc3b7.jpg,00342_png.rf.60f7d6d814a25fc8defda54134fcc3b7,0,,,,,
train,Leaf-Diseases,disease,D:\gemma4\segmentation_lattuce-desease\Roboflow_Dataset\train\Leaf-Diseases\00342_png.rf.8d6b400db69d527bdd61da6e51526b97.jpg,00342_png.rf.8d6b400db69d527bdd61da6e51526b97,0,,,,,
train,Leaf-Diseases,disease,D:\gemma4\segmentation_lattuce-desease\Roboflow_Dataset\train\Leaf-Diseases\00342_png.rf.ca339fc485f13e15f7cde43183eb9eff.jpg,00342_png.rf.ca339fc485f13e15f7cde43183eb9eff,0,,,,,
train,Leaf-Diseases,disease,D:\gemma4\segmentation_lattuce-desease\Roboflow_Dataset\train\Leaf-Diseases\00343_png.rf.2b01b13af068605748a38cff86d91ee6.jpg,00343_png.rf.2b01b13af068605748a38cff86d91ee6,0,,,,,
train,Leaf-Diseases,disease,D:\gemma4\segmentation_lattuce-desease\Roboflow_Dataset\train\Leaf-Diseases\00343_png.rf.bc610084e82063af3a9b831ddb5e0c92.jpg,00343_png.rf.bc610084e82063af3a9b831ddb5e0c92,0,,,,,
train,Leaf-Diseases,disease,D:\gemma4\segmentation_lattuce-desease\Roboflow_Dataset\train\Leaf-Diseases\00343_png.rf.c9c45684b36921c14ec6f5c129c07f6e.jpg,00343_png.rf.c9c45684b36921c14ec6f5c129c07f6e,0,,,,,
train,Leaf-Diseases,disease,D:\gemma4\segmentation_lattuce-desease\Roboflow_Dataset\train\Leaf-Diseases\00344_png.rf.09292198d9b3a581d8683bfdf48e0cac.jpg,00344_png.rf.09292198d9b3a581d8683bfdf48e0cac,0,,,,,
train,Leaf-Diseases,disease,D:\gemma4\segmentation_lattuce-desease\Roboflow_Dataset\train\Leaf-Diseases\00344_png.rf.889274fb97812197438993f7f8986456.jpg,00344_png.rf.889274fb97812197438993f7f8986456,0,,,,,
train,Leaf-Diseases,disease,D:\gemma4\segmentation_lattuce-desease\Roboflow_Dataset\train\Leaf-Diseases\00344_png.rf.a0d56a57878a403f4de26b76e25e7fca.jpg,00344_png.rf.a0d56a57878a403f4de26b76e25e7fca,0,,,,,
train,Leaf-Diseases,disease,D:\gemma4\segmentation_lattuce-desease\Roboflow_Dataset\train\Leaf-Diseases\00345_png.rf.455572332a8c53f84aebd204ffe81e1b.jpg,00345_png.rf.455572332a8c53f84aebd204ffe81e1b,0,,,,,
train,Leaf-Diseases,disease,D:\gemma4\segmentation_lattuce-desease\Roboflow_Dataset\train\Leaf-Diseases\00345_png.rf.83e8b08e43e43fb787d54fc7bb3ba6cf.jpg,00345_png.rf.83e8b08e43e43fb787d54fc7bb3ba6cf,0,,,,,
train,Leaf-Diseases,disease,D:\gemma4\segmentation_lattuce-desease\Roboflow_Dataset\train\Leaf-Diseases\00345_png.rf.cb26051479b016578eef68380d08a6a9.jpg,00345_png.rf.cb26051479b016578eef68380d08a6a9,0,,,,,
train,Leaf-Diseases,disease,D:\gemma4\segmentation_lattuce-desease\Roboflow_Dataset\train\Leaf-Diseases\00346_png.rf.27272a82a10961ddf370b9099c82bb49.jpg,00346_png.rf.27272a82a10961ddf370b9099c82bb49,0,,,,,
train,Leaf-Diseases,disease,D:\gemma4\segmentation_lattuce-desease\Roboflow_Dataset\train\Leaf-Diseases\00346_png.rf.b177a2eae4a8f6d4383dc6aa8cdf8047.jpg,00346_png.rf.b177a2eae4a8f6d4383dc6aa8cdf8047,0,,,,,
train,Leaf-Diseases,disease,D:\gemma4\segmentation_lattuce-desease\Roboflow_Dataset\train\Leaf-Diseases\00346_png.rf.fe4d7308eb03ff1c55ad414ce4be04a5.jpg,00346_png.rf.fe4d7308eb03ff1c55ad414ce4be04a5,0,,,,,
train,Leaf-Diseases,disease,D:\gemma4\segmentation_lattuce-desease\Roboflow_Dataset\train\Leaf-Diseases\00347_png.rf.362b3785b1c2c1c9603b956ba0cac699.jpg,00347_png.rf.362b3785b1c2c1c9603b956ba0cac699,0,,,,,
train,Leaf-Diseases,disease,D:\gemma4\segmentation_lattuce-desease\Roboflow_Dataset\train\Leaf-Diseases\00347_png.rf.8483b7963d7c922194b1fdf882b293ec.jpg,00347_png.rf.8483b7963d7c922194b1fdf882b293ec,0,,,,,
train,Leaf-Diseases,disease,D:\gemma4\segmentation_lattuce-desease\Roboflow_Dataset\train\Leaf-Diseases\00347_png.rf.c9566386023d6e7e23f8b99fccd8ef64.jpg,00347_png.rf.c9566386023d6e7e23f8b99fccd8ef64,0,,,,,
train,Leaf-Diseases,disease,D:\gemma4\segmentation_lattuce-desease\Roboflow_Dataset\train\Leaf-Diseases\00348_png.rf.680538488423f4e1872625891570ed12.jpg,00348_png.rf.680538488423f4e1872625891570ed12,0,,,,,
train,Leaf-Diseases,disease,D:\gemma4\segmentation_lattuce-desease\Roboflow_Dataset\train\Leaf-Diseases\00348_png.rf.94a1ea885fc7530b5ef09d1e88b892f0.jpg,00348_png.rf.94a1ea885fc7530b5ef09d1e88b892f0,0,,,,,
train,Leaf-Diseases,disease,D:\gemma4\segmentation_lattuce-desease\Roboflow_Dataset\train\Leaf-Diseases\00348_png.rf.954379ab6fab49bea2390223a0f41b5e.jpg,00348_png.rf.954379ab6fab49bea2390223a0f41b5e,0,,,,,
train,Leaf-Diseases,disease,D:\gemma4\segmentation_lattuce-desease\Roboflow_Dataset\train\Leaf-Diseases\00349_png.rf.a127cdefc97cc2b062ebb92650853d13.jpg,00349_png.rf.a127cdefc97cc2b062ebb92650853d13,0,,,,,
train,Leaf-Diseases,disease,D:\gemma4\segmentation_lattuce-desease\Roboflow_Dataset\train\Leaf-Diseases\00349_png.rf.afca9ede9adbc32840666daf9550389f.jpg,00349_png.rf.afca9ede9adbc32840666daf9550389f,0,,,,,
train,Leaf-Diseases,disease,D:\gemma4\segmentation_lattuce-desease\Roboflow_Dataset\train\Leaf-Diseases\00349_png.rf.f9c261e1b078b12a9b03b147a86b87a2.jpg,00349_png.rf.f9c261e1b078b12a9b03b147a86b87a2,0,,,,,
train,Leaf-Diseases,disease,D:\gemma4\segmentation_lattuce-desease\Roboflow_Dataset\train\Leaf-Diseases\00350_png.rf.2c8b670bdb8dfd4e7fcd5255677340bf.jpg,00350_png.rf.2c8b670bdb8dfd4e7fcd5255677340bf,0,,,,,
train,Leaf-Diseases,disease,D:\gemma4\segmentation_lattuce-desease\Roboflow_Dataset\train\Leaf-Diseases\00350_png.rf.793f319c02fd6262936ff504bb527f15.jpg,00350_png.rf.793f319c02fd6262936ff504bb527f15,0,,,,,
train,Leaf-Diseases,disease,D:\gemma4\segmentation_lattuce-desease\Roboflow_Dataset\train\Leaf-Diseases\00350_png.rf.af3b4875f7454019558a40cc1e0bb688.jpg,00350_png.rf.af3b4875f7454019558a40cc1e0bb688,0,,,,,
train,Leaf-Diseases,disease,D:\gemma4\segmentation_lattuce-desease\Roboflow_Dataset\train\Leaf-Diseases\00351_png.rf.3e6e7ce3cf859c0f4924b59ee571b638.jpg,00351_png.rf.3e6e7ce3cf859c0f4924b59ee571b638,0,,,,,
train,Leaf-Diseases,disease,D:\gemma4\segmentation_lattuce-desease\Roboflow_Dataset\train\Leaf-Diseases\00351_png.rf.76f5299b635534b6880a9236117d9caa.jpg,00351_png.rf.76f5299b635534b6880a9236117d9caa,0,,,,,
train,Leaf-Diseases,disease,D:\gemma4\segmentation_lattuce-desease\Roboflow_Dataset\train\Leaf-Diseases\00351_png.rf.9656c7ed0a2183b95f182551fe2d258f.jpg,00351_png.rf.9656c7ed0a2183b95f182551fe2d258f,0,,,,,
train,Leaf-Diseases,disease,D:\gemma4\segmentation_lattuce-desease\Roboflow_Dataset\train\Leaf-Diseases\00352_png.rf.478c099a62e81dc1f737616625170655.jpg,00352_png.rf.478c099a62e81dc1f737616625170655,0,,,,,
train,Leaf-Diseases,disease,D:\gemma4\segmentation_lattuce-desease\Roboflow_Dataset\train\Leaf-Diseases\00352_png.rf.5f5c8a236f0f3608d7da9c3ef8f9b4ac.jpg,00352_png.rf.5f5c8a236f0f3608d7da9c3ef8f9b4ac,0,,,,,
train,Leaf-Diseases,disease,D:\gemma4\segmentation_lattuce-desease\Roboflow_Dataset\train\Leaf-Diseases\00352_png.rf.b3ba391dcb51fefd960b23d09a97fc18.jpg,00352_png.rf.b3ba391dcb51fefd960b23d09a97fc18,0,,,,,
train,Leaf-Diseases,disease,D:\gemma4\segmentation_lattuce-desease\Roboflow_Dataset\train\Leaf-Diseases\00353_png.rf.ba38962fb478fdc9944248f1e789bf25.jpg,00353_png.rf.ba38962fb478fdc9944248f1e789bf25,0,,,,,
train,Leaf-Diseases,disease,D:\gemma4\segmentation_lattuce-desease\Roboflow_Dataset\train\Leaf-Diseases\00353_png.rf.c25fa0f591b7ca24569b5a5f5e76a652.jpg,00353_png.rf.c25fa0f591b7ca24569b5a5f5e76a652,0,,,,,
train,Leaf-Diseases,disease,D:\gemma4\segmentation_lattuce-desease\Roboflow_Dataset\train\Leaf-Diseases\00353_png.rf.cca7819223ebc74c9761ffa5414fcefc.jpg,00353_png.rf.cca7819223ebc74c9761ffa5414fcefc,0,,,,,
train,Leaf-Diseases,disease,D:\gemma4\segmentation_lattuce-desease\Roboflow_Dataset\train\Leaf-Diseases\00354_png.rf.1550eabf114936f84f7085bc019e91de.jpg,00354_png.rf.1550eabf114936f84f7085bc019e91de,0,,,,,
train,Leaf-Diseases,disease,D:\gemma4\segmentation_lattuce-desease\Roboflow_Dataset\train\Leaf-Diseases\00354_png.rf.5df4a971ab4245ce962af07d545acb59.jpg,00354_png.rf.5df4a971ab4245ce962af07d545acb59,0,,,,,
train,Leaf-Diseases,disease,D:\gemma4\segmentation_lattuce-desease\Roboflow_Dataset\train\Leaf-Diseases\00354_png.rf.a463044a041a6f2141e7acc669199ffb.jpg,00354_png.rf.a463044a041a6f2141e7acc669199ffb,0,,,,,
train,Leaf-Diseases,disease,D:\gemma4\segmentation_lattuce-desease\Roboflow_Dataset\train\Leaf-Diseases\00355_png.rf.1ed678771f82ecbc75ad6b90b18768a4.jpg,00355_png.rf.1ed678771f82ecbc75ad6b90b18768a4,0,,,,,
train,Leaf-Diseases,disease,D:\gemma4\segmentation_lattuce-desease\Roboflow_Dataset\train\Leaf-Diseases\00355_png.rf.83b4cc5c0dba11fb5cbd0feaad8d7319.jpg,00355_png.rf.83b4cc5c0dba11fb5cbd0feaad8d7319,0,,,,,
train,Leaf-Diseases,disease,D:\gemma4\segmentation_lattuce-desease\Roboflow_Dataset\train\Leaf-Diseases\00355_png.rf.a0ae7e1130264dea96cb92e0c227b2b4.jpg,00355_png.rf.a0ae7e1130264dea96cb92e0c227b2b4,0,,,,,
train,Leaf-Diseases,disease,D:\gemma4\segmentation_lattuce-desease\Roboflow_Dataset\train\Leaf-Diseases\00356_png.rf.4373745bab532e1dd885709efe2e3bc3.jpg,00356_png.rf.4373745bab532e1dd885709efe2e3bc3,0,,,,,
train,Leaf-Diseases,disease,D:\gemma4\segmentation_lattuce-desease\Roboflow_Dataset\train\Leaf-Diseases\00356_png.rf.50c942ff8a730429f85ea44b75bd1dfc.jpg,00356_png.rf.50c942ff8a730429f85ea44b75bd1dfc,0,,,,,
train,Leaf-Diseases,disease,D:\gemma4\segmentation_lattuce-desease\Roboflow_Dataset\train\Leaf-Diseases\00356_png.rf.6323edd1853ecb40d5d85171202af8b5.jpg,00356_png.rf.6323edd1853ecb40d5d85171202af8b5,0,,,,,
train,Leaf-Diseases,disease,D:\gemma4\segmentation_lattuce-desease\Roboflow_Dataset\train\Leaf-Diseases\00357_png.rf.74a6eab661b44510e664ab1030996c2d.jpg,00357_png.rf.74a6eab661b44510e664ab1030996c2d,0,,,,,
train,Leaf-Diseases,disease,D:\gemma4\segmentation_lattuce-desease\Roboflow_Dataset\train\Leaf-Diseases\00357_png.rf.b6919513acc88ba03914f1d514478f05.jpg,00357_png.rf.b6919513acc88ba03914f1d514478f05,0,,,,,
train,Leaf-Diseases,disease,D:\gemma4\segmentation_lattuce-desease\Roboflow_Dataset\train\Leaf-Diseases\00357_png.rf.b6f2f058aef8526bebcf91f609d7e0c9.jpg,00357_png.rf.b6f2f058aef8526bebcf91f609d7e0c9,0,,,,,
train,Leaf-Diseases,disease,D:\gemma4\segmentation_lattuce-desease\Roboflow_Dataset\train\Leaf-Diseases\00358_png.rf.3f5f1efe3a506fd000d7d850540b84ee.jpg,00358_png.rf.3f5f1efe3a506fd000d7d850540b84ee,0,,,,,
train,Leaf-Diseases,disease,D:\gemma4\segmentation_lattuce-desease\Roboflow_Dataset\train\Leaf-Diseases\00358_png.rf.7b52f2a02835c345f014fbf798ddb53c.jpg,00358_png.rf.7b52f2a02835c345f014fbf798ddb53c,0,,,,,
train,Leaf-Diseases,disease,D:\gemma4\segmentation_lattuce-desease\Roboflow_Dataset\train\Leaf-Diseases\00358_png.rf.a8b7fab2c117d3416c098d7fd62a6035.jpg,00358_png.rf.a8b7fab2c117d3416c098d7fd62a6035,0,,,,,
train,Leaf-Diseases,disease,D:\gemma4\segmentation_lattuce-desease\Roboflow_Dataset\train\Leaf-Diseases\00359_png.rf.3748676c9e8beea3e5ae885b32c283c4.jpg,00359_png.rf.3748676c9e8beea3e5ae885b32c283c4,0,,,,,
train,Leaf-Diseases,disease,D:\gemma4\segmentation_lattuce-desease\Roboflow_Dataset\train\Leaf-Diseases\00359_png.rf.a44b914eb27623b7e98307658cc97bbf.jpg,00359_png.rf.a44b914eb27623b7e98307658cc97bbf,0,,,,,
train,Leaf-Diseases,disease,D:\gemma4\segmentation_lattuce-desease\Roboflow_Dataset\train\Leaf-Diseases\00359_png.rf.dfc0fcc4a84d213eaed4f760eb794cee.jpg,00359_png.rf.dfc0fcc4a84d213eaed4f760eb794cee,0,,,,,
train,Leaf-Diseases,disease,D:\gemma4\segmentation_lattuce-desease\Roboflow_Dataset\train\Leaf-Diseases\00360_png.rf.1c1b7b5ca8d81c923ee7cf2b2af049ea.jpg,00360_png.rf.1c1b7b5ca8d81c923ee7cf2b2af049ea,0,,,,,
train,Leaf-Diseases,disease,D:\gemma4\segmentation_lattuce-desease\Roboflow_Dataset\train\Leaf-Diseases\00360_png.rf.233418a4fb87b58f2d3077fda7d9a7ee.jpg,00360_png.rf.233418a4fb87b58f2d3077fda7d9a7ee,0,,,,,
train,Leaf-Diseases,disease,D:\gemma4\segmentation_lattuce-desease\Roboflow_Dataset\train\Leaf-Diseases\00360_png.rf.b0cced85dabbb6d44ec412ad12e34734.jpg,00360_png.rf.b0cced85dabbb6d44ec412ad12e34734,0,,,,,
train,Leaf-Diseases,disease,D:\gemma4\segmentation_lattuce-desease\Roboflow_Dataset\train\Leaf-Diseases\00361_png.rf.2d581fa5e463d95124197f4ce9cd000f.jpg,00361_png.rf.2d581fa5e463d95124197f4ce9cd000f,0,,,,,
train,Leaf-Diseases,disease,D:\gemma4\segmentation_lattuce-desease\Roboflow_Dataset\train\Leaf-Diseases\00361_png.rf.8a30404eb70e9a37129b87c2dbed7cf8.jpg,00361_png.rf.8a30404eb70e9a37129b87c2dbed7cf8,0,,,,,
train,Leaf-Diseases,disease,D:\gemma4\segmentation_lattuce-desease\Roboflow_Dataset\train\Leaf-Diseases\00361_png.rf.8fb618ebe637a2c21cc6c6e040a287da.jpg,00361_png.rf.8fb618ebe637a2c21cc6c6e040a287da,0,,,,,
train,Leaf-Diseases,disease,D:\gemma4\segmentation_lattuce-desease\Roboflow_Dataset\train\Leaf-Diseases\00362_png.rf.16fd9a0aeb54bddef3353a1b6abe7d5c.jpg,00362_png.rf.16fd9a0aeb54bddef3353a1b6abe7d5c,0,,,,,
train,Leaf-Diseases,disease,D:\gemma4\segmentation_lattuce-desease\Roboflow_Dataset\train\Leaf-Diseases\00362_png.rf.5bc03bc9074ccd09a79f7228ed0160af.jpg,00362_png.rf.5bc03bc9074ccd09a79f7228ed0160af,0,,,,,
train,Leaf-Diseases,disease,D:\gemma4\segmentation_lattuce-desease\Roboflow_Dataset\train\Leaf-Diseases\00362_png.rf.e2bb21464b593c515ce224b95cf996e9.jpg,00362_png.rf.e2bb21464b593c515ce224b95cf996e9,0,,,,,
train,Leaf-Diseases,disease,D:\gemma4\segmentation_lattuce-desease\Roboflow_Dataset\train\Leaf-Diseases\00363_png.rf.5479a46f8086daa0373585b90a8aa51a.jpg,00363_png.rf.5479a46f8086daa0373585b90a8aa51a,0,,,,,
train,Leaf-Diseases,disease,D:\gemma4\segmentation_lattuce-desease\Roboflow_Dataset\train\Leaf-Diseases\00363_png.rf.5e30e1132d0308d8e260e06a983ce794.jpg,00363_png.rf.5e30e1132d0308d8e260e06a983ce794,0,,,,,
train,Leaf-Diseases,disease,D:\gemma4\segmentation_lattuce-desease\Roboflow_Dataset\train\Leaf-Diseases\00363_png.rf.701e5e012e3ea1cab6c0a38647e06aa2.jpg,00363_png.rf.701e5e012e3ea1cab6c0a38647e06aa2,0,,,,,
train,Leaf-Diseases,disease,D:\gemma4\segmentation_lattuce-desease\Roboflow_Dataset\train\Leaf-Diseases\00364_png.rf.12e638f7af1b7ba3ff0c361b9cfa8c5c.jpg,00364_png.rf.12e638f7af1b7ba3ff0c361b9cfa8c5c,0,,,,,
train,Leaf-Diseases,disease,D:\gemma4\segmentation_lattuce-desease\Roboflow_Dataset\train\Leaf-Diseases\00364_png.rf.63fcd18d34ac8e3b974356536087346e.jpg,00364_png.rf.63fcd18d34ac8e3b974356536087346e,0,,,,,
train,Leaf-Diseases,disease,D:\gemma4\segmentation_lattuce-desease\Roboflow_Dataset\train\Leaf-Diseases\00364_png.rf.c637effe56e0006707edef0e65d5714d.jpg,00364_png.rf.c637effe56e0006707edef0e65d5714d,0,,,,,
train,Leaf-Diseases,disease,D:\gemma4\segmentation_lattuce-desease\Roboflow_Dataset\train\Leaf-Diseases\00365_png.rf.3d5bd685329d1f5b0e4c83d6b5504467.jpg,00365_png.rf.3d5bd685329d1f5b0e4c83d6b5504467,0,,,,,
train,Leaf-Diseases,disease,D:\gemma4\segmentation_lattuce-desease\Roboflow_Dataset\train\Leaf-Diseases\00365_png.rf.49f234d5e351f9651ceebc19793e8394.jpg,00365_png.rf.49f234d5e351f9651ceebc19793e8394,0,,,,,
train,Leaf-Diseases,disease,D:\gemma4\segmentation_lattuce-desease\Roboflow_Dataset\train\Leaf-Diseases\00365_png.rf.7b2ecf11184ec61d4eb77bb7328062ba.jpg,00365_png.rf.7b2ecf11184ec61d4eb77bb7328062ba,0,,,,,
train,Leaf-Diseases,disease,D:\gemma4\segmentation_lattuce-desease\Roboflow_Dataset\train\Leaf-Diseases\00366_png.rf.3e7beddfde226522f98bb57a0b58a84c.jpg,00366_png.rf.3e7beddfde226522f98bb57a0b58a84c,0,,,,,
train,Leaf-Diseases,disease,D:\gemma4\segmentation_lattuce-desease\Roboflow_Dataset\train\Leaf-Diseases\00366_png.rf.5e95731481e3253389a4d35116c5851b.jpg,00366_png.rf.5e95731481e3253389a4d35116c5851b,0,,,,,
train,Leaf-Diseases,disease,D:\gemma4\segmentation_lattuce-desease\Roboflow_Dataset\train\Leaf-Diseases\00366_png.rf.b5e3c5eee34167a7fa2964e5a5de5a98.jpg,00366_png.rf.b5e3c5eee34167a7fa2964e5a5de5a98,0,,,,,
train,Leaf-Diseases,disease,D:\gemma4\segmentation_lattuce-desease\Roboflow_Dataset\train\Leaf-Diseases\00367_png.rf.63caa648fdfda112d43f1059ed9689dc.jpg,00367_png.rf.63caa648fdfda112d43f1059ed9689dc,0,,,,,
train,Leaf-Diseases,disease,D:\gemma4\segmentation_lattuce-desease\Roboflow_Dataset\train\Leaf-Diseases\00367_png.rf.af21a24667a343fce82732128f82aba2.jpg,00367_png.rf.af21a24667a343fce82732128f82aba2,0,,,,,
train,Leaf-Diseases,disease,D:\gemma4\segmentation_lattuce-desease\Roboflow_Dataset\train\Leaf-Diseases\00367_png.rf.be3b2b977ce495c0c9285f265eb013ab.jpg,00367_png.rf.be3b2b977ce495c0c9285f265eb013ab,0,,,,,
train,Leaf-Diseases,disease,D:\gemma4\segmentation_lattuce-desease\Roboflow_Dataset\train\Leaf-Diseases\00368_png.rf.72ff3c239f1cdd61470d73248a5d9eaf.jpg,00368_png.rf.72ff3c239f1cdd61470d73248a5d9eaf,0,,,,,
train,Leaf-Diseases,disease,D:\gemma4\segmentation_lattuce-desease\Roboflow_Dataset\train\Leaf-Diseases\00368_png.rf.9493f3111b404395572eabfb1de3bda3.jpg,00368_png.rf.9493f3111b404395572eabfb1de3bda3,0,,,,,
train,Leaf-Diseases,disease,D:\gemma4\segmentation_lattuce-desease\Roboflow_Dataset\train\Leaf-Diseases\00368_png.rf.efdf46360d712462e0d105b10d22d045.jpg,00368_png.rf.efdf46360d712462e0d105b10d22d045,0,,,,,
train,Leaf-Diseases,disease,D:\gemma4\segmentation_lattuce-desease\Roboflow_Dataset\train\Leaf-Diseases\00369_png.rf.4d5437f1f1006163f8efd3226aa1ab50.jpg,00369_png.rf.4d5437f1f1006163f8efd3226aa1ab50,0,,,,,
train,Leaf-Diseases,disease,D:\gemma4\segmentation_lattuce-desease\Roboflow_Dataset\train\Leaf-Diseases\00369_png.rf.798ef07b3887c09c5e8b6cadf890b460.jpg,00369_png.rf.798ef07b3887c09c5e8b6cadf890b460,0,,,,,
train,Leaf-Diseases,disease,D:\gemma4\segmentation_lattuce-desease\Roboflow_Dataset\train\Leaf-Diseases\00369_png.rf.e71ff753e62bab983138e2f0b5768022.jpg,00369_png.rf.e71ff753e62bab983138e2f0b5768022,0,,,,,
train,Leaf-Diseases,disease,D:\gemma4\segmentation_lattuce-desease\Roboflow_Dataset\train\Leaf-Diseases\00370_png.rf.686fc7e4dc134feefd70fa3067cf1926.jpg,00370_png.rf.686fc7e4dc134feefd70fa3067cf1926,0,,,,,
train,Leaf-Diseases,disease,D:\gemma4\segmentation_lattuce-desease\Roboflow_Dataset\train\Leaf-Diseases\00370_png.rf.836db30cb2a99dd36f64c60336a47717.jpg,00370_png.rf.836db30cb2a99dd36f64c60336a47717,0,,,,,
train,Leaf-Diseases,disease,D:\gemma4\segmentation_lattuce-desease\Roboflow_Dataset\train\Leaf-Diseases\00370_png.rf.cc6ffb956a99f2b2471439ba13f85649.jpg,00370_png.rf.cc6ffb956a99f2b2471439ba13f85649,0,,,,,
train,Leaf-Diseases,disease,D:\gemma4\segmentation_lattuce-desease\Roboflow_Dataset\train\Leaf-Diseases\00371_png.rf.370b5f9bb2bca2b67369fb60e61c861e.jpg,00371_png.rf.370b5f9bb2bca2b67369fb60e61c861e,0,,,,,
train,Leaf-Diseases,disease,D:\gemma4\segmentation_lattuce-desease\Roboflow_Dataset\train\Leaf-Diseases\00371_png.rf.7bd4e8776065d9f5602658d062ffdbd5.jpg,00371_png.rf.7bd4e8776065d9f5602658d062ffdbd5,0,,,,,
train,Leaf-Diseases,disease,D:\gemma4\segmentation_lattuce-desease\Roboflow_Dataset\train\Leaf-Diseases\00371_png.rf.877f3b24ab6e93a6145124f2bf825d77.jpg,00371_png.rf.877f3b24ab6e93a6145124f2bf825d77,0,,,,,
train,Leaf-Diseases,disease,D:\gemma4\segmentation_lattuce-desease\Roboflow_Dataset\train\Leaf-Diseases\00372_png.rf.0c8363b4344f1ede2a3834cd6811d912.jpg,00372_png.rf.0c8363b4344f1ede2a3834cd6811d912,0,,,,,
train,Leaf-Diseases,disease,D:\gemma4\segmentation_lattuce-desease\Roboflow_Dataset\train\Leaf-Diseases\00372_png.rf.32bfc3cf4a71961e92b2938bca43d4aa.jpg,00372_png.rf.32bfc3cf4a71961e92b2938bca43d4aa,0,,,,,
train,Leaf-Diseases,disease,D:\gemma4\segmentation_lattuce-desease\Roboflow_Dataset\train\Leaf-Diseases\00372_png.rf.cceacbb22111c9e67e8a2e4bc2059440.jpg,00372_png.rf.cceacbb22111c9e67e8a2e4bc2059440,0,,,,,
train,Leaf-Diseases,disease,D:\gemma4\segmentation_lattuce-desease\Roboflow_Dataset\train\Leaf-Diseases\00373_png.rf.a018ab5abdf7d28af7508037935c11e4.jpg,00373_png.rf.a018ab5abdf7d28af7508037935c11e4,0,,,,,
train,Leaf-Diseases,disease,D:\gemma4\segmentation_lattuce-desease\Roboflow_Dataset\train\Leaf-Diseases\00373_png.rf.ec165600364249ee755a9396c584cf57.jpg,00373_png.rf.ec165600364249ee755a9396c584cf57,0,,,,,
train,Leaf-Diseases,disease,D:\gemma4\segmentation_lattuce-desease\Roboflow_Dataset\train\Leaf-Diseases\00373_png.rf.fa6c2c4d551ecc5c47d618791747f87a.jpg,00373_png.rf.fa6c2c4d551ecc5c47d618791747f87a,0,,,,,
train,Leaf-Diseases,disease,D:\gemma4\segmentation_lattuce-desease\Roboflow_Dataset\train\Leaf-Diseases\00374_png.rf.6636a4d48615afed741d17e4147a0520.jpg,00374_png.rf.6636a4d48615afed741d17e4147a0520,0,,,,,
train,Leaf-Diseases,disease,D:\gemma4\segmentation_lattuce-desease\Roboflow_Dataset\train\Leaf-Diseases\00374_png.rf.78046e715a8618c891d94a482a69e1fa.jpg,00374_png.rf.78046e715a8618c891d94a482a69e1fa,0,,,,,
train,Leaf-Diseases,disease,D:\gemma4\segmentation_lattuce-desease\Roboflow_Dataset\train\Leaf-Diseases\00374_png.rf.da5d46c2cc32c1d300e301182bcd1c21.jpg,00374_png.rf.da5d46c2cc32c1d300e301182bcd1c21,0,,,,,
train,Leaf-Diseases,disease,D:\gemma4\segmentation_lattuce-desease\Roboflow_Dataset\train\Leaf-Diseases\00375_png.rf.3953acca1beaa72c5b82064cd54daea1.jpg,00375_png.rf.3953acca1beaa72c5b82064cd54daea1,0,,,,,
train,Leaf-Diseases,disease,D:\gemma4\segmentation_lattuce-desease\Roboflow_Dataset\train\Leaf-Diseases\00375_png.rf.bfeac19083150067df464dbfa156ecbf.jpg,00375_png.rf.bfeac19083150067df464dbfa156ecbf,0,,,,,
train,Leaf-Diseases,disease,D:\gemma4\segmentation_lattuce-desease\Roboflow_Dataset\train\Leaf-Diseases\00375_png.rf.e7740873764ea1b454e9847aa16f294e.jpg,00375_png.rf.e7740873764ea1b454e9847aa16f294e,0,,,,,
train,Leaf-Diseases,disease,D:\gemma4\segmentation_lattuce-desease\Roboflow_Dataset\train\Leaf-Diseases\00376_png.rf.0352dda320e28fa80c5ab7e960fcc8f6.jpg,00376_png.rf.0352dda320e28fa80c5ab7e960fcc8f6,0,,,,,
train,Leaf-Diseases,disease,D:\gemma4\segmentation_lattuce-desease\Roboflow_Dataset\train\Leaf-Diseases\00376_png.rf.ad8129b262af02a5a9a8ca937612e4d0.jpg,00376_png.rf.ad8129b262af02a5a9a8ca937612e4d0,0,,,,,
train,Leaf-Diseases,disease,D:\gemma4\segmentation_lattuce-desease\Roboflow_Dataset\train\Leaf-Diseases\00376_png.rf.ebd3d4d31b2abf72c07e9376d5271332.jpg,00376_png.rf.ebd3d4d31b2abf72c07e9376d5271332,0,,,,,
train,Leaf-Diseases,disease,D:\gemma4\segmentation_lattuce-desease\Roboflow_Dataset\train\Leaf-Diseases\00377_png.rf.12e04762acd46e8a4df86bf8aaf33da7.jpg,00377_png.rf.12e04762acd46e8a4df86bf8aaf33da7,0,,,,,
train,Leaf-Diseases,disease,D:\gemma4\segmentation_lattuce-desease\Roboflow_Dataset\train\Leaf-Diseases\00377_png.rf.2653817c9d0fec5c27df5959399df497.jpg,00377_png.rf.2653817c9d0fec5c27df5959399df497,0,,,,,
train,Leaf-Diseases,disease,D:\gemma4\segmentation_lattuce-desease\Roboflow_Dataset\train\Leaf-Diseases\00377_png.rf.4c509f86cdce9acb0cfd5539991c2b29.jpg,00377_png.rf.4c509f86cdce9acb0cfd5539991c2b29,0,,,,,
train,Leaf-Diseases,disease,D:\gemma4\segmentation_lattuce-desease\Roboflow_Dataset\train\Leaf-Diseases\00378_png.rf.6727b76fef0d127b6bd1524b2ad791d6.jpg,00378_png.rf.6727b76fef0d127b6bd1524b2ad791d6,0,,,,,
train,Leaf-Diseases,disease,D:\gemma4\segmentation_lattuce-desease\Roboflow_Dataset\train\Leaf-Diseases\00378_png.rf.6bc2f8caa4cb25ab7e9511791b19e01f.jpg,00378_png.rf.6bc2f8caa4cb25ab7e9511791b19e01f,0,,,,,
train,Leaf-Diseases,disease,D:\gemma4\segmentation_lattuce-desease\Roboflow_Dataset\train\Leaf-Diseases\00378_png.rf.c2898a5c5c385b7c1662b6b7f0e3fcb2.jpg,00378_png.rf.c2898a5c5c385b7c1662b6b7f0e3fcb2,0,,,,,
train,Leaf-Diseases,disease,D:\gemma4\segmentation_lattuce-desease\Roboflow_Dataset\train\Leaf-Diseases\00379_png.rf.6d40e6c38e74e4475b1d03db8d4f3150.jpg,00379_png.rf.6d40e6c38e74e4475b1d03db8d4f3150,0,,,,,
train,Leaf-Diseases,disease,D:\gemma4\segmentation_lattuce-desease\Roboflow_Dataset\train\Leaf-Diseases\00379_png.rf.abb8efd3593c6cb41ffa902f602540bb.jpg,00379_png.rf.abb8efd3593c6cb41ffa902f602540bb,0,,,,,
train,Leaf-Diseases,disease,D:\gemma4\segmentation_lattuce-desease\Roboflow_Dataset\train\Leaf-Diseases\00379_png.rf.d53e331034176f686c55527986600a8c.jpg,00379_png.rf.d53e331034176f686c55527986600a8c,0,,,,,
train,Leaf-Diseases,disease,D:\gemma4\segmentation_lattuce-desease\Roboflow_Dataset\train\Leaf-Diseases\00380_png.rf.8fd59553a44a2b67680db898a6c994d8.jpg,00380_png.rf.8fd59553a44a2b67680db898a6c994d8,0,,,,,
train,Leaf-Diseases,disease,D:\gemma4\segmentation_lattuce-desease\Roboflow_Dataset\train\Leaf-Diseases\00380_png.rf.90590a49d02e95dc4da8c1b053d84803.jpg,00380_png.rf.90590a49d02e95dc4da8c1b053d84803,0,,,,,
train,Leaf-Diseases,disease,D:\gemma4\segmentation_lattuce-desease\Roboflow_Dataset\train\Leaf-Diseases\00380_png.rf.edd6e47ca4e760bf8a91df60c1e96f53.jpg,00380_png.rf.edd6e47ca4e760bf8a91df60c1e96f53,0,,,,,
train,Leaf-Diseases,disease,D:\gemma4\segmentation_lattuce-desease\Roboflow_Dataset\train\Leaf-Diseases\00381_png.rf.40d714784266a384df72de7d99ea0748.jpg,00381_png.rf.40d714784266a384df72de7d99ea0748,0,,,,,
train,Leaf-Diseases,disease,D:\gemma4\segmentation_lattuce-desease\Roboflow_Dataset\train\Leaf-Diseases\00381_png.rf.7fcacfca04afc2182f0437ac88837537.jpg,00381_png.rf.7fcacfca04afc2182f0437ac88837537,0,,,,,
train,Leaf-Diseases,disease,D:\gemma4\segmentation_lattuce-desease\Roboflow_Dataset\train\Leaf-Diseases\00381_png.rf.9509fc756360f162f183b41f21438b99.jpg,00381_png.rf.9509fc756360f162f183b41f21438b99,0,,,,,
train,Leaf-Diseases,disease,D:\gemma4\segmentation_lattuce-desease\Roboflow_Dataset\train\Leaf-Diseases\00382_png.rf.0710030bfa7becd99e1cc8ca946b9400.jpg,00382_png.rf.0710030bfa7becd99e1cc8ca946b9400,0,,,,,
train,Leaf-Diseases,disease,D:\gemma4\segmentation_lattuce-desease\Roboflow_Dataset\train\Leaf-Diseases\00382_png.rf.0c4a6bffb3ea6cd3fa2b4ed12de790bd.jpg,00382_png.rf.0c4a6bffb3ea6cd3fa2b4ed12de790bd,0,,,,,
train,Leaf-Diseases,disease,D:\gemma4\segmentation_lattuce-desease\Roboflow_Dataset\train\Leaf-Diseases\00382_png.rf.3dfabf3cd67bc6bbca1166190672896c.jpg,00382_png.rf.3dfabf3cd67bc6bbca1166190672896c,0,,,,,
train,Leaf-Diseases,disease,D:\gemma4\segmentation_lattuce-desease\Roboflow_Dataset\train\Leaf-Diseases\00383_png.rf.36ad20e4e563e37bd178767ae91be637.jpg,00383_png.rf.36ad20e4e563e37bd178767ae91be637,0,,,,,
train,Leaf-Diseases,disease,D:\gemma4\segmentation_lattuce-desease\Roboflow_Dataset\train\Leaf-Diseases\00383_png.rf.cd2e31e64a7c4cf43c464674983c127e.jpg,00383_png.rf.cd2e31e64a7c4cf43c464674983c127e,0,,,,,
train,Leaf-Diseases,disease,D:\gemma4\segmentation_lattuce-desease\Roboflow_Dataset\train\Leaf-Diseases\00383_png.rf.f3d3e9b0ae66eb749a56070e5025dc98.jpg,00383_png.rf.f3d3e9b0ae66eb749a56070e5025dc98,0,,,,,
train,Leaf-Diseases,disease,D:\gemma4\segmentation_lattuce-desease\Roboflow_Dataset\train\Leaf-Diseases\00384_png.rf.1b49d3b9a7b55c087950492ebdfd6370.jpg,00384_png.rf.1b49d3b9a7b55c087950492ebdfd6370,0,,,,,
train,Leaf-Diseases,disease,D:\gemma4\segmentation_lattuce-desease\Roboflow_Dataset\train\Leaf-Diseases\00384_png.rf.67f593bbf1c3b4602b6f40334b70d333.jpg,00384_png.rf.67f593bbf1c3b4602b6f40334b70d333,0,,,,,
train,Leaf-Diseases,disease,D:\gemma4\segmentation_lattuce-desease\Roboflow_Dataset\train\Leaf-Diseases\00384_png.rf.bb0d0c94fc833ce98fb380532b8137db.jpg,00384_png.rf.bb0d0c94fc833ce98fb380532b8137db,0,,,,,
train,Leaf-Diseases,disease,D:\gemma4\segmentation_lattuce-desease\Roboflow_Dataset\train\Leaf-Diseases\00385_png.rf.274f35dfc033e063a68d32d30a987e4c.jpg,00385_png.rf.274f35dfc033e063a68d32d30a987e4c,0,,,,,
train,Leaf-Diseases,disease,D:\gemma4\segmentation_lattuce-desease\Roboflow_Dataset\train\Leaf-Diseases\00385_png.rf.57e0371d5b52631a17222d768379ef04.jpg,00385_png.rf.57e0371d5b52631a17222d768379ef04,0,,,,,
train,Leaf-Diseases,disease,D:\gemma4\segmentation_lattuce-desease\Roboflow_Dataset\train\Leaf-Diseases\00385_png.rf.5cb3d650c67faaf66dee959ee4e963ab.jpg,00385_png.rf.5cb3d650c67faaf66dee959ee4e963ab,0,,,,,
train,Leaf-Diseases,disease,D:\gemma4\segmentation_lattuce-desease\Roboflow_Dataset\train\Leaf-Diseases\00386_png.rf.611bcc6b092798ed72f508068753be6a.jpg,00386_png.rf.611bcc6b092798ed72f508068753be6a,0,,,,,
train,Leaf-Diseases,disease,D:\gemma4\segmentation_lattuce-desease\Roboflow_Dataset\train\Leaf-Diseases\00386_png.rf.7562ea91ae847df5995fa5e7d0e7d6f7.jpg,00386_png.rf.7562ea91ae847df5995fa5e7d0e7d6f7,0,,,,,
train,Leaf-Diseases,disease,D:\gemma4\segmentation_lattuce-desease\Roboflow_Dataset\train\Leaf-Diseases\00386_png.rf.d27fdf1d8fc87537b6c31a4b0a1a43dd.jpg,00386_png.rf.d27fdf1d8fc87537b6c31a4b0a1a43dd,0,,,,,
train,Leaf-Diseases,disease,D:\gemma4\segmentation_lattuce-desease\Roboflow_Dataset\train\Leaf-Diseases\00387_png.rf.433906a6897640b6fb736dc3118dfbd7.jpg,00387_png.rf.433906a6897640b6fb736dc3118dfbd7,0,,,,,
train,Leaf-Diseases,disease,D:\gemma4\segmentation_lattuce-desease\Roboflow_Dataset\train\Leaf-Diseases\00387_png.rf.514813810c82819163491f1941b812c3.jpg,00387_png.rf.514813810c82819163491f1941b812c3,0,,,,,
train,Leaf-Diseases,disease,D:\gemma4\segmentation_lattuce-desease\Roboflow_Dataset\train\Leaf-Diseases\00387_png.rf.8026a4293ed94a930db1faaa11ed4831.jpg,00387_png.rf.8026a4293ed94a930db1faaa11ed4831,0,,,,,
train,Leaf-Diseases,disease,D:\gemma4\segmentation_lattuce-desease\Roboflow_Dataset\train\Leaf-Diseases\00388_png.rf.473a43cc9a596d4158321e72fa1e1ddf.jpg,00388_png.rf.473a43cc9a596d4158321e72fa1e1ddf,0,,,,,
train,Leaf-Diseases,disease,D:\gemma4\segmentation_lattuce-desease\Roboflow_Dataset\train\Leaf-Diseases\00388_png.rf.4d4715dae1fed55ae3a94ef1bb2df171.jpg,00388_png.rf.4d4715dae1fed55ae3a94ef1bb2df171,0,,,,,
train,Leaf-Diseases,disease,D:\gemma4\segmentation_lattuce-desease\Roboflow_Dataset\train\Leaf-Diseases\00388_png.rf.a2d17c86f2703278eed08cca53b0b638.jpg,00388_png.rf.a2d17c86f2703278eed08cca53b0b638,0,,,,,
train,Leaf-Diseases,disease,D:\gemma4\segmentation_lattuce-desease\Roboflow_Dataset\train\Leaf-Diseases\00389_png.rf.048ce90f683f479cd5556ef06a1afc5e.jpg,00389_png.rf.048ce90f683f479cd5556ef06a1afc5e,0,,,,,
train,Leaf-Diseases,disease,D:\gemma4\segmentation_lattuce-desease\Roboflow_Dataset\train\Leaf-Diseases\00389_png.rf.1d017cc64e928dcff647fdde58c12aff.jpg,00389_png.rf.1d017cc64e928dcff647fdde58c12aff,0,,,,,
train,Leaf-Diseases,disease,D:\gemma4\segmentation_lattuce-desease\Roboflow_Dataset\train\Leaf-Diseases\00389_png.rf.271f6bebd36b24b4490b0b952390153f.jpg,00389_png.rf.271f6bebd36b24b4490b0b952390153f,0,,,,,
train,Leaf-Diseases,disease,D:\gemma4\segmentation_lattuce-desease\Roboflow_Dataset\train\Leaf-Diseases\00390_png.rf.144783fb441863821bbef45945d0c501.jpg,00390_png.rf.144783fb441863821bbef45945d0c501,0,,,,,
train,Leaf-Diseases,disease,D:\gemma4\segmentation_lattuce-desease\Roboflow_Dataset\train\Leaf-Diseases\00390_png.rf.95e77c2bad8eb2f0f29e1470c228f856.jpg,00390_png.rf.95e77c2bad8eb2f0f29e1470c228f856,0,,,,,
train,Leaf-Diseases,disease,D:\gemma4\segmentation_lattuce-desease\Roboflow_Dataset\train\Leaf-Diseases\00390_png.rf.ca099765b1c968cc552dbd5f595a852b.jpg,00390_png.rf.ca099765b1c968cc552dbd5f595a852b,0,,,,,
train,Leaf-Diseases,disease,D:\gemma4\segmentation_lattuce-desease\Roboflow_Dataset\train\Leaf-Diseases\00391_png.rf.5742a2396014f8f73aae8a8e14caeab9.jpg,00391_png.rf.5742a2396014f8f73aae8a8e14caeab9,0,,,,,
train,Leaf-Diseases,disease,D:\gemma4\segmentation_lattuce-desease\Roboflow_Dataset\train\Leaf-Diseases\00391_png.rf.b7c2bac8f3851c51ef179ac82701b3c8.jpg,00391_png.rf.b7c2bac8f3851c51ef179ac82701b3c8,0,,,,,
train,Leaf-Diseases,disease,D:\gemma4\segmentation_lattuce-desease\Roboflow_Dataset\train\Leaf-Diseases\00391_png.rf.d708477792009a6caa3018fb119935ef.jpg,00391_png.rf.d708477792009a6caa3018fb119935ef,0,,,,,
train,Leaf-Diseases,disease,D:\gemma4\segmentation_lattuce-desease\Roboflow_Dataset\train\Leaf-Diseases\00392_png.rf.176c2c575d81ed6d855e852d30bbf72b.jpg,00392_png.rf.176c2c575d81ed6d855e852d30bbf72b,0,,,,,
train,Leaf-Diseases,disease,D:\gemma4\segmentation_lattuce-desease\Roboflow_Dataset\train\Leaf-Diseases\00392_png.rf.448fce1bf8d91503732db113f5fa14d1.jpg,00392_png.rf.448fce1bf8d91503732db113f5fa14d1,0,,,,,
train,Leaf-Diseases,disease,D:\gemma4\segmentation_lattuce-desease\Roboflow_Dataset\train\Leaf-Diseases\00392_png.rf.f8bce32405e44020b75598ace65356c5.jpg,00392_png.rf.f8bce32405e44020b75598ace65356c5,0,,,,,
train,Leaf-Diseases,disease,D:\gemma4\segmentation_lattuce-desease\Roboflow_Dataset\train\Leaf-Diseases\00393_png.rf.5f0e79242adaab7dd92974c77b293bb9.jpg,00393_png.rf.5f0e79242adaab7dd92974c77b293bb9,0,,,,,
train,Leaf-Diseases,disease,D:\gemma4\segmentation_lattuce-desease\Roboflow_Dataset\train\Leaf-Diseases\00393_png.rf.602b0f5b18c0dde2c158e3ed1963a8ad.jpg,00393_png.rf.602b0f5b18c0dde2c158e3ed1963a8ad,0,,,,,
train,Leaf-Diseases,disease,D:\gemma4\segmentation_lattuce-desease\Roboflow_Dataset\train\Leaf-Diseases\00393_png.rf.785f1ef2ffd8f986381714f5ff072ac1.jpg,00393_png.rf.785f1ef2ffd8f986381714f5ff072ac1,0,,,,,
train,Leaf-Diseases,disease,D:\gemma4\segmentation_lattuce-desease\Roboflow_Dataset\train\Leaf-Diseases\00394_png.rf.17ee8d6e94138087549f60cfa82fa793.jpg,00394_png.rf.17ee8d6e94138087549f60cfa82fa793,0,,,,,
train,Leaf-Diseases,disease,D:\gemma4\segmentation_lattuce-desease\Roboflow_Dataset\train\Leaf-Diseases\00394_png.rf.236b94d7267ca276ed7268faa8a3ef10.jpg,00394_png.rf.236b94d7267ca276ed7268faa8a3ef10,0,,,,,
train,Leaf-Diseases,disease,D:\gemma4\segmentation_lattuce-desease\Roboflow_Dataset\train\Leaf-Diseases\00394_png.rf.bdca863c0b3764b6ca3707c86f02ade5.jpg,00394_png.rf.bdca863c0b3764b6ca3707c86f02ade5,0,,,,,
train,Leaf-Diseases,disease,D:\gemma4\segmentation_lattuce-desease\Roboflow_Dataset\train\Leaf-Diseases\00395_png.rf.01d58c9d53463a8dcbed81f5944a8b98.jpg,00395_png.rf.01d58c9d53463a8dcbed81f5944a8b98,0,,,,,
train,Leaf-Diseases,disease,D:\gemma4\segmentation_lattuce-desease\Roboflow_Dataset\train\Leaf-Diseases\00395_png.rf.43e19bbec8af22019ca3f3dad5604e3f.jpg,00395_png.rf.43e19bbec8af22019ca3f3dad5604e3f,0,,,,,
train,Leaf-Diseases,disease,D:\gemma4\segmentation_lattuce-desease\Roboflow_Dataset\train\Leaf-Diseases\00395_png.rf.d0aefad050f5e8a610dcd9cd70868326.jpg,00395_png.rf.d0aefad050f5e8a610dcd9cd70868326,0,,,,,
train,Leaf-Diseases,disease,D:\gemma4\segmentation_lattuce-desease\Roboflow_Dataset\train\Leaf-Diseases\00396_png.rf.0b379a378176a9d772006b843813a544.jpg,00396_png.rf.0b379a378176a9d772006b843813a544,0,,,,,
train,Leaf-Diseases,disease,D:\gemma4\segmentation_lattuce-desease\Roboflow_Dataset\train\Leaf-Diseases\00396_png.rf.d3eb94866e5d8556e32b6a3e11640e81.jpg,00396_png.rf.d3eb94866e5d8556e32b6a3e11640e81,0,,,,,
train,Leaf-Diseases,disease,D:\gemma4\segmentation_lattuce-desease\Roboflow_Dataset\train\Leaf-Diseases\00396_png.rf.fb93d12bd3729949fc5c4921863adb31.jpg,00396_png.rf.fb93d12bd3729949fc5c4921863adb31,0,,,,,
train,Leaf-Diseases,disease,D:\gemma4\segmentation_lattuce-desease\Roboflow_Dataset\train\Leaf-Diseases\00397_png.rf.638ae2d0f670690aa9f35d90e0161cdb.jpg,00397_png.rf.638ae2d0f670690aa9f35d90e0161cdb,0,,,,,
train,Leaf-Diseases,disease,D:\gemma4\segmentation_lattuce-desease\Roboflow_Dataset\train\Leaf-Diseases\00397_png.rf.ceb4cf63b374d12edd30f6cebcc3b8a7.jpg,00397_png.rf.ceb4cf63b374d12edd30f6cebcc3b8a7,0,,,,,
train,Leaf-Diseases,disease,D:\gemma4\segmentation_lattuce-desease\Roboflow_Dataset\train\Leaf-Diseases\00397_png.rf.ecef45ffc0710ac70cb2978d355989fc.jpg,00397_png.rf.ecef45ffc0710ac70cb2978d355989fc,0,,,,,
train,Leaf-Diseases,disease,D:\gemma4\segmentation_lattuce-desease\Roboflow_Dataset\train\Leaf-Diseases\00398_png.rf.7ec5afd0b799431522dc9a48b2efbb59.jpg,00398_png.rf.7ec5afd0b799431522dc9a48b2efbb59,0,,,,,
train,Leaf-Diseases,disease,D:\gemma4\segmentation_lattuce-desease\Roboflow_Dataset\train\Leaf-Diseases\00398_png.rf.aac2a94304a09efcc7153ccc5dcfc5c5.jpg,00398_png.rf.aac2a94304a09efcc7153ccc5dcfc5c5,0,,,,,
train,Leaf-Diseases,disease,D:\gemma4\segmentation_lattuce-desease\Roboflow_Dataset\train\Leaf-Diseases\00398_png.rf.e1cd2719485727e4edd6c000465620b3.jpg,00398_png.rf.e1cd2719485727e4edd6c000465620b3,0,,,,,
train,Leaf-Diseases,disease,D:\gemma4\segmentation_lattuce-desease\Roboflow_Dataset\train\Leaf-Diseases\00399_png.rf.16b2d0734823d37a97bd516348d3cac0.jpg,00399_png.rf.16b2d0734823d37a97bd516348d3cac0,0,,,,,
train,Leaf-Diseases,disease,D:\gemma4\segmentation_lattuce-desease\Roboflow_Dataset\train\Leaf-Diseases\00399_png.rf.79a0dd303f1a46c68b544308dbafa9c6.jpg,00399_png.rf.79a0dd303f1a46c68b544308dbafa9c6,0,,,,,
train,Leaf-Diseases,disease,D:\gemma4\segmentation_lattuce-desease\Roboflow_Dataset\train\Leaf-Diseases\00399_png.rf.8dc2b96d2737d78d0b6ac747562d872c.jpg,00399_png.rf.8dc2b96d2737d78d0b6ac747562d872c,0,,,,,
train,Leaf-Diseases,disease,D:\gemma4\segmentation_lattuce-desease\Roboflow_Dataset\train\Leaf-Diseases\00400_png.rf.0602890f9f0d237ed72d92ed9de1a5e2.jpg,00400_png.rf.0602890f9f0d237ed72d92ed9de1a5e2,0,,,,,
train,Leaf-Diseases,disease,D:\gemma4\segmentation_lattuce-desease\Roboflow_Dataset\train\Leaf-Diseases\00400_png.rf.8cc2b8e226c520b5bc5156a61ed2ed67.jpg,00400_png.rf.8cc2b8e226c520b5bc5156a61ed2ed67,0,,,,,
train,Leaf-Diseases,disease,D:\gemma4\segmentation_lattuce-desease\Roboflow_Dataset\train\Leaf-Diseases\00400_png.rf.eab311df73cbeafce5a4a519a651990e.jpg,00400_png.rf.eab311df73cbeafce5a4a519a651990e,0,,,,,
train,Leaf-Diseases,disease,D:\gemma4\segmentation_lattuce-desease\Roboflow_Dataset\train\Leaf-Diseases\00401_png.rf.0833e012fcc42a1fde2ed8713c7d569d.jpg,00401_png.rf.0833e012fcc42a1fde2ed8713c7d569d,0,,,,,
train,Leaf-Diseases,disease,D:\gemma4\segmentation_lattuce-desease\Roboflow_Dataset\train\Leaf-Diseases\00401_png.rf.5d63b8a537d7a21b33bf8ffbbea4e061.jpg,00401_png.rf.5d63b8a537d7a21b33bf8ffbbea4e061,0,,,,,
train,Leaf-Diseases,disease,D:\gemma4\segmentation_lattuce-desease\Roboflow_Dataset\train\Leaf-Diseases\00401_png.rf.cfccdb219fbd6f15fdf0b424591677d3.jpg,00401_png.rf.cfccdb219fbd6f15fdf0b424591677d3,0,,,,,
train,Leaf-Diseases,disease,D:\gemma4\segmentation_lattuce-desease\Roboflow_Dataset\train\Leaf-Diseases\00402_png.rf.07968e1f63ef04c3d1161941c670e56e.jpg,00402_png.rf.07968e1f63ef04c3d1161941c670e56e,0,,,,,
train,Leaf-Diseases,disease,D:\gemma4\segmentation_lattuce-desease\Roboflow_Dataset\train\Leaf-Diseases\00402_png.rf.25a51f4710a7c1ab1a08d3f1f58a8f98.jpg,00402_png.rf.25a51f4710a7c1ab1a08d3f1f58a8f98,0,,,,,
train,Leaf-Diseases,disease,D:\gemma4\segmentation_lattuce-desease\Roboflow_Dataset\train\Leaf-Diseases\00402_png.rf.ff2d06c3bed32b0bfd11a5cd80996030.jpg,00402_png.rf.ff2d06c3bed32b0bfd11a5cd80996030,0,,,,,
train,Leaf-Diseases,disease,D:\gemma4\segmentation_lattuce-desease\Roboflow_Dataset\train\Leaf-Diseases\00403_png.rf.1b787693ce0a22938266d3c0873f8a3d.jpg,00403_png.rf.1b787693ce0a22938266d3c0873f8a3d,0,,,,,
train,Leaf-Diseases,disease,D:\gemma4\segmentation_lattuce-desease\Roboflow_Dataset\train\Leaf-Diseases\00403_png.rf.22dbdbf5d53896b8da08e08bcd30afbc.jpg,00403_png.rf.22dbdbf5d53896b8da08e08bcd30afbc,0,,,,,
train,Leaf-Diseases,disease,D:\gemma4\segmentation_lattuce-desease\Roboflow_Dataset\train\Leaf-Diseases\00403_png.rf.a365e437de76d08f967e2f766c6ee7e0.jpg,00403_png.rf.a365e437de76d08f967e2f766c6ee7e0,0,,,,,
train,Leaf-Diseases,disease,D:\gemma4\segmentation_lattuce-desease\Roboflow_Dataset\train\Leaf-Diseases\00404_png.rf.327ee48bd6c8a9a036268c6443ed696c.jpg,00404_png.rf.327ee48bd6c8a9a036268c6443ed696c,0,,,,,
train,Leaf-Diseases,disease,D:\gemma4\segmentation_lattuce-desease\Roboflow_Dataset\train\Leaf-Diseases\00404_png.rf.90af988a2168bc65bd9657241b34f68d.jpg,00404_png.rf.90af988a2168bc65bd9657241b34f68d,0,,,,,
train,Leaf-Diseases,disease,D:\gemma4\segmentation_lattuce-desease\Roboflow_Dataset\train\Leaf-Diseases\00404_png.rf.9dcddb89d7905015d9d9fe5296acbb6c.jpg,00404_png.rf.9dcddb89d7905015d9d9fe5296acbb6c,0,,,,,
train,Leaf-Diseases,disease,D:\gemma4\segmentation_lattuce-desease\Roboflow_Dataset\train\Leaf-Diseases\00405_png.rf.05402c130e56b434646d8421d084a28c.jpg,00405_png.rf.05402c130e56b434646d8421d084a28c,0,,,,,
train,Leaf-Diseases,disease,D:\gemma4\segmentation_lattuce-desease\Roboflow_Dataset\train\Leaf-Diseases\00405_png.rf.6b6cb11103afb9fe30b6825d599416e5.jpg,00405_png.rf.6b6cb11103afb9fe30b6825d599416e5,0,,,,,
train,Leaf-Diseases,disease,D:\gemma4\segmentation_lattuce-desease\Roboflow_Dataset\train\Leaf-Diseases\00405_png.rf.c6b310824eece1d578a5a12d7215ea44.jpg,00405_png.rf.c6b310824eece1d578a5a12d7215ea44,0,,,,,
train,Leaf-Diseases,disease,D:\gemma4\segmentation_lattuce-desease\Roboflow_Dataset\train\Leaf-Diseases\00406_png.rf.6bf08d6e73170cc955e179eabc921077.jpg,00406_png.rf.6bf08d6e73170cc955e179eabc921077,0,,,,,
train,Leaf-Diseases,disease,D:\gemma4\segmentation_lattuce-desease\Roboflow_Dataset\train\Leaf-Diseases\00406_png.rf.9cd47d22be9866ef1afcdc1c261d48f4.jpg,00406_png.rf.9cd47d22be9866ef1afcdc1c261d48f4,0,,,,,
train,Leaf-Diseases,disease,D:\gemma4\segmentation_lattuce-desease\Roboflow_Dataset\train\Leaf-Diseases\00406_png.rf.d019b4020906549df15ae862fcc3b7bb.jpg,00406_png.rf.d019b4020906549df15ae862fcc3b7bb,0,,,,,
train,Leaf-Diseases,disease,D:\gemma4\segmentation_lattuce-desease\Roboflow_Dataset\train\Leaf-Diseases\00407_png.rf.1840ac37f55a6473d2cda99aa1f9ca0f.jpg,00407_png.rf.1840ac37f55a6473d2cda99aa1f9ca0f,0,,,,,
train,Leaf-Diseases,disease,D:\gemma4\segmentation_lattuce-desease\Roboflow_Dataset\train\Leaf-Diseases\00407_png.rf.5ae7d5289a14db8350ae40fb2eed6d22.jpg,00407_png.rf.5ae7d5289a14db8350ae40fb2eed6d22,0,,,,,
train,Leaf-Diseases,disease,D:\gemma4\segmentation_lattuce-desease\Roboflow_Dataset\train\Leaf-Diseases\00407_png.rf.bbddd33b43f9561648be0084bb671fb1.jpg,00407_png.rf.bbddd33b43f9561648be0084bb671fb1,0,,,,,
train,Leaf-Diseases,disease,D:\gemma4\segmentation_lattuce-desease\Roboflow_Dataset\train\Leaf-Diseases\00408_png.rf.01919b1d7b6f6b80423f5feb5832fc35.jpg,00408_png.rf.01919b1d7b6f6b80423f5feb5832fc35,0,,,,,
train,Leaf-Diseases,disease,D:\gemma4\segmentation_lattuce-desease\Roboflow_Dataset\train\Leaf-Diseases\00408_png.rf.4b946a0293585ab04bd57e1b584351c3.jpg,00408_png.rf.4b946a0293585ab04bd57e1b584351c3,0,,,,,
train,Leaf-Diseases,disease,D:\gemma4\segmentation_lattuce-desease\Roboflow_Dataset\train\Leaf-Diseases\00408_png.rf.4eaaa7609a53f18027a0f8e031263e11.jpg,00408_png.rf.4eaaa7609a53f18027a0f8e031263e11,0,,,,,
train,Leaf-Diseases,disease,D:\gemma4\segmentation_lattuce-desease\Roboflow_Dataset\train\Leaf-Diseases\00409_png.rf.a563b253fc198b29853653685aaa64eb.jpg,00409_png.rf.a563b253fc198b29853653685aaa64eb,0,,,,,
train,Leaf-Diseases,disease,D:\gemma4\segmentation_lattuce-desease\Roboflow_Dataset\train\Leaf-Diseases\00409_png.rf.d9c61fa7d7fd94b69c57e9a1849f2c9f.jpg,00409_png.rf.d9c61fa7d7fd94b69c57e9a1849f2c9f,0,,,,,
train,Leaf-Diseases,disease,D:\gemma4\segmentation_lattuce-desease\Roboflow_Dataset\train\Leaf-Diseases\00409_png.rf.efe986b157de465a76d85a1b8e0f6c71.jpg,00409_png.rf.efe986b157de465a76d85a1b8e0f6c71,0,,,,,
train,Leaf-Diseases,disease,D:\gemma4\segmentation_lattuce-desease\Roboflow_Dataset\train\Leaf-Diseases\00410_png.rf.6db5b59c5003d7386d8ff5ad06657b4e.jpg,00410_png.rf.6db5b59c5003d7386d8ff5ad06657b4e,0,,,,,
train,Leaf-Diseases,disease,D:\gemma4\segmentation_lattuce-desease\Roboflow_Dataset\train\Leaf-Diseases\00410_png.rf.b188cbc4e308bf2de26c8c73fcc4dfe7.jpg,00410_png.rf.b188cbc4e308bf2de26c8c73fcc4dfe7,0,,,,,
train,Leaf-Diseases,disease,D:\gemma4\segmentation_lattuce-desease\Roboflow_Dataset\train\Leaf-Diseases\00410_png.rf.cf82dae479b0a61d913830e84a7d5c3d.jpg,00410_png.rf.cf82dae479b0a61d913830e84a7d5c3d,0,,,,,
train,Leaf-Diseases,disease,D:\gemma4\segmentation_lattuce-desease\Roboflow_Dataset\train\Leaf-Diseases\00411_png.rf.2e54c6f3cea43e0da54ba41cd3f479b0.jpg,00411_png.rf.2e54c6f3cea43e0da54ba41cd3f479b0,0,,,,,
train,Leaf-Diseases,disease,D:\gemma4\segmentation_lattuce-desease\Roboflow_Dataset\train\Leaf-Diseases\00411_png.rf.b6cab0632d0b526f8a8dce865164ea1c.jpg,00411_png.rf.b6cab0632d0b526f8a8dce865164ea1c,0,,,,,
train,Leaf-Diseases,disease,D:\gemma4\segmentation_lattuce-desease\Roboflow_Dataset\train\Leaf-Diseases\00411_png.rf.fc5325989230a424b5080e7f983f5e30.jpg,00411_png.rf.fc5325989230a424b5080e7f983f5e30,0,,,,,
train,Leaf-Diseases,disease,D:\gemma4\segmentation_lattuce-desease\Roboflow_Dataset\train\Leaf-Diseases\00412_png.rf.4821771c45d9421503a478758aca657b.jpg,00412_png.rf.4821771c45d9421503a478758aca657b,0,,,,,
train,Leaf-Diseases,disease,D:\gemma4\segmentation_lattuce-desease\Roboflow_Dataset\train\Leaf-Diseases\00412_png.rf.497483e098e74ef73e45adaffa647b87.jpg,00412_png.rf.497483e098e74ef73e45adaffa647b87,0,,,,,
train,Leaf-Diseases,disease,D:\gemma4\segmentation_lattuce-desease\Roboflow_Dataset\train\Leaf-Diseases\00412_png.rf.5eeea3f8a97044837bb72da297ab8270.jpg,00412_png.rf.5eeea3f8a97044837bb72da297ab8270,0,,,,,
train,Leaf-Diseases,disease,D:\gemma4\segmentation_lattuce-desease\Roboflow_Dataset\train\Leaf-Diseases\00413_png.rf.b0eaf1bcf2aacbdf62b49cdeb6ca281e.jpg,00413_png.rf.b0eaf1bcf2aacbdf62b49cdeb6ca281e,0,,,,,
train,Leaf-Diseases,disease,D:\gemma4\segmentation_lattuce-desease\Roboflow_Dataset\train\Leaf-Diseases\00413_png.rf.d24e0d93fd9de7ee3bb2fc6e8303d99c.jpg,00413_png.rf.d24e0d93fd9de7ee3bb2fc6e8303d99c,0,,,,,
train,Leaf-Diseases,disease,D:\gemma4\segmentation_lattuce-desease\Roboflow_Dataset\train\Leaf-Diseases\00413_png.rf.dd91d6fdd5725723cc0f0359e428bfbe.jpg,00413_png.rf.dd91d6fdd5725723cc0f0359e428bfbe,0,,,,,
train,Leaf-Diseases,disease,D:\gemma4\segmentation_lattuce-desease\Roboflow_Dataset\train\Leaf-Diseases\00414_png.rf.0ac246899661f67b2acc8a6c7402ff2b.jpg,00414_png.rf.0ac246899661f67b2acc8a6c7402ff2b,0,,,,,
train,Leaf-Diseases,disease,D:\gemma4\segmentation_lattuce-desease\Roboflow_Dataset\train\Leaf-Diseases\00414_png.rf.877997d977f8635ab36d0a576696a321.jpg,00414_png.rf.877997d977f8635ab36d0a576696a321,0,,,,,
train,Leaf-Diseases,disease,D:\gemma4\segmentation_lattuce-desease\Roboflow_Dataset\train\Leaf-Diseases\00414_png.rf.b94a5ae9b0e8f1ff51258b98d4b390d0.jpg,00414_png.rf.b94a5ae9b0e8f1ff51258b98d4b390d0,0,,,,,
train,Leaf-Diseases,disease,D:\gemma4\segmentation_lattuce-desease\Roboflow_Dataset\train\Leaf-Diseases\00415_png.rf.05be5219075e8fb4c7c4414951c8a7aa.jpg,00415_png.rf.05be5219075e8fb4c7c4414951c8a7aa,0,,,,,
train,Leaf-Diseases,disease,D:\gemma4\segmentation_lattuce-desease\Roboflow_Dataset\train\Leaf-Diseases\00415_png.rf.e5ead6804f8d82cd9004d975a01c183b.jpg,00415_png.rf.e5ead6804f8d82cd9004d975a01c183b,0,,,,,
train,Leaf-Diseases,disease,D:\gemma4\segmentation_lattuce-desease\Roboflow_Dataset\train\Leaf-Diseases\00415_png.rf.ee0f2b38296f67da5b49c721234c0f12.jpg,00415_png.rf.ee0f2b38296f67da5b49c721234c0f12,0,,,,,
train,Leaf-Diseases,disease,D:\gemma4\segmentation_lattuce-desease\Roboflow_Dataset\train\Leaf-Diseases\00416_png.rf.43619c7b7d3f8d39a03dcb1b2f2823ad.jpg,00416_png.rf.43619c7b7d3f8d39a03dcb1b2f2823ad,0,,,,,
train,Leaf-Diseases,disease,D:\gemma4\segmentation_lattuce-desease\Roboflow_Dataset\train\Leaf-Diseases\00416_png.rf.b0fcaa4e6fa911a3779e6ad159db7fcf.jpg,00416_png.rf.b0fcaa4e6fa911a3779e6ad159db7fcf,0,,,,,
train,Leaf-Diseases,disease,D:\gemma4\segmentation_lattuce-desease\Roboflow_Dataset\train\Leaf-Diseases\00416_png.rf.cdb6d18dac748211f6ceb2ee25490126.jpg,00416_png.rf.cdb6d18dac748211f6ceb2ee25490126,0,,,,,
train,Leaf-Diseases,disease,D:\gemma4\segmentation_lattuce-desease\Roboflow_Dataset\train\Leaf-Diseases\00417_png.rf.25abfd3a8deebd33390c11121b3969d3.jpg,00417_png.rf.25abfd3a8deebd33390c11121b3969d3,0,,,,,
train,Leaf-Diseases,disease,D:\gemma4\segmentation_lattuce-desease\Roboflow_Dataset\train\Leaf-Diseases\00417_png.rf.691c8b2cbe996806974c2decc93d997f.jpg,00417_png.rf.691c8b2cbe996806974c2decc93d997f,0,,,,,
train,Leaf-Diseases,disease,D:\gemma4\segmentation_lattuce-desease\Roboflow_Dataset\train\Leaf-Diseases\00417_png.rf.d60c4d77d5caf5f705f97adae8d71434.jpg,00417_png.rf.d60c4d77d5caf5f705f97adae8d71434,0,,,,,
train,Leaf-Diseases,disease,D:\gemma4\segmentation_lattuce-desease\Roboflow_Dataset\train\Leaf-Diseases\00418_png.rf.554b403091c3f078f61fe370bc0af890.jpg,00418_png.rf.554b403091c3f078f61fe370bc0af890,0,,,,,
train,Leaf-Diseases,disease,D:\gemma4\segmentation_lattuce-desease\Roboflow_Dataset\train\Leaf-Diseases\00418_png.rf.813d55e53f65f6cbb62a3280fc7a0f2d.jpg,00418_png.rf.813d55e53f65f6cbb62a3280fc7a0f2d,0,,,,,
train,Leaf-Diseases,disease,D:\gemma4\segmentation_lattuce-desease\Roboflow_Dataset\train\Leaf-Diseases\00418_png.rf.e74fe2d565a5f5bdd2bc884585d23570.jpg,00418_png.rf.e74fe2d565a5f5bdd2bc884585d23570,0,,,,,
train,Leaf-Diseases,disease,D:\gemma4\segmentation_lattuce-desease\Roboflow_Dataset\train\Leaf-Diseases\00419_png.rf.704d7072bde6ee4a6fab03fa5d2a7a26.jpg,00419_png.rf.704d7072bde6ee4a6fab03fa5d2a7a26,0,,,,,
train,Leaf-Diseases,disease,D:\gemma4\segmentation_lattuce-desease\Roboflow_Dataset\train\Leaf-Diseases\00419_png.rf.cfb25d743226b0b4f20200051d4540c0.jpg,00419_png.rf.cfb25d743226b0b4f20200051d4540c0,0,,,,,
train,Leaf-Diseases,disease,D:\gemma4\segmentation_lattuce-desease\Roboflow_Dataset\train\Leaf-Diseases\00419_png.rf.d1880bbe07d2f37effa71d85d3cca1a2.jpg,00419_png.rf.d1880bbe07d2f37effa71d85d3cca1a2,0,,,,,
train,Leaf-Diseases,disease,D:\gemma4\segmentation_lattuce-desease\Roboflow_Dataset\train\Leaf-Diseases\00420_png.rf.9f13d8cc822a98d295a837bca8716c2c.jpg,00420_png.rf.9f13d8cc822a98d295a837bca8716c2c,0,,,,,
train,Leaf-Diseases,disease,D:\gemma4\segmentation_lattuce-desease\Roboflow_Dataset\train\Leaf-Diseases\00420_png.rf.c874bc0bfaf6c709f548b4cd005bae55.jpg,00420_png.rf.c874bc0bfaf6c709f548b4cd005bae55,0,,,,,
train,Leaf-Diseases,disease,D:\gemma4\segmentation_lattuce-desease\Roboflow_Dataset\train\Leaf-Diseases\00420_png.rf.f955247cd72a56c6164955ddfeee7a15.jpg,00420_png.rf.f955247cd72a56c6164955ddfeee7a15,0,,,,,
train,Leaf-Diseases,disease,D:\gemma4\segmentation_lattuce-desease\Roboflow_Dataset\train\Leaf-Diseases\00421_png.rf.6fefe71d0a75762069af0e4d2d18a777.jpg,00421_png.rf.6fefe71d0a75762069af0e4d2d18a777,0,,,,,
train,Leaf-Diseases,disease,D:\gemma4\segmentation_lattuce-desease\Roboflow_Dataset\train\Leaf-Diseases\00421_png.rf.df9b05d50ada27115affcd977adde1e1.jpg,00421_png.rf.df9b05d50ada27115affcd977adde1e1,0,,,,,
train,Leaf-Diseases,disease,D:\gemma4\segmentation_lattuce-desease\Roboflow_Dataset\train\Leaf-Diseases\00421_png.rf.f0df7851d449a776a28b639a589fd073.jpg,00421_png.rf.f0df7851d449a776a28b639a589fd073,0,,,,,
train,Leaf-Diseases,disease,D:\gemma4\segmentation_lattuce-desease\Roboflow_Dataset\train\Leaf-Diseases\00422_png.rf.49634365a507cb091b9ea365d6508788.jpg,00422_png.rf.49634365a507cb091b9ea365d6508788,0,,,,,
train,Leaf-Diseases,disease,D:\gemma4\segmentation_lattuce-desease\Roboflow_Dataset\train\Leaf-Diseases\00422_png.rf.67b37532c2f0558d61397bd8dd3e421b.jpg,00422_png.rf.67b37532c2f0558d61397bd8dd3e421b,0,,,,,
train,Leaf-Diseases,disease,D:\gemma4\segmentation_lattuce-desease\Roboflow_Dataset\train\Leaf-Diseases\00422_png.rf.6aeaf8bd4bd3095e7cdbb24da28fd859.jpg,00422_png.rf.6aeaf8bd4bd3095e7cdbb24da28fd859,0,,,,,
train,Leaf-Diseases,disease,D:\gemma4\segmentation_lattuce-desease\Roboflow_Dataset\train\Leaf-Diseases\00423_png.rf.4474b6661d951a17c3dd63ef21eb115d.jpg,00423_png.rf.4474b6661d951a17c3dd63ef21eb115d,0,,,,,
train,Leaf-Diseases,disease,D:\gemma4\segmentation_lattuce-desease\Roboflow_Dataset\train\Leaf-Diseases\00423_png.rf.972c6ddd1fed09c3d16e41c7a0939bb7.jpg,00423_png.rf.972c6ddd1fed09c3d16e41c7a0939bb7,0,,,,,
train,Leaf-Diseases,disease,D:\gemma4\segmentation_lattuce-desease\Roboflow_Dataset\train\Leaf-Diseases\00423_png.rf.fc5febb050c6368bcc611758839acd1b.jpg,00423_png.rf.fc5febb050c6368bcc611758839acd1b,0,,,,,
train,Leaf-Diseases,disease,D:\gemma4\segmentation_lattuce-desease\Roboflow_Dataset\train\Leaf-Diseases\00424_png.rf.3300e81cab6032cef3b0a448e5f7aa95.jpg,00424_png.rf.3300e81cab6032cef3b0a448e5f7aa95,0,,,,,
train,Leaf-Diseases,disease,D:\gemma4\segmentation_lattuce-desease\Roboflow_Dataset\train\Leaf-Diseases\00424_png.rf.6b1628c5ab7e8b58101ec518a74d6419.jpg,00424_png.rf.6b1628c5ab7e8b58101ec518a74d6419,0,,,,,
train,Leaf-Diseases,disease,D:\gemma4\segmentation_lattuce-desease\Roboflow_Dataset\train\Leaf-Diseases\00424_png.rf.da3ee542e6f2f7f11eee5b988776851b.jpg,00424_png.rf.da3ee542e6f2f7f11eee5b988776851b,0,,,,,
train,Leaf-Diseases,disease,D:\gemma4\segmentation_lattuce-desease\Roboflow_Dataset\train\Leaf-Diseases\00425_png.rf.142bd5d0eba8f8c58c0cf1d8a675412c.jpg,00425_png.rf.142bd5d0eba8f8c58c0cf1d8a675412c,0,,,,,
train,Leaf-Diseases,disease,D:\gemma4\segmentation_lattuce-desease\Roboflow_Dataset\train\Leaf-Diseases\00425_png.rf.2e9aa0f40a2d50cd4c9a1e470b597f25.jpg,00425_png.rf.2e9aa0f40a2d50cd4c9a1e470b597f25,0,,,,,
train,Leaf-Diseases,disease,D:\gemma4\segmentation_lattuce-desease\Roboflow_Dataset\train\Leaf-Diseases\00425_png.rf.d3d50b0abac3535e52ca63110a5fd06f.jpg,00425_png.rf.d3d50b0abac3535e52ca63110a5fd06f,0,,,,,
train,Leaf-Diseases,disease,D:\gemma4\segmentation_lattuce-desease\Roboflow_Dataset\train\Leaf-Diseases\00426_png.rf.111f44f65ba52a864bb398dc00143ecf.jpg,00426_png.rf.111f44f65ba52a864bb398dc00143ecf,0,,,,,
train,Leaf-Diseases,disease,D:\gemma4\segmentation_lattuce-desease\Roboflow_Dataset\train\Leaf-Diseases\00426_png.rf.bc1d5f315a0f9541b45492bbf96b7dbf.jpg,00426_png.rf.bc1d5f315a0f9541b45492bbf96b7dbf,0,,,,,
train,Leaf-Diseases,disease,D:\gemma4\segmentation_lattuce-desease\Roboflow_Dataset\train\Leaf-Diseases\00426_png.rf.eb751c022fda497e95197df9b4ebb7b4.jpg,00426_png.rf.eb751c022fda497e95197df9b4ebb7b4,0,,,,,
train,Leaf-Diseases,disease,D:\gemma4\segmentation_lattuce-desease\Roboflow_Dataset\train\Leaf-Diseases\00427_png.rf.2519d89b0a8333ef222ca9a9f12bdfb7.jpg,00427_png.rf.2519d89b0a8333ef222ca9a9f12bdfb7,0,,,,,
train,Leaf-Diseases,disease,D:\gemma4\segmentation_lattuce-desease\Roboflow_Dataset\train\Leaf-Diseases\00427_png.rf.307741ad9a9cc9c0158a40191f6f23db.jpg,00427_png.rf.307741ad9a9cc9c0158a40191f6f23db,0,,,,,
train,Leaf-Diseases,disease,D:\gemma4\segmentation_lattuce-desease\Roboflow_Dataset\train\Leaf-Diseases\00427_png.rf.ffedbc37bc76744b7ef8f513f07564c0.jpg,00427_png.rf.ffedbc37bc76744b7ef8f513f07564c0,0,,,,,
train,Leaf-Diseases,disease,D:\gemma4\segmentation_lattuce-desease\Roboflow_Dataset\train\Leaf-Diseases\00428_png.rf.2f3ca3e2cb7fe09be2fff9c007f8205b.jpg,00428_png.rf.2f3ca3e2cb7fe09be2fff9c007f8205b,0,,,,,
train,Leaf-Diseases,disease,D:\gemma4\segmentation_lattuce-desease\Roboflow_Dataset\train\Leaf-Diseases\00428_png.rf.5d3dc2e046488170ccba20aaf15b56c0.jpg,00428_png.rf.5d3dc2e046488170ccba20aaf15b56c0,0,,,,,
train,Leaf-Diseases,disease,D:\gemma4\segmentation_lattuce-desease\Roboflow_Dataset\train\Leaf-Diseases\00428_png.rf.79ba4d1e031e6307684d3b5979a3e109.jpg,00428_png.rf.79ba4d1e031e6307684d3b5979a3e109,0,,,,,
train,Leaf-Diseases,disease,D:\gemma4\segmentation_lattuce-desease\Roboflow_Dataset\train\Leaf-Diseases\00429_png.rf.31e5e1ad3c9b5854dc6195d2229c46a8.jpg,00429_png.rf.31e5e1ad3c9b5854dc6195d2229c46a8,0,,,,,
train,Leaf-Diseases,disease,D:\gemma4\segmentation_lattuce-desease\Roboflow_Dataset\train\Leaf-Diseases\00429_png.rf.877e4cf5f0c91bab5df402231c342586.jpg,00429_png.rf.877e4cf5f0c91bab5df402231c342586,0,,,,,
train,Leaf-Diseases,disease,D:\gemma4\segmentation_lattuce-desease\Roboflow_Dataset\train\Leaf-Diseases\00429_png.rf.db570990767050f8f5f81e3eae4e04f8.jpg,00429_png.rf.db570990767050f8f5f81e3eae4e04f8,0,,,,,
train,Leaf-Diseases,disease,D:\gemma4\segmentation_lattuce-desease\Roboflow_Dataset\train\Leaf-Diseases\00430_png.rf.2942241e642fa7e2765faa7bf2d82742.jpg,00430_png.rf.2942241e642fa7e2765faa7bf2d82742,0,,,,,
train,Leaf-Diseases,disease,D:\gemma4\segmentation_lattuce-desease\Roboflow_Dataset\train\Leaf-Diseases\00430_png.rf.7c01744960e8b102359928833a2dcffe.jpg,00430_png.rf.7c01744960e8b102359928833a2dcffe,0,,,,,
train,Leaf-Diseases,disease,D:\gemma4\segmentation_lattuce-desease\Roboflow_Dataset\train\Leaf-Diseases\00430_png.rf.cf1c8e2a6bad571d5ee0f3d58226c0db.jpg,00430_png.rf.cf1c8e2a6bad571d5ee0f3d58226c0db,0,,,,,
train,Leaf-Diseases,disease,D:\gemma4\segmentation_lattuce-desease\Roboflow_Dataset\train\Leaf-Diseases\00431_png.rf.170982f432b8301529c62175ae52edb2.jpg,00431_png.rf.170982f432b8301529c62175ae52edb2,0,,,,,
train,Leaf-Diseases,disease,D:\gemma4\segmentation_lattuce-desease\Roboflow_Dataset\train\Leaf-Diseases\00431_png.rf.1cc4ca406d2800856758dbcade16bc6a.jpg,00431_png.rf.1cc4ca406d2800856758dbcade16bc6a,0,,,,,
train,Leaf-Diseases,disease,D:\gemma4\segmentation_lattuce-desease\Roboflow_Dataset\train\Leaf-Diseases\00431_png.rf.a54be1b15f5ac2cb7aa6d5048ed4fee3.jpg,00431_png.rf.a54be1b15f5ac2cb7aa6d5048ed4fee3,0,,,,,
train,Leaf-Diseases,disease,D:\gemma4\segmentation_lattuce-desease\Roboflow_Dataset\train\Leaf-Diseases\00432_png.rf.0dcc142b4cbcb7aa7ca90e29090276ba.jpg,00432_png.rf.0dcc142b4cbcb7aa7ca90e29090276ba,0,,,,,
train,Leaf-Diseases,disease,D:\gemma4\segmentation_lattuce-desease\Roboflow_Dataset\train\Leaf-Diseases\00432_png.rf.4722da6fa09f748587dfdee3db4e7ba1.jpg,00432_png.rf.4722da6fa09f748587dfdee3db4e7ba1,0,,,,,
train,Leaf-Diseases,disease,D:\gemma4\segmentation_lattuce-desease\Roboflow_Dataset\train\Leaf-Diseases\00432_png.rf.c85d59141b6adfb4983e3272bfb7249d.jpg,00432_png.rf.c85d59141b6adfb4983e3272bfb7249d,0,,,,,
train,Leaf-Diseases,disease,D:\gemma4\segmentation_lattuce-desease\Roboflow_Dataset\train\Leaf-Diseases\00433_png.rf.6921c6edcbc455c8a33629beb6327b29.jpg,00433_png.rf.6921c6edcbc455c8a33629beb6327b29,0,,,,,
train,Leaf-Diseases,disease,D:\gemma4\segmentation_lattuce-desease\Roboflow_Dataset\train\Leaf-Diseases\00433_png.rf.80f2d2b2fcfadcb0edfbd82c9079aed9.jpg,00433_png.rf.80f2d2b2fcfadcb0edfbd82c9079aed9,0,,,,,
train,Leaf-Diseases,disease,D:\gemma4\segmentation_lattuce-desease\Roboflow_Dataset\train\Leaf-Diseases\00433_png.rf.850feb1bcde3bcf037b6246772fd4c21.jpg,00433_png.rf.850feb1bcde3bcf037b6246772fd4c21,0,,,,,
train,Leaf-Diseases,disease,D:\gemma4\segmentation_lattuce-desease\Roboflow_Dataset\train\Leaf-Diseases\00434_png.rf.4007962b283cb280a980ecd4bf159b05.jpg,00434_png.rf.4007962b283cb280a980ecd4bf159b05,0,,,,,
train,Leaf-Diseases,disease,D:\gemma4\segmentation_lattuce-desease\Roboflow_Dataset\train\Leaf-Diseases\00434_png.rf.88093b9892587c0e269d8cd43eba5211.jpg,00434_png.rf.88093b9892587c0e269d8cd43eba5211,0,,,,,
train,Leaf-Diseases,disease,D:\gemma4\segmentation_lattuce-desease\Roboflow_Dataset\train\Leaf-Diseases\00434_png.rf.f963ec5c9f5b1bb8a175cde1a77a91bb.jpg,00434_png.rf.f963ec5c9f5b1bb8a175cde1a77a91bb,0,,,,,
train,Leaf-Diseases,disease,D:\gemma4\segmentation_lattuce-desease\Roboflow_Dataset\train\Leaf-Diseases\00435_png.rf.0288c3d8c13c173435280fef2700126b.jpg,00435_png.rf.0288c3d8c13c173435280fef2700126b,0,,,,,
train,Leaf-Diseases,disease,D:\gemma4\segmentation_lattuce-desease\Roboflow_Dataset\train\Leaf-Diseases\00435_png.rf.0d2c08ba008bd8d7b6e3f71e54ffe41c.jpg,00435_png.rf.0d2c08ba008bd8d7b6e3f71e54ffe41c,0,,,,,
train,Leaf-Diseases,disease,D:\gemma4\segmentation_lattuce-desease\Roboflow_Dataset\train\Leaf-Diseases\00435_png.rf.12246afb5df0925b0cd5e1d037728324.jpg,00435_png.rf.12246afb5df0925b0cd5e1d037728324,0,,,,,
train,Leaf-Diseases,disease,D:\gemma4\segmentation_lattuce-desease\Roboflow_Dataset\train\Leaf-Diseases\00436_png.rf.2d6214f9f3d74641bac1d2e46155c7b5.jpg,00436_png.rf.2d6214f9f3d74641bac1d2e46155c7b5,0,,,,,
train,Leaf-Diseases,disease,D:\gemma4\segmentation_lattuce-desease\Roboflow_Dataset\train\Leaf-Diseases\00436_png.rf.3307b51e53734276b24771163c33c991.jpg,00436_png.rf.3307b51e53734276b24771163c33c991,0,,,,,
train,Leaf-Diseases,disease,D:\gemma4\segmentation_lattuce-desease\Roboflow_Dataset\train\Leaf-Diseases\00436_png.rf.4128197028d38b7b5e1746fd05866e37.jpg,00436_png.rf.4128197028d38b7b5e1746fd05866e37,0,,,,,
train,Leaf-Diseases,disease,D:\gemma4\segmentation_lattuce-desease\Roboflow_Dataset\train\Leaf-Diseases\00437_png.rf.7f1570d3091737b094643979454c9558.jpg,00437_png.rf.7f1570d3091737b094643979454c9558,0,,,,,
train,Leaf-Diseases,disease,D:\gemma4\segmentation_lattuce-desease\Roboflow_Dataset\train\Leaf-Diseases\00437_png.rf.f7e493557a8996f5cd625153ab34d9f4.jpg,00437_png.rf.f7e493557a8996f5cd625153ab34d9f4,0,,,,,
train,Leaf-Diseases,disease,D:\gemma4\segmentation_lattuce-desease\Roboflow_Dataset\train\Leaf-Diseases\00437_png.rf.fade380eebe5c4fbb6d56716bd49245e.jpg,00437_png.rf.fade380eebe5c4fbb6d56716bd49245e,0,,,,,
train,Leaf-Diseases,disease,D:\gemma4\segmentation_lattuce-desease\Roboflow_Dataset\train\Leaf-Diseases\00438_png.rf.1e84d5e59da22313823288a3dc6cbc6c.jpg,00438_png.rf.1e84d5e59da22313823288a3dc6cbc6c,0,,,,,
train,Leaf-Diseases,disease,D:\gemma4\segmentation_lattuce-desease\Roboflow_Dataset\train\Leaf-Diseases\00438_png.rf.51aa195cf9cf4e262a48a9a6d9950ea0.jpg,00438_png.rf.51aa195cf9cf4e262a48a9a6d9950ea0,0,,,,,
train,Leaf-Diseases,disease,D:\gemma4\segmentation_lattuce-desease\Roboflow_Dataset\train\Leaf-Diseases\00438_png.rf.93194560001f278ac76592153eca85f7.jpg,00438_png.rf.93194560001f278ac76592153eca85f7,0,,,,,
train,Leaf-Diseases,disease,D:\gemma4\segmentation_lattuce-desease\Roboflow_Dataset\train\Leaf-Diseases\00439_png.rf.1c76b2b8eca7036ef33605b88247f79c.jpg,00439_png.rf.1c76b2b8eca7036ef33605b88247f79c,0,,,,,
train,Leaf-Diseases,disease,D:\gemma4\segmentation_lattuce-desease\Roboflow_Dataset\train\Leaf-Diseases\00439_png.rf.7a2a63883ef1fbfc4ab93ef011e721cb.jpg,00439_png.rf.7a2a63883ef1fbfc4ab93ef011e721cb,0,,,,,
train,Leaf-Diseases,disease,D:\gemma4\segmentation_lattuce-desease\Roboflow_Dataset\train\Leaf-Diseases\00439_png.rf.ce389554fae141105440cd82832f2034.jpg,00439_png.rf.ce389554fae141105440cd82832f2034,0,,,,,
validation,HLTY,healthy,D:\gemma4\segmentation_lattuce-desease\Roboflow_Dataset\validation\HLTY\HLTY_100.jpg,HLTY_100,0,,,,,
validation,HLTY,healthy,D:\gemma4\segmentation_lattuce-desease\Roboflow_Dataset\validation\HLTY\HLTY_1006.JPG,HLTY_1006,0,,,,,
validation,HLTY,healthy,D:\gemma4\segmentation_lattuce-desease\Roboflow_Dataset\validation\HLTY\HLTY_1008.JPG,HLTY_1008,0,,,,,
validation,HLTY,healthy,D:\gemma4\segmentation_lattuce-desease\Roboflow_Dataset\validation\HLTY\HLTY_1018.JPG,HLTY_1018,0,,,,,
validation,HLTY,healthy,D:\gemma4\segmentation_lattuce-desease\Roboflow_Dataset\validation\HLTY\HLTY_1032.JPG,HLTY_1032,0,,,,,
validation,HLTY,healthy,D:\gemma4\segmentation_lattuce-desease\Roboflow_Dataset\validation\HLTY\HLTY_1041.JPG,HLTY_1041,0,,,,,
validation,HLTY,healthy,D:\gemma4\segmentation_lattuce-desease\Roboflow_Dataset\validation\HLTY\HLTY_1048.JPG,HLTY_1048,0,,,,,
validation,HLTY,healthy,D:\gemma4\segmentation_lattuce-desease\Roboflow_Dataset\validation\HLTY\HLTY_1054.JPG,HLTY_1054,0,,,,,
validation,HLTY,healthy,D:\gemma4\segmentation_lattuce-desease\Roboflow_Dataset\validation\HLTY\HLTY_1058.JPG,HLTY_1058,0,,,,,
validation,HLTY,healthy,D:\gemma4\segmentation_lattuce-desease\Roboflow_Dataset\validation\HLTY\HLTY_1060.JPG,HLTY_1060,0,,,,,
validation,HLTY,healthy,D:\gemma4\segmentation_lattuce-desease\Roboflow_Dataset\validation\HLTY\HLTY_1072.JPG,HLTY_1072,0,,,,,
validation,HLTY,healthy,D:\gemma4\segmentation_lattuce-desease\Roboflow_Dataset\validation\HLTY\HLTY_1075.JPG,HLTY_1075,0,,,,,
validation,HLTY,healthy,D:\gemma4\segmentation_lattuce-desease\Roboflow_Dataset\validation\HLTY\HLTY_1077.JPG,HLTY_1077,0,,,,,
validation,HLTY,healthy,D:\gemma4\segmentation_lattuce-desease\Roboflow_Dataset\validation\HLTY\HLTY_11.JPG,HLTY_11,0,,,,,
validation,HLTY,healthy,D:\gemma4\segmentation_lattuce-desease\Roboflow_Dataset\validation\HLTY\HLTY_1112.JPG,HLTY_1112,0,,,,,
validation,HLTY,healthy,D:\gemma4\segmentation_lattuce-desease\Roboflow_Dataset\validation\HLTY\HLTY_112.JPG,HLTY_112,0,,,,,
validation,HLTY,healthy,D:\gemma4\segmentation_lattuce-desease\Roboflow_Dataset\validation\HLTY\HLTY_1122.JPG,HLTY_1122,0,,,,,
validation,HLTY,healthy,D:\gemma4\segmentation_lattuce-desease\Roboflow_Dataset\validation\HLTY\HLTY_114.jpg,HLTY_114,0,,,,,
validation,HLTY,healthy,D:\gemma4\segmentation_lattuce-desease\Roboflow_Dataset\validation\HLTY\HLTY_128.jpg,HLTY_128,0,,,,,
validation,HLTY,healthy,D:\gemma4\segmentation_lattuce-desease\Roboflow_Dataset\validation\HLTY\HLTY_13.JPG,HLTY_13,0,,,,,
validation,HLTY,healthy,D:\gemma4\segmentation_lattuce-desease\Roboflow_Dataset\validation\HLTY\HLTY_139.jpg,HLTY_139,0,,,,,
validation,HLTY,healthy,D:\gemma4\segmentation_lattuce-desease\Roboflow_Dataset\validation\HLTY\HLTY_176.JPG,HLTY_176,0,,,,,
validation,HLTY,healthy,D:\gemma4\segmentation_lattuce-desease\Roboflow_Dataset\validation\HLTY\HLTY_177.JPG,HLTY_177,0,,,,,
validation,HLTY,healthy,D:\gemma4\segmentation_lattuce-desease\Roboflow_Dataset\validation\HLTY\HLTY_184.JPG,HLTY_184,0,,,,,
validation,HLTY,healthy,D:\gemma4\segmentation_lattuce-desease\Roboflow_Dataset\validation\HLTY\HLTY_21.JPG,HLTY_21,0,,,,,
validation,HLTY,healthy,D:\gemma4\segmentation_lattuce-desease\Roboflow_Dataset\validation\HLTY\HLTY_235.jpg,HLTY_235,0,,,,,
validation,HLTY,healthy,D:\gemma4\segmentation_lattuce-desease\Roboflow_Dataset\validation\HLTY\HLTY_245.JPG,HLTY_245,0,,,,,
validation,HLTY,healthy,D:\gemma4\segmentation_lattuce-desease\Roboflow_Dataset\validation\HLTY\HLTY_248.JPG,HLTY_248,0,,,,,
validation,HLTY,healthy,D:\gemma4\segmentation_lattuce-desease\Roboflow_Dataset\validation\HLTY\HLTY_249.JPG,HLTY_249,0,,,,,
validation,HLTY,healthy,D:\gemma4\segmentation_lattuce-desease\Roboflow_Dataset\validation\HLTY\HLTY_250.JPG,HLTY_250,0,,,,,
validation,HLTY,healthy,D:\gemma4\segmentation_lattuce-desease\Roboflow_Dataset\validation\HLTY\HLTY_265.JPG,HLTY_265,0,,,,,
validation,HLTY,healthy,D:\gemma4\segmentation_lattuce-desease\Roboflow_Dataset\validation\HLTY\HLTY_275.JPG,HLTY_275,0,,,,,
validation,HLTY,healthy,D:\gemma4\segmentation_lattuce-desease\Roboflow_Dataset\validation\HLTY\HLTY_282.JPG,HLTY_282,0,,,,,
validation,HLTY,healthy,D:\gemma4\segmentation_lattuce-desease\Roboflow_Dataset\validation\HLTY\HLTY_286.JPG,HLTY_286,0,,,,,
validation,HLTY,healthy,D:\gemma4\segmentation_lattuce-desease\Roboflow_Dataset\validation\HLTY\HLTY_289.JPG,HLTY_289,0,,,,,
validation,HLTY,healthy,D:\gemma4\segmentation_lattuce-desease\Roboflow_Dataset\validation\HLTY\HLTY_298.JPG,HLTY_298,0,,,,,
validation,HLTY,healthy,D:\gemma4\segmentation_lattuce-desease\Roboflow_Dataset\validation\HLTY\HLTY_3.JPG,HLTY_3,0,,,,,
validation,HLTY,healthy,D:\gemma4\segmentation_lattuce-desease\Roboflow_Dataset\validation\HLTY\HLTY_307.JPG,HLTY_307,0,,,,,
validation,HLTY,healthy,D:\gemma4\segmentation_lattuce-desease\Roboflow_Dataset\validation\HLTY\HLTY_313.JPG,HLTY_313,0,,,,,
validation,HLTY,healthy,D:\gemma4\segmentation_lattuce-desease\Roboflow_Dataset\validation\HLTY\HLTY_330.JPG,HLTY_330,0,,,,,
validation,HLTY,healthy,D:\gemma4\segmentation_lattuce-desease\Roboflow_Dataset\validation\HLTY\HLTY_337.JPG,HLTY_337,0,,,,,
validation,HLTY,healthy,D:\gemma4\segmentation_lattuce-desease\Roboflow_Dataset\validation\HLTY\HLTY_339.JPG,HLTY_339,0,,,,,
validation,HLTY,healthy,D:\gemma4\segmentation_lattuce-desease\Roboflow_Dataset\validation\HLTY\HLTY_372.JPG,HLTY_372,0,,,,,
validation,HLTY,healthy,D:\gemma4\segmentation_lattuce-desease\Roboflow_Dataset\validation\HLTY\HLTY_373.JPG,HLTY_373,0,,,,,
validation,HLTY,healthy,D:\gemma4\segmentation_lattuce-desease\Roboflow_Dataset\validation\HLTY\HLTY_383.JPG,HLTY_383,0,,,,,
validation,HLTY,healthy,D:\gemma4\segmentation_lattuce-desease\Roboflow_Dataset\validation\HLTY\HLTY_390.JPG,HLTY_390,0,,,,,
validation,HLTY,healthy,D:\gemma4\segmentation_lattuce-desease\Roboflow_Dataset\validation\HLTY\HLTY_403.JPG,HLTY_403,0,,,,,
validation,HLTY,healthy,D:\gemma4\segmentation_lattuce-desease\Roboflow_Dataset\validation\HLTY\HLTY_408.JPG,HLTY_408,0,,,,,
validation,HLTY,healthy,D:\gemma4\segmentation_lattuce-desease\Roboflow_Dataset\validation\HLTY\HLTY_418.JPG,HLTY_418,0,,,,,
validation,HLTY,healthy,D:\gemma4\segmentation_lattuce-desease\Roboflow_Dataset\validation\HLTY\HLTY_419.JPG,HLTY_419,0,,,,,
validation,HLTY,healthy,D:\gemma4\segmentation_lattuce-desease\Roboflow_Dataset\validation\HLTY\HLTY_431.JPG,HLTY_431,0,,,,,
validation,HLTY,healthy,D:\gemma4\segmentation_lattuce-desease\Roboflow_Dataset\validation\HLTY\HLTY_432.JPG,HLTY_432,0,,,,,
validation,HLTY,healthy,D:\gemma4\segmentation_lattuce-desease\Roboflow_Dataset\validation\HLTY\HLTY_439.JPG,HLTY_439,0,,,,,
validation,HLTY,healthy,D:\gemma4\segmentation_lattuce-desease\Roboflow_Dataset\validation\HLTY\HLTY_443.JPG,HLTY_443,0,,,,,
validation,HLTY,healthy,D:\gemma4\segmentation_lattuce-desease\Roboflow_Dataset\validation\HLTY\HLTY_458.JPG,HLTY_458,0,,,,,
validation,HLTY,healthy,D:\gemma4\segmentation_lattuce-desease\Roboflow_Dataset\validation\HLTY\HLTY_459.JPG,HLTY_459,0,,,,,
validation,HLTY,healthy,D:\gemma4\segmentation_lattuce-desease\Roboflow_Dataset\validation\HLTY\HLTY_461.JPG,HLTY_461,0,,,,,
validation,HLTY,healthy,D:\gemma4\segmentation_lattuce-desease\Roboflow_Dataset\validation\HLTY\HLTY_466.JPG,HLTY_466,0,,,,,
validation,HLTY,healthy,D:\gemma4\segmentation_lattuce-desease\Roboflow_Dataset\validation\HLTY\HLTY_47.JPG,HLTY_47,0,,,,,
validation,HLTY,healthy,D:\gemma4\segmentation_lattuce-desease\Roboflow_Dataset\validation\HLTY\HLTY_470.JPG,HLTY_470,0,,,,,
validation,HLTY,healthy,D:\gemma4\segmentation_lattuce-desease\Roboflow_Dataset\validation\HLTY\HLTY_475.JPG,HLTY_475,0,,,,,
validation,HLTY,healthy,D:\gemma4\segmentation_lattuce-desease\Roboflow_Dataset\validation\HLTY\HLTY_485.JPG,HLTY_485,0,,,,,
validation,HLTY,healthy,D:\gemma4\segmentation_lattuce-desease\Roboflow_Dataset\validation\HLTY\HLTY_502.JPG,HLTY_502,0,,,,,
validation,HLTY,healthy,D:\gemma4\segmentation_lattuce-desease\Roboflow_Dataset\validation\HLTY\HLTY_522.JPG,HLTY_522,0,,,,,
validation,HLTY,healthy,D:\gemma4\segmentation_lattuce-desease\Roboflow_Dataset\validation\HLTY\HLTY_53.JPG,HLTY_53,0,,,,,
validation,HLTY,healthy,D:\gemma4\segmentation_lattuce-desease\Roboflow_Dataset\validation\HLTY\HLTY_542.JPG,HLTY_542,0,,,,,
validation,HLTY,healthy,D:\gemma4\segmentation_lattuce-desease\Roboflow_Dataset\validation\HLTY\HLTY_573.JPG,HLTY_573,0,,,,,
validation,HLTY,healthy,D:\gemma4\segmentation_lattuce-desease\Roboflow_Dataset\validation\HLTY\HLTY_587.JPG,HLTY_587,0,,,,,
validation,HLTY,healthy,D:\gemma4\segmentation_lattuce-desease\Roboflow_Dataset\validation\HLTY\HLTY_59.JPG,HLTY_59,0,,,,,
validation,HLTY,healthy,D:\gemma4\segmentation_lattuce-desease\Roboflow_Dataset\validation\HLTY\HLTY_618.JPG,HLTY_618,0,,,,,
validation,HLTY,healthy,D:\gemma4\segmentation_lattuce-desease\Roboflow_Dataset\validation\HLTY\HLTY_63.JPG,HLTY_63,0,,,,,
validation,HLTY,healthy,D:\gemma4\segmentation_lattuce-desease\Roboflow_Dataset\validation\HLTY\HLTY_633.JPG,HLTY_633,0,,,,,
validation,HLTY,healthy,D:\gemma4\segmentation_lattuce-desease\Roboflow_Dataset\validation\HLTY\HLTY_638.JPG,HLTY_638,0,,,,,
validation,HLTY,healthy,D:\gemma4\segmentation_lattuce-desease\Roboflow_Dataset\validation\HLTY\HLTY_651.JPG,HLTY_651,0,,,,,
validation,HLTY,healthy,D:\gemma4\segmentation_lattuce-desease\Roboflow_Dataset\validation\HLTY\HLTY_652.JPG,HLTY_652,0,,,,,
validation,HLTY,healthy,D:\gemma4\segmentation_lattuce-desease\Roboflow_Dataset\validation\HLTY\HLTY_67.JPG,HLTY_67,0,,,,,
validation,HLTY,healthy,D:\gemma4\segmentation_lattuce-desease\Roboflow_Dataset\validation\HLTY\HLTY_679.JPG,HLTY_679,0,,,,,
validation,HLTY,healthy,D:\gemma4\segmentation_lattuce-desease\Roboflow_Dataset\validation\HLTY\HLTY_68.JPG,HLTY_68,0,,,,,
validation,HLTY,healthy,D:\gemma4\segmentation_lattuce-desease\Roboflow_Dataset\validation\HLTY\HLTY_698.JPG,HLTY_698,0,,,,,
validation,HLTY,healthy,D:\gemma4\segmentation_lattuce-desease\Roboflow_Dataset\validation\HLTY\HLTY_700.JPG,HLTY_700,0,,,,,
validation,HLTY,healthy,D:\gemma4\segmentation_lattuce-desease\Roboflow_Dataset\validation\HLTY\HLTY_704.JPG,HLTY_704,0,,,,,
validation,HLTY,healthy,D:\gemma4\segmentation_lattuce-desease\Roboflow_Dataset\validation\HLTY\HLTY_714.JPG,HLTY_714,0,,,,,
validation,HLTY,healthy,D:\gemma4\segmentation_lattuce-desease\Roboflow_Dataset\validation\HLTY\HLTY_716.JPG,HLTY_716,0,,,,,
validation,HLTY,healthy,D:\gemma4\segmentation_lattuce-desease\Roboflow_Dataset\validation\HLTY\HLTY_718.JPG,HLTY_718,0,,,,,
validation,HLTY,healthy,D:\gemma4\segmentation_lattuce-desease\Roboflow_Dataset\validation\HLTY\HLTY_73.JPG,HLTY_73,0,,,,,
validation,HLTY,healthy,D:\gemma4\segmentation_lattuce-desease\Roboflow_Dataset\validation\HLTY\HLTY_745.JPG,HLTY_745,0,,,,,
validation,HLTY,healthy,D:\gemma4\segmentation_lattuce-desease\Roboflow_Dataset\validation\HLTY\HLTY_746.JPG,HLTY_746,0,,,,,
validation,HLTY,healthy,D:\gemma4\segmentation_lattuce-desease\Roboflow_Dataset\validation\HLTY\HLTY_748.JPG,HLTY_748,0,,,,,
validation,HLTY,healthy,D:\gemma4\segmentation_lattuce-desease\Roboflow_Dataset\validation\HLTY\HLTY_760.JPG,HLTY_760,0,,,,,
validation,HLTY,healthy,D:\gemma4\segmentation_lattuce-desease\Roboflow_Dataset\validation\HLTY\HLTY_764.JPG,HLTY_764,0,,,,,
validation,HLTY,healthy,D:\gemma4\segmentation_lattuce-desease\Roboflow_Dataset\validation\HLTY\HLTY_77.JPG,HLTY_77,0,,,,,
validation,HLTY,healthy,D:\gemma4\segmentation_lattuce-desease\Roboflow_Dataset\validation\HLTY\HLTY_774.JPG,HLTY_774,0,,,,,
validation,HLTY,healthy,D:\gemma4\segmentation_lattuce-desease\Roboflow_Dataset\validation\HLTY\HLTY_784.JPG,HLTY_784,0,,,,,
validation,HLTY,healthy,D:\gemma4\segmentation_lattuce-desease\Roboflow_Dataset\validation\HLTY\HLTY_795.JPG,HLTY_795,0,,,,,
validation,HLTY,healthy,D:\gemma4\segmentation_lattuce-desease\Roboflow_Dataset\validation\HLTY\HLTY_800.JPG,HLTY_800,0,,,,,
validation,HLTY,healthy,D:\gemma4\segmentation_lattuce-desease\Roboflow_Dataset\validation\HLTY\HLTY_809.JPG,HLTY_809,0,,,,,
validation,HLTY,healthy,D:\gemma4\segmentation_lattuce-desease\Roboflow_Dataset\validation\HLTY\HLTY_859.JPG,HLTY_859,0,,,,,
validation,HLTY,healthy,D:\gemma4\segmentation_lattuce-desease\Roboflow_Dataset\validation\HLTY\HLTY_867.JPG,HLTY_867,0,,,,,
validation,HLTY,healthy,D:\gemma4\segmentation_lattuce-desease\Roboflow_Dataset\validation\HLTY\HLTY_87.jpg,HLTY_87,0,,,,,
validation,HLTY,healthy,D:\gemma4\segmentation_lattuce-desease\Roboflow_Dataset\validation\HLTY\HLTY_873.JPG,HLTY_873,0,,,,,
validation,HLTY,healthy,D:\gemma4\segmentation_lattuce-desease\Roboflow_Dataset\validation\HLTY\HLTY_876.JPG,HLTY_876,0,,,,,
validation,HLTY,healthy,D:\gemma4\segmentation_lattuce-desease\Roboflow_Dataset\validation\HLTY\HLTY_887.JPG,HLTY_887,0,,,,,
validation,HLTY,healthy,D:\gemma4\segmentation_lattuce-desease\Roboflow_Dataset\validation\HLTY\HLTY_89.jpg,HLTY_89,0,,,,,
validation,HLTY,healthy,D:\gemma4\segmentation_lattuce-desease\Roboflow_Dataset\validation\HLTY\HLTY_897.JPG,HLTY_897,0,,,,,
validation,HLTY,healthy,D:\gemma4\segmentation_lattuce-desease\Roboflow_Dataset\validation\HLTY\HLTY_90.JPG,HLTY_90,0,,,,,
validation,HLTY,healthy,D:\gemma4\segmentation_lattuce-desease\Roboflow_Dataset\validation\HLTY\HLTY_917.JPG,HLTY_917,0,,,,,
validation,HLTY,healthy,D:\gemma4\segmentation_lattuce-desease\Roboflow_Dataset\validation\HLTY\HLTY_946.JPG,HLTY_946,0,,,,,
validation,HLTY,healthy,D:\gemma4\segmentation_lattuce-desease\Roboflow_Dataset\validation\HLTY\HLTY_951.JPG,HLTY_951,0,,,,,
validation,HLTY,healthy,D:\gemma4\segmentation_lattuce-desease\Roboflow_Dataset\validation\HLTY\HLTY_955.JPG,HLTY_955,0,,,,,
validation,HLTY,healthy,D:\gemma4\segmentation_lattuce-desease\Roboflow_Dataset\validation\HLTY\HLTY_97.jpg,HLTY_97,0,,,,,
validation,HLTY,healthy,D:\gemma4\segmentation_lattuce-desease\Roboflow_Dataset\validation\HLTY\HLTY_98.jpg,HLTY_98,0,,,,,
validation,HLTY,healthy,D:\gemma4\segmentation_lattuce-desease\Roboflow_Dataset\validation\HLTY\HLTY_99.jpg,HLTY_99,0,,,,,
validation,Leaf-Diseases,disease,D:\gemma4\segmentation_lattuce-desease\Roboflow_Dataset\validation\Leaf-Diseases\00440_png.rf.bd03b609a7c6f7e402f47b8fb7a79864.jpg,00440_png.rf.bd03b609a7c6f7e402f47b8fb7a79864,0,,,,,
validation,Leaf-Diseases,disease,D:\gemma4\segmentation_lattuce-desease\Roboflow_Dataset\validation\Leaf-Diseases\00441_png.rf.82a6eef37ef0d03d9030ee9434f46e1d.jpg,00441_png.rf.82a6eef37ef0d03d9030ee9434f46e1d,0,,,,,
validation,Leaf-Diseases,disease,D:\gemma4\segmentation_lattuce-desease\Roboflow_Dataset\validation\Leaf-Diseases\00442_png.rf.2cc62c564e59468288176d72c2d4bcd9.jpg,00442_png.rf.2cc62c564e59468288176d72c2d4bcd9,0,,,,,
validation,Leaf-Diseases,disease,D:\gemma4\segmentation_lattuce-desease\Roboflow_Dataset\validation\Leaf-Diseases\00443_png.rf.93e79e5d5399ff18be86328ac75eabcf.jpg,00443_png.rf.93e79e5d5399ff18be86328ac75eabcf,0,,,,,
validation,Leaf-Diseases,disease,D:\gemma4\segmentation_lattuce-desease\Roboflow_Dataset\validation\Leaf-Diseases\00444_png.rf.5348c0e8a404981d264bd9fe444861ee.jpg,00444_png.rf.5348c0e8a404981d264bd9fe444861ee,0,,,,,
validation,Leaf-Diseases,disease,D:\gemma4\segmentation_lattuce-desease\Roboflow_Dataset\validation\Leaf-Diseases\00445_png.rf.ee28466fb841f5d201792a9d518a6e95.jpg,00445_png.rf.ee28466fb841f5d201792a9d518a6e95,0,,,,,
validation,Leaf-Diseases,disease,D:\gemma4\segmentation_lattuce-desease\Roboflow_Dataset\validation\Leaf-Diseases\00446_png.rf.d946dccc404c0c54832d89166a899d8e.jpg,00446_png.rf.d946dccc404c0c54832d89166a899d8e,0,,,,,
validation,Leaf-Diseases,disease,D:\gemma4\segmentation_lattuce-desease\Roboflow_Dataset\validation\Leaf-Diseases\00447_png.rf.ca438cf43c429bf35e2b04ba76292ec2.jpg,00447_png.rf.ca438cf43c429bf35e2b04ba76292ec2,0,,,,,
validation,Leaf-Diseases,disease,D:\gemma4\segmentation_lattuce-desease\Roboflow_Dataset\validation\Leaf-Diseases\00448_png.rf.c7eac283047be8136d965ad96f84857e.jpg,00448_png.rf.c7eac283047be8136d965ad96f84857e,0,,,,,
validation,Leaf-Diseases,disease,D:\gemma4\segmentation_lattuce-desease\Roboflow_Dataset\validation\Leaf-Diseases\00449_png.rf.5d89f610ff797f6b83349bc5a97b9c8e.jpg,00449_png.rf.5d89f610ff797f6b83349bc5a97b9c8e,0,,,,,
validation,Leaf-Diseases,disease,D:\gemma4\segmentation_lattuce-desease\Roboflow_Dataset\validation\Leaf-Diseases\00450_png.rf.f0fce1f3057ffd4f8caa100c8d186576.jpg,00450_png.rf.f0fce1f3057ffd4f8caa100c8d186576,0,,,,,
validation,Leaf-Diseases,disease,D:\gemma4\segmentation_lattuce-desease\Roboflow_Dataset\validation\Leaf-Diseases\00451_png.rf.9a79d1f92d31e5e12ff82ec59006a79e.jpg,00451_png.rf.9a79d1f92d31e5e12ff82ec59006a79e,0,,,,,
validation,Leaf-Diseases,disease,D:\gemma4\segmentation_lattuce-desease\Roboflow_Dataset\validation\Leaf-Diseases\00452_png.rf.5657eba3babcdf9a3d3132d67ee1bfcf.jpg,00452_png.rf.5657eba3babcdf9a3d3132d67ee1bfcf,0,,,,,
validation,Leaf-Diseases,disease,D:\gemma4\segmentation_lattuce-desease\Roboflow_Dataset\validation\Leaf-Diseases\00453_png.rf.3043e789190900eb5ba41026051c8039.jpg,00453_png.rf.3043e789190900eb5ba41026051c8039,0,,,,,
validation,Leaf-Diseases,disease,D:\gemma4\segmentation_lattuce-desease\Roboflow_Dataset\validation\Leaf-Diseases\00454_png.rf.a011b4a151c76fba08b677b95f309aff.jpg,00454_png.rf.a011b4a151c76fba08b677b95f309aff,0,,,,,
validation,Leaf-Diseases,disease,D:\gemma4\segmentation_lattuce-desease\Roboflow_Dataset\validation\Leaf-Diseases\00455_png.rf.b6d486e451c30574db3dd92686d58246.jpg,00455_png.rf.b6d486e451c30574db3dd92686d58246,0,,,,,
validation,Leaf-Diseases,disease,D:\gemma4\segmentation_lattuce-desease\Roboflow_Dataset\validation\Leaf-Diseases\00456_png.rf.4f7c3bc48418f81e1d82d21baeab1191.jpg,00456_png.rf.4f7c3bc48418f81e1d82d21baeab1191,0,,,,,
validation,Leaf-Diseases,disease,D:\gemma4\segmentation_lattuce-desease\Roboflow_Dataset\validation\Leaf-Diseases\00457_png.rf.5a451c67d47492ebe0e5c54e831cb464.jpg,00457_png.rf.5a451c67d47492ebe0e5c54e831cb464,0,,,,,
validation,Leaf-Diseases,disease,D:\gemma4\segmentation_lattuce-desease\Roboflow_Dataset\validation\Leaf-Diseases\00458_png.rf.666d3a2300221529261ef5676167d387.jpg,00458_png.rf.666d3a2300221529261ef5676167d387,0,,,,,
validation,Leaf-Diseases,disease,D:\gemma4\segmentation_lattuce-desease\Roboflow_Dataset\validation\Leaf-Diseases\00459_png.rf.69fb9d36df1150c04ad23148178d4fc2.jpg,00459_png.rf.69fb9d36df1150c04ad23148178d4fc2,0,,,,,
validation,Leaf-Diseases,disease,D:\gemma4\segmentation_lattuce-desease\Roboflow_Dataset\validation\Leaf-Diseases\00460_png.rf.444d0dbd19c05efed86bbd257110ee7d.jpg,00460_png.rf.444d0dbd19c05efed86bbd257110ee7d,0,,,,,
validation,Leaf-Diseases,disease,D:\gemma4\segmentation_lattuce-desease\Roboflow_Dataset\validation\Leaf-Diseases\00461_png.rf.efe3684569223065ac38f8baae498d4e.jpg,00461_png.rf.efe3684569223065ac38f8baae498d4e,0,,,,,
validation,Leaf-Diseases,disease,D:\gemma4\segmentation_lattuce-desease\Roboflow_Dataset\validation\Leaf-Diseases\00462_png.rf.403a317f01c6266597ae4ac2b6827587.jpg,00462_png.rf.403a317f01c6266597ae4ac2b6827587,0,,,,,
validation,Leaf-Diseases,disease,D:\gemma4\segmentation_lattuce-desease\Roboflow_Dataset\validation\Leaf-Diseases\00463_png.rf.4daa6b9e885862d3abc3b0e47e381b56.jpg,00463_png.rf.4daa6b9e885862d3abc3b0e47e381b56,0,,,,,
validation,Leaf-Diseases,disease,D:\gemma4\segmentation_lattuce-desease\Roboflow_Dataset\validation\Leaf-Diseases\00464_png.rf.955b4e3b1437b77b5ead07eb96fd7e42.jpg,00464_png.rf.955b4e3b1437b77b5ead07eb96fd7e42,0,,,,,
validation,Leaf-Diseases,disease,D:\gemma4\segmentation_lattuce-desease\Roboflow_Dataset\validation\Leaf-Diseases\00465_png.rf.ba35bf33873992a8f7208533415b23bf.jpg,00465_png.rf.ba35bf33873992a8f7208533415b23bf,0,,,,,
validation,Leaf-Diseases,disease,D:\gemma4\segmentation_lattuce-desease\Roboflow_Dataset\validation\Leaf-Diseases\00466_png.rf.7ebf2b4bfaf82677043025d0d2f2a7d2.jpg,00466_png.rf.7ebf2b4bfaf82677043025d0d2f2a7d2,0,,,,,
validation,Leaf-Diseases,disease,D:\gemma4\segmentation_lattuce-desease\Roboflow_Dataset\validation\Leaf-Diseases\00467_png.rf.b42382fbbb00bcf5a166b1ea9f7dfe6b.jpg,00467_png.rf.b42382fbbb00bcf5a166b1ea9f7dfe6b,0,,,,,
validation,Leaf-Diseases,disease,D:\gemma4\segmentation_lattuce-desease\Roboflow_Dataset\validation\Leaf-Diseases\00468_png.rf.75a9b3c4eccd7e4d53cd3c6c8b4e1c44.jpg,00468_png.rf.75a9b3c4eccd7e4d53cd3c6c8b4e1c44,0,,,,,
validation,Leaf-Diseases,disease,D:\gemma4\segmentation_lattuce-desease\Roboflow_Dataset\validation\Leaf-Diseases\00469_png.rf.50c183ddca3f094234c01556ca3677ea.jpg,00469_png.rf.50c183ddca3f094234c01556ca3677ea,0,,,,,
validation,Leaf-Diseases,disease,D:\gemma4\segmentation_lattuce-desease\Roboflow_Dataset\validation\Leaf-Diseases\00470_png.rf.b9a7164727ec59e9d98e75e056937744.jpg,00470_png.rf.b9a7164727ec59e9d98e75e056937744,0,,,,,
validation,Leaf-Diseases,disease,D:\gemma4\segmentation_lattuce-desease\Roboflow_Dataset\validation\Leaf-Diseases\00471_png.rf.5964576fce09a0c46b7bcd1bc4edea69.jpg,00471_png.rf.5964576fce09a0c46b7bcd1bc4edea69,0,,,,,
validation,Leaf-Diseases,disease,D:\gemma4\segmentation_lattuce-desease\Roboflow_Dataset\validation\Leaf-Diseases\00472_png.rf.24c13d7daaf2e49d020bf7580415d050.jpg,00472_png.rf.24c13d7daaf2e49d020bf7580415d050,0,,,,,
validation,Leaf-Diseases,disease,D:\gemma4\segmentation_lattuce-desease\Roboflow_Dataset\validation\Leaf-Diseases\00473_png.rf.7e4a5ee37c0035992ba41353504754fc.jpg,00473_png.rf.7e4a5ee37c0035992ba41353504754fc,0,,,,,
validation,Leaf-Diseases,disease,D:\gemma4\segmentation_lattuce-desease\Roboflow_Dataset\validation\Leaf-Diseases\00474_png.rf.5f1cdc73ff416f0516663678027e258c.jpg,00474_png.rf.5f1cdc73ff416f0516663678027e258c,0,,,,,
validation,Leaf-Diseases,disease,D:\gemma4\segmentation_lattuce-desease\Roboflow_Dataset\validation\Leaf-Diseases\00475_png.rf.fbfdf3d964484def79e7698ab293e521.jpg,00475_png.rf.fbfdf3d964484def79e7698ab293e521,0,,,,,
validation,Leaf-Diseases,disease,D:\gemma4\segmentation_lattuce-desease\Roboflow_Dataset\validation\Leaf-Diseases\00476_png.rf.2d146599e1e1f7ed542058ae1b452c70.jpg,00476_png.rf.2d146599e1e1f7ed542058ae1b452c70,0,,,,,
validation,Leaf-Diseases,disease,D:\gemma4\segmentation_lattuce-desease\Roboflow_Dataset\validation\Leaf-Diseases\00477_png.rf.40ac54edd03c37dd55e1c22d0b7e26b8.jpg,00477_png.rf.40ac54edd03c37dd55e1c22d0b7e26b8,0,,,,,
validation,Leaf-Diseases,disease,D:\gemma4\segmentation_lattuce-desease\Roboflow_Dataset\validation\Leaf-Diseases\00478_png.rf.52d59215b021b76020fb03c0d48c2657.jpg,00478_png.rf.52d59215b021b76020fb03c0d48c2657,0,,,,,
validation,Leaf-Diseases,disease,D:\gemma4\segmentation_lattuce-desease\Roboflow_Dataset\validation\Leaf-Diseases\00479_png.rf.42ffebea38c540c3129b871b0e42426b.jpg,00479_png.rf.42ffebea38c540c3129b871b0e42426b,0,,,,,
validation,Leaf-Diseases,disease,D:\gemma4\segmentation_lattuce-desease\Roboflow_Dataset\validation\Leaf-Diseases\00480_png.rf.3424ec29fe633dae19ba80d0bfe6d9ec.jpg,00480_png.rf.3424ec29fe633dae19ba80d0bfe6d9ec,0,,,,,
validation,Leaf-Diseases,disease,D:\gemma4\segmentation_lattuce-desease\Roboflow_Dataset\validation\Leaf-Diseases\00481_png.rf.91f7c1113560e7a271ee5e05f1cdfecb.jpg,00481_png.rf.91f7c1113560e7a271ee5e05f1cdfecb,0,,,,,
validation,Leaf-Diseases,disease,D:\gemma4\segmentation_lattuce-desease\Roboflow_Dataset\validation\Leaf-Diseases\00482_png.rf.3ecafe8d788693739882489c447f12b2.jpg,00482_png.rf.3ecafe8d788693739882489c447f12b2,0,,,,,
validation,Leaf-Diseases,disease,D:\gemma4\segmentation_lattuce-desease\Roboflow_Dataset\validation\Leaf-Diseases\00483_png.rf.6c86db9d8c239b82a60b608ea9a88cc3.jpg,00483_png.rf.6c86db9d8c239b82a60b608ea9a88cc3,0,,,,,
validation,Leaf-Diseases,disease,D:\gemma4\segmentation_lattuce-desease\Roboflow_Dataset\validation\Leaf-Diseases\00484_png.rf.0d8bae4ad03aec1445833659d592bcf8.jpg,00484_png.rf.0d8bae4ad03aec1445833659d592bcf8,0,,,,,
validation,Leaf-Diseases,disease,D:\gemma4\segmentation_lattuce-desease\Roboflow_Dataset\validation\Leaf-Diseases\00485_png.rf.3fe12f20b51fb44bf184d13198870f47.jpg,00485_png.rf.3fe12f20b51fb44bf184d13198870f47,0,,,,,
validation,Leaf-Diseases,disease,D:\gemma4\segmentation_lattuce-desease\Roboflow_Dataset\validation\Leaf-Diseases\00486_png.rf.9e1236fa3353086b5f4514d242cc70e1.jpg,00486_png.rf.9e1236fa3353086b5f4514d242cc70e1,0,,,,,
validation,Leaf-Diseases,disease,D:\gemma4\segmentation_lattuce-desease\Roboflow_Dataset\validation\Leaf-Diseases\00487_png.rf.0fc54f70bb7bc455ee8ca43db25585f1.jpg,00487_png.rf.0fc54f70bb7bc455ee8ca43db25585f1,0,,,,,
validation,Leaf-Diseases,disease,D:\gemma4\segmentation_lattuce-desease\Roboflow_Dataset\validation\Leaf-Diseases\00488_png.rf.cadc2ef4f57b8dba07b8238b03a10f25.jpg,00488_png.rf.cadc2ef4f57b8dba07b8238b03a10f25,0,,,,,
validation,Leaf-Diseases,disease,D:\gemma4\segmentation_lattuce-desease\Roboflow_Dataset\validation\Leaf-Diseases\00489_png.rf.190e8217bd5dd7f9292b9f7e8b0e4d7f.jpg,00489_png.rf.190e8217bd5dd7f9292b9f7e8b0e4d7f,0,,,,,
validation,Leaf-Diseases,disease,D:\gemma4\segmentation_lattuce-desease\Roboflow_Dataset\validation\Leaf-Diseases\00490_png.rf.98bbc7b9ff3b77644a72afe2a4078834.jpg,00490_png.rf.98bbc7b9ff3b77644a72afe2a4078834,0,,,,,
validation,Leaf-Diseases,disease,D:\gemma4\segmentation_lattuce-desease\Roboflow_Dataset\validation\Leaf-Diseases\00491_png.rf.b22ca349a125dd6519b359b6d96d66ad.jpg,00491_png.rf.b22ca349a125dd6519b359b6d96d66ad,0,,,,,
validation,Leaf-Diseases,disease,D:\gemma4\segmentation_lattuce-desease\Roboflow_Dataset\validation\Leaf-Diseases\00492_png.rf.d2b1eaeae66d9245c6aec373f6dbbbe2.jpg,00492_png.rf.d2b1eaeae66d9245c6aec373f6dbbbe2,0,,,,,
validation,Leaf-Diseases,disease,D:\gemma4\segmentation_lattuce-desease\Roboflow_Dataset\validation\Leaf-Diseases\00493_png.rf.54e3260c31f387f31be729925f48d486.jpg,00493_png.rf.54e3260c31f387f31be729925f48d486,0,,,,,
validation,Leaf-Diseases,disease,D:\gemma4\segmentation_lattuce-desease\Roboflow_Dataset\validation\Leaf-Diseases\00494_png.rf.c876bccdf9e0d8d9f2dd52effe1d3b81.jpg,00494_png.rf.c876bccdf9e0d8d9f2dd52effe1d3b81,0,,,,,
validation,Leaf-Diseases,disease,D:\gemma4\segmentation_lattuce-desease\Roboflow_Dataset\validation\Leaf-Diseases\00495_png.rf.1ea629282c2447b36ca0525b35bc6e5f.jpg,00495_png.rf.1ea629282c2447b36ca0525b35bc6e5f,0,,,,,
validation,Leaf-Diseases,disease,D:\gemma4\segmentation_lattuce-desease\Roboflow_Dataset\validation\Leaf-Diseases\00496_png.rf.bf930a4e15ca80ccece49098d341420b.jpg,00496_png.rf.bf930a4e15ca80ccece49098d341420b,0,,,,,
validation,Leaf-Diseases,disease,D:\gemma4\segmentation_lattuce-desease\Roboflow_Dataset\validation\Leaf-Diseases\00497_png.rf.148447112ea5e3227e5694a0bd0bca37.jpg,00497_png.rf.148447112ea5e3227e5694a0bd0bca37,0,,,,,
validation,Leaf-Diseases,disease,D:\gemma4\segmentation_lattuce-desease\Roboflow_Dataset\validation\Leaf-Diseases\00498_png.rf.7f8d979d4446781e4d2871140babfd1a.jpg,00498_png.rf.7f8d979d4446781e4d2871140babfd1a,0,,,,,
validation,Leaf-Diseases,disease,D:\gemma4\segmentation_lattuce-desease\Roboflow_Dataset\validation\Leaf-Diseases\00499_png.rf.4dac317462ce2a236e50eae9761d2202.jpg,00499_png.rf.4dac317462ce2a236e50eae9761d2202,0,,,,,
validation,Leaf-Diseases,disease,D:\gemma4\segmentation_lattuce-desease\Roboflow_Dataset\validation\Leaf-Diseases\00500_png.rf.276446c1cc3bc4d857e4d6894c611ff3.jpg,00500_png.rf.276446c1cc3bc4d857e4d6894c611ff3,0,,,,,
validation,Leaf-Diseases,disease,D:\gemma4\segmentation_lattuce-desease\Roboflow_Dataset\validation\Leaf-Diseases\00501_png.rf.726a52b9947972b663b6f8c1cc57ed85.jpg,00501_png.rf.726a52b9947972b663b6f8c1cc57ed85,0,,,,,
validation,Leaf-Diseases,disease,D:\gemma4\segmentation_lattuce-desease\Roboflow_Dataset\validation\Leaf-Diseases\00502_png.rf.d224c38f47e0da9d297dd5e276f85916.jpg,00502_png.rf.d224c38f47e0da9d297dd5e276f85916,0,,,,,
validation,Leaf-Diseases,disease,D:\gemma4\segmentation_lattuce-desease\Roboflow_Dataset\validation\Leaf-Diseases\00503_png.rf.796d518ea609dbc1030143ab4529da7b.jpg,00503_png.rf.796d518ea609dbc1030143ab4529da7b,0,,,,,
validation,Leaf-Diseases,disease,D:\gemma4\segmentation_lattuce-desease\Roboflow_Dataset\validation\Leaf-Diseases\00504_png.rf.809adda5071ba3fe5f9dd2690cc2b031.jpg,00504_png.rf.809adda5071ba3fe5f9dd2690cc2b031,0,,,,,
validation,Leaf-Diseases,disease,D:\gemma4\segmentation_lattuce-desease\Roboflow_Dataset\validation\Leaf-Diseases\00505_png.rf.83b07fe825132f3cb0ff4983e6792848.jpg,00505_png.rf.83b07fe825132f3cb0ff4983e6792848,0,,,,,
validation,Leaf-Diseases,disease,D:\gemma4\segmentation_lattuce-desease\Roboflow_Dataset\validation\Leaf-Diseases\00506_png.rf.44091363a112a3433bbf20685039883f.jpg,00506_png.rf.44091363a112a3433bbf20685039883f,0,,,,,
validation,Leaf-Diseases,disease,D:\gemma4\segmentation_lattuce-desease\Roboflow_Dataset\validation\Leaf-Diseases\00507_png.rf.c91609c2a940f123058936f8c688513f.jpg,00507_png.rf.c91609c2a940f123058936f8c688513f,0,,,,,
validation,Leaf-Diseases,disease,D:\gemma4\segmentation_lattuce-desease\Roboflow_Dataset\validation\Leaf-Diseases\00508_png.rf.c63fc74574600cbd4caa14b9f9c7401e.jpg,00508_png.rf.c63fc74574600cbd4caa14b9f9c7401e,0,,,,,
validation,Leaf-Diseases,disease,D:\gemma4\segmentation_lattuce-desease\Roboflow_Dataset\validation\Leaf-Diseases\00509_png.rf.d01359ad1fdcdb7073a4397610b95a11.jpg,00509_png.rf.d01359ad1fdcdb7073a4397610b95a11,0,,,,,
validation,Leaf-Diseases,disease,D:\gemma4\segmentation_lattuce-desease\Roboflow_Dataset\validation\Leaf-Diseases\00510_png.rf.58a3a48adffd736bd558066ea6d3f536.jpg,00510_png.rf.58a3a48adffd736bd558066ea6d3f536,0,,,,,
validation,Leaf-Diseases,disease,D:\gemma4\segmentation_lattuce-desease\Roboflow_Dataset\validation\Leaf-Diseases\00511_png.rf.b65006dcbff860a336a8fbf1c1c53cf4.jpg,00511_png.rf.b65006dcbff860a336a8fbf1c1c53cf4,0,,,,,
validation,Leaf-Diseases,disease,D:\gemma4\segmentation_lattuce-desease\Roboflow_Dataset\validation\Leaf-Diseases\00512_png.rf.de5482e89f25aae0ebddefc3a7f3a272.jpg,00512_png.rf.de5482e89f25aae0ebddefc3a7f3a272,0,,,,,
validation,Leaf-Diseases,disease,D:\gemma4\segmentation_lattuce-desease\Roboflow_Dataset\validation\Leaf-Diseases\00513_png.rf.c03ca768a9514e856a7d43075d41df3a.jpg,00513_png.rf.c03ca768a9514e856a7d43075d41df3a,0,,,,,
validation,Leaf-Diseases,disease,D:\gemma4\segmentation_lattuce-desease\Roboflow_Dataset\validation\Leaf-Diseases\00514_png.rf.762bccc6d97d1ccf4dbb22ce072fa426.jpg,00514_png.rf.762bccc6d97d1ccf4dbb22ce072fa426,0,,,,,
validation,Leaf-Diseases,disease,D:\gemma4\segmentation_lattuce-desease\Roboflow_Dataset\validation\Leaf-Diseases\00515_png.rf.a4ce8b7835f95613e6983df5bca17832.jpg,00515_png.rf.a4ce8b7835f95613e6983df5bca17832,0,,,,,
validation,Leaf-Diseases,disease,D:\gemma4\segmentation_lattuce-desease\Roboflow_Dataset\validation\Leaf-Diseases\00516_png.rf.892466ee6023775d7ee9504e0d6d1080.jpg,00516_png.rf.892466ee6023775d7ee9504e0d6d1080,0,,,,,
validation,Leaf-Diseases,disease,D:\gemma4\segmentation_lattuce-desease\Roboflow_Dataset\validation\Leaf-Diseases\00517_png.rf.8aeb02f357b59743a0708c264dfb51d5.jpg,00517_png.rf.8aeb02f357b59743a0708c264dfb51d5,0,,,,,
validation,Leaf-Diseases,disease,D:\gemma4\segmentation_lattuce-desease\Roboflow_Dataset\validation\Leaf-Diseases\00518_png.rf.c82ae5d818fedd6e4ee61b240b9a5cdf.jpg,00518_png.rf.c82ae5d818fedd6e4ee61b240b9a5cdf,0,,,,,
validation,Leaf-Diseases,disease,D:\gemma4\segmentation_lattuce-desease\Roboflow_Dataset\validation\Leaf-Diseases\00519_png.rf.3906b3a5200cd3f429b57fd9c6055d35.jpg,00519_png.rf.3906b3a5200cd3f429b57fd9c6055d35,0,,,,,
validation,Leaf-Diseases,disease,D:\gemma4\segmentation_lattuce-desease\Roboflow_Dataset\validation\Leaf-Diseases\00520_png.rf.eeb2efd6db29e4e7aae9ff13fe863687.jpg,00520_png.rf.eeb2efd6db29e4e7aae9ff13fe863687,0,,,,,
validation,Leaf-Diseases,disease,D:\gemma4\segmentation_lattuce-desease\Roboflow_Dataset\validation\Leaf-Diseases\00521_png.rf.e50ad1860f8cbca92413205c75ebd473.jpg,00521_png.rf.e50ad1860f8cbca92413205c75ebd473,0,,,,,
validation,Leaf-Diseases,disease,D:\gemma4\segmentation_lattuce-desease\Roboflow_Dataset\validation\Leaf-Diseases\00522_png.rf.a5463b47b76dbaf786fd906eaca42af9.jpg,00522_png.rf.a5463b47b76dbaf786fd906eaca42af9,0,,,,,
validation,Leaf-Diseases,disease,D:\gemma4\segmentation_lattuce-desease\Roboflow_Dataset\validation\Leaf-Diseases\00523_png.rf.26ef4b5a222c976444fb1bf18dbb7a53.jpg,00523_png.rf.26ef4b5a222c976444fb1bf18dbb7a53,0,,,,,
validation,Leaf-Diseases,disease,D:\gemma4\segmentation_lattuce-desease\Roboflow_Dataset\validation\Leaf-Diseases\00524_png.rf.5fc6c4a818608d50f66de0846702873e.jpg,00524_png.rf.5fc6c4a818608d50f66de0846702873e,0,,,,,
validation,Leaf-Diseases,disease,D:\gemma4\segmentation_lattuce-desease\Roboflow_Dataset\validation\Leaf-Diseases\00525_png.rf.47dfbec160ff0f372baf6d14f73ced3d.jpg,00525_png.rf.47dfbec160ff0f372baf6d14f73ced3d,0,,,,,
validation,Leaf-Diseases,disease,D:\gemma4\segmentation_lattuce-desease\Roboflow_Dataset\validation\Leaf-Diseases\00526_png.rf.4cdab87b80e40f4cf644d7db0567c732.jpg,00526_png.rf.4cdab87b80e40f4cf644d7db0567c732,0,,,,,
validation,Leaf-Diseases,disease,D:\gemma4\segmentation_lattuce-desease\Roboflow_Dataset\validation\Leaf-Diseases\00527_png.rf.b7dd9d233c4246a5a4a6e43dcdabdbb6.jpg,00527_png.rf.b7dd9d233c4246a5a4a6e43dcdabdbb6,0,,,,,
validation,Leaf-Diseases,disease,D:\gemma4\segmentation_lattuce-desease\Roboflow_Dataset\validation\Leaf-Diseases\00528_png.rf.eca4a9e21db0db753efdb00039238362.jpg,00528_png.rf.eca4a9e21db0db753efdb00039238362,0,,,,,
validation,Leaf-Diseases,disease,D:\gemma4\segmentation_lattuce-desease\Roboflow_Dataset\validation\Leaf-Diseases\00529_png.rf.dae57ff08d72778d270af149af4de2fb.jpg,00529_png.rf.dae57ff08d72778d270af149af4de2fb,0,,,,,
validation,Leaf-Diseases,disease,D:\gemma4\segmentation_lattuce-desease\Roboflow_Dataset\validation\Leaf-Diseases\00530_png.rf.ce68d31301fd1de23a2215e3b9e7c51c.jpg,00530_png.rf.ce68d31301fd1de23a2215e3b9e7c51c,0,,,,,
validation,Leaf-Diseases,disease,D:\gemma4\segmentation_lattuce-desease\Roboflow_Dataset\validation\Leaf-Diseases\00531_png.rf.c16b292ebc4ececd93a7d6f06b39ca68.jpg,00531_png.rf.c16b292ebc4ececd93a7d6f06b39ca68,0,,,,,
validation,Leaf-Diseases,disease,D:\gemma4\segmentation_lattuce-desease\Roboflow_Dataset\validation\Leaf-Diseases\00532_png.rf.57eca6a8b4b42b02a882ed36d39ab3ee.jpg,00532_png.rf.57eca6a8b4b42b02a882ed36d39ab3ee,0,,,,,
validation,Leaf-Diseases,disease,D:\gemma4\segmentation_lattuce-desease\Roboflow_Dataset\validation\Leaf-Diseases\00533_png.rf.8f84b549295987d593682a55c9d1bbab.jpg,00533_png.rf.8f84b549295987d593682a55c9d1bbab,0,,,,,
validation,Leaf-Diseases,disease,D:\gemma4\segmentation_lattuce-desease\Roboflow_Dataset\validation\Leaf-Diseases\00534_png.rf.ff3e56a7ea900d3c0c4a68026d51d2da.jpg,00534_png.rf.ff3e56a7ea900d3c0c4a68026d51d2da,0,,,,,
validation,Leaf-Diseases,disease,D:\gemma4\segmentation_lattuce-desease\Roboflow_Dataset\validation\Leaf-Diseases\00535_png.rf.afadeba92d15b38c51cff22efb633420.jpg,00535_png.rf.afadeba92d15b38c51cff22efb633420,0,,,,,
validation,Leaf-Diseases,disease,D:\gemma4\segmentation_lattuce-desease\Roboflow_Dataset\validation\Leaf-Diseases\00536_png.rf.00daa3679ac12644bfc04091b3bf92f3.jpg,00536_png.rf.00daa3679ac12644bfc04091b3bf92f3,0,,,,,
validation,Leaf-Diseases,disease,D:\gemma4\segmentation_lattuce-desease\Roboflow_Dataset\validation\Leaf-Diseases\00537_png.rf.09d558a8718f513cff2ff5a9d7ff783a.jpg,00537_png.rf.09d558a8718f513cff2ff5a9d7ff783a,0,,,,,
validation,Leaf-Diseases,disease,D:\gemma4\segmentation_lattuce-desease\Roboflow_Dataset\validation\Leaf-Diseases\00538_png.rf.14e21af18766fd17e719fb5a10565d3a.jpg,00538_png.rf.14e21af18766fd17e719fb5a10565d3a,0,,,,,
validation,Leaf-Diseases,disease,D:\gemma4\segmentation_lattuce-desease\Roboflow_Dataset\validation\Leaf-Diseases\00539_png.rf.e1657e1cb75f2e9d1e5f5b368b2c4c1d.jpg,00539_png.rf.e1657e1cb75f2e9d1e5f5b368b2c4c1d,0,,,,,
validation,Leaf-Diseases,disease,D:\gemma4\segmentation_lattuce-desease\Roboflow_Dataset\validation\Leaf-Diseases\00540_png.rf.4f897b4ac5475a2c146e48b3e3f32b5f.jpg,00540_png.rf.4f897b4ac5475a2c146e48b3e3f32b5f,0,,,,,
validation,Leaf-Diseases,disease,D:\gemma4\segmentation_lattuce-desease\Roboflow_Dataset\validation\Leaf-Diseases\00541_png.rf.a4e71b062fc65633d9a35d5c21493360.jpg,00541_png.rf.a4e71b062fc65633d9a35d5c21493360,0,,,,,
validation,Leaf-Diseases,disease,D:\gemma4\segmentation_lattuce-desease\Roboflow_Dataset\validation\Leaf-Diseases\00542_png.rf.ce17e3c94a427deaf322b0a181925361.jpg,00542_png.rf.ce17e3c94a427deaf322b0a181925361,0,,,,,
validation,Leaf-Diseases,disease,D:\gemma4\segmentation_lattuce-desease\Roboflow_Dataset\validation\Leaf-Diseases\00543_png.rf.9e48ada1e1ef62aa48fb2aa599218715.jpg,00543_png.rf.9e48ada1e1ef62aa48fb2aa599218715,0,,,,,
validation,Leaf-Diseases,disease,D:\gemma4\segmentation_lattuce-desease\Roboflow_Dataset\validation\Leaf-Diseases\00544_png.rf.a98cf445f390e83b73956fbc0538f7e0.jpg,00544_png.rf.a98cf445f390e83b73956fbc0538f7e0,0,,,,,
validation,Leaf-Diseases,disease,D:\gemma4\segmentation_lattuce-desease\Roboflow_Dataset\validation\Leaf-Diseases\00545_png.rf.c4e36e3b8543abb277611a032e8c66cd.jpg,00545_png.rf.c4e36e3b8543abb277611a032e8c66cd,0,,,,,
validation,Leaf-Diseases,disease,D:\gemma4\segmentation_lattuce-desease\Roboflow_Dataset\validation\Leaf-Diseases\00546_png.rf.071ecdecc9b52e437372c9efe58aefe9.jpg,00546_png.rf.071ecdecc9b52e437372c9efe58aefe9,0,,,,,
validation,Leaf-Diseases,disease,D:\gemma4\segmentation_lattuce-desease\Roboflow_Dataset\validation\Leaf-Diseases\00547_png.rf.dccdcf23058e30590cde0b76d9f4cb6c.jpg,00547_png.rf.dccdcf23058e30590cde0b76d9f4cb6c,0,,,,,
validation,Leaf-Diseases,disease,D:\gemma4\segmentation_lattuce-desease\Roboflow_Dataset\validation\Leaf-Diseases\00548_png.rf.20dcbbb88dc3d32011e015fe81c2daa4.jpg,00548_png.rf.20dcbbb88dc3d32011e015fe81c2daa4,0,,,,,
validation,Leaf-Diseases,disease,D:\gemma4\segmentation_lattuce-desease\Roboflow_Dataset\validation\Leaf-Diseases\00549_png.rf.1e658bd2022b161758e4ffd595124484.jpg,00549_png.rf.1e658bd2022b161758e4ffd595124484,0,,,,,
validation,Leaf-Diseases,disease,D:\gemma4\segmentation_lattuce-desease\Roboflow_Dataset\validation\Leaf-Diseases\00550_png.rf.7900dc5350640ba15e30b1781470d880.jpg,00550_png.rf.7900dc5350640ba15e30b1781470d880,0,,,,,
validation,Leaf-Diseases,disease,D:\gemma4\segmentation_lattuce-desease\Roboflow_Dataset\validation\Leaf-Diseases\00551_png.rf.7a7989ab56bd5792840d446200f1cbbc.jpg,00551_png.rf.7a7989ab56bd5792840d446200f1cbbc,0,,,,,
validation,Leaf-Diseases,disease,D:\gemma4\segmentation_lattuce-desease\Roboflow_Dataset\validation\Leaf-Diseases\00552_png.rf.9bb1415a698ac61fdd03153a5dd20823.jpg,00552_png.rf.9bb1415a698ac61fdd03153a5dd20823,0,,,,,
validation,Leaf-Diseases,disease,D:\gemma4\segmentation_lattuce-desease\Roboflow_Dataset\validation\Leaf-Diseases\00553_png.rf.03adb64a3bf80385051906b0091f5116.jpg,00553_png.rf.03adb64a3bf80385051906b0091f5116,0,,,,,
validation,Leaf-Diseases,disease,D:\gemma4\segmentation_lattuce-desease\Roboflow_Dataset\validation\Leaf-Diseases\00554_png.rf.b34f378c0adb5db1b01a581fa6508c8c.jpg,00554_png.rf.b34f378c0adb5db1b01a581fa6508c8c,0,,,,,
validation,Leaf-Diseases,disease,D:\gemma4\segmentation_lattuce-desease\Roboflow_Dataset\validation\Leaf-Diseases\00555_png.rf.80add102347e89bcb8e75f23dd7fdb79.jpg,00555_png.rf.80add102347e89bcb8e75f23dd7fdb79,0,,,,,
validation,Leaf-Diseases,disease,D:\gemma4\segmentation_lattuce-desease\Roboflow_Dataset\validation\Leaf-Diseases\00556_png.rf.eee561584e1944133acb60db391a34d6.jpg,00556_png.rf.eee561584e1944133acb60db391a34d6,0,,,,,
test,HLTY,healthy,D:\gemma4\segmentation_lattuce-desease\Roboflow_Dataset\test\HLTY\HLTY_1024.JPG,HLTY_1024,0,,,,,
test,HLTY,healthy,D:\gemma4\segmentation_lattuce-desease\Roboflow_Dataset\test\HLTY\HLTY_1025.JPG,HLTY_1025,0,,,,,
test,HLTY,healthy,D:\gemma4\segmentation_lattuce-desease\Roboflow_Dataset\test\HLTY\HLTY_1037.JPG,HLTY_1037,0,,,,,
test,HLTY,healthy,D:\gemma4\segmentation_lattuce-desease\Roboflow_Dataset\test\HLTY\HLTY_1043.JPG,HLTY_1043,0,,,,,
test,HLTY,healthy,D:\gemma4\segmentation_lattuce-desease\Roboflow_Dataset\test\HLTY\HLTY_1046.JPG,HLTY_1046,0,,,,,
test,HLTY,healthy,D:\gemma4\segmentation_lattuce-desease\Roboflow_Dataset\test\HLTY\HLTY_105.jpg,HLTY_105,0,,,,,
test,HLTY,healthy,D:\gemma4\segmentation_lattuce-desease\Roboflow_Dataset\test\HLTY\HLTY_1050.JPG,HLTY_1050,0,,,,,
test,HLTY,healthy,D:\gemma4\segmentation_lattuce-desease\Roboflow_Dataset\test\HLTY\HLTY_1057.JPG,HLTY_1057,0,,,,,
test,HLTY,healthy,D:\gemma4\segmentation_lattuce-desease\Roboflow_Dataset\test\HLTY\HLTY_1066.JPG,HLTY_1066,0,,,,,
test,HLTY,healthy,D:\gemma4\segmentation_lattuce-desease\Roboflow_Dataset\test\HLTY\HLTY_1068.JPG,HLTY_1068,0,,,,,
test,HLTY,healthy,D:\gemma4\segmentation_lattuce-desease\Roboflow_Dataset\test\HLTY\HLTY_1084.JPG,HLTY_1084,0,,,,,
test,HLTY,healthy,D:\gemma4\segmentation_lattuce-desease\Roboflow_Dataset\test\HLTY\HLTY_1088.JPG,HLTY_1088,0,,,,,
test,HLTY,healthy,D:\gemma4\segmentation_lattuce-desease\Roboflow_Dataset\test\HLTY\HLTY_1089.JPG,HLTY_1089,0,,,,,
test,HLTY,healthy,D:\gemma4\segmentation_lattuce-desease\Roboflow_Dataset\test\HLTY\HLTY_1094.JPG,HLTY_1094,0,,,,,
test,HLTY,healthy,D:\gemma4\segmentation_lattuce-desease\Roboflow_Dataset\test\HLTY\HLTY_1096.JPG,HLTY_1096,0,,,,,
test,HLTY,healthy,D:\gemma4\segmentation_lattuce-desease\Roboflow_Dataset\test\HLTY\HLTY_1121.JPG,HLTY_1121,0,,,,,
test,HLTY,healthy,D:\gemma4\segmentation_lattuce-desease\Roboflow_Dataset\test\HLTY\HLTY_144.JPG,HLTY_144,0,,,,,
test,HLTY,healthy,D:\gemma4\segmentation_lattuce-desease\Roboflow_Dataset\test\HLTY\HLTY_148.JPG,HLTY_148,0,,,,,
test,HLTY,healthy,D:\gemma4\segmentation_lattuce-desease\Roboflow_Dataset\test\HLTY\HLTY_160.JPG,HLTY_160,0,,,,,
test,HLTY,healthy,D:\gemma4\segmentation_lattuce-desease\Roboflow_Dataset\test\HLTY\HLTY_166.JPG,HLTY_166,0,,,,,
test,HLTY,healthy,D:\gemma4\segmentation_lattuce-desease\Roboflow_Dataset\test\HLTY\HLTY_167.JPG,HLTY_167,0,,,,,
test,HLTY,healthy,D:\gemma4\segmentation_lattuce-desease\Roboflow_Dataset\test\HLTY\HLTY_175.JPG,HLTY_175,0,,,,,
test,HLTY,healthy,D:\gemma4\segmentation_lattuce-desease\Roboflow_Dataset\test\HLTY\HLTY_186.JPG,HLTY_186,0,,,,,
test,HLTY,healthy,D:\gemma4\segmentation_lattuce-desease\Roboflow_Dataset\test\HLTY\HLTY_196.JPG,HLTY_196,0,,,,,
test,HLTY,healthy,D:\gemma4\segmentation_lattuce-desease\Roboflow_Dataset\test\HLTY\HLTY_206.JPG,HLTY_206,0,,,,,
test,HLTY,healthy,D:\gemma4\segmentation_lattuce-desease\Roboflow_Dataset\test\HLTY\HLTY_207.JPG,HLTY_207,0,,,,,
test,HLTY,healthy,D:\gemma4\segmentation_lattuce-desease\Roboflow_Dataset\test\HLTY\HLTY_226.JPG,HLTY_226,0,,,,,
test,HLTY,healthy,D:\gemma4\segmentation_lattuce-desease\Roboflow_Dataset\test\HLTY\HLTY_230.JPG,HLTY_230,0,,,,,
test,HLTY,healthy,D:\gemma4\segmentation_lattuce-desease\Roboflow_Dataset\test\HLTY\HLTY_25.JPG,HLTY_25,0,,,,,
test,HLTY,healthy,D:\gemma4\segmentation_lattuce-desease\Roboflow_Dataset\test\HLTY\HLTY_254.JPG,HLTY_254,0,,,,,
test,HLTY,healthy,D:\gemma4\segmentation_lattuce-desease\Roboflow_Dataset\test\HLTY\HLTY_256.JPG,HLTY_256,0,,,,,
test,HLTY,healthy,D:\gemma4\segmentation_lattuce-desease\Roboflow_Dataset\test\HLTY\HLTY_266.JPG,HLTY_266,0,,,,,
test,HLTY,healthy,D:\gemma4\segmentation_lattuce-desease\Roboflow_Dataset\test\HLTY\HLTY_288.JPG,HLTY_288,0,,,,,
test,HLTY,healthy,D:\gemma4\segmentation_lattuce-desease\Roboflow_Dataset\test\HLTY\HLTY_306.JPG,HLTY_306,0,,,,,
test,HLTY,healthy,D:\gemma4\segmentation_lattuce-desease\Roboflow_Dataset\test\HLTY\HLTY_314.JPG,HLTY_314,0,,,,,
test,HLTY,healthy,D:\gemma4\segmentation_lattuce-desease\Roboflow_Dataset\test\HLTY\HLTY_321.JPG,HLTY_321,0,,,,,
test,HLTY,healthy,D:\gemma4\segmentation_lattuce-desease\Roboflow_Dataset\test\HLTY\HLTY_33.JPG,HLTY_33,0,,,,,
test,HLTY,healthy,D:\gemma4\segmentation_lattuce-desease\Roboflow_Dataset\test\HLTY\HLTY_342.JPG,HLTY_342,0,,,,,
test,HLTY,healthy,D:\gemma4\segmentation_lattuce-desease\Roboflow_Dataset\test\HLTY\HLTY_358.JPG,HLTY_358,0,,,,,
test,HLTY,healthy,D:\gemma4\segmentation_lattuce-desease\Roboflow_Dataset\test\HLTY\HLTY_366.JPG,HLTY_366,0,,,,,
test,HLTY,healthy,D:\gemma4\segmentation_lattuce-desease\Roboflow_Dataset\test\HLTY\HLTY_369.JPG,HLTY_369,0,,,,,
test,HLTY,healthy,D:\gemma4\segmentation_lattuce-desease\Roboflow_Dataset\test\HLTY\HLTY_370.JPG,HLTY_370,0,,,,,
test,HLTY,healthy,D:\gemma4\segmentation_lattuce-desease\Roboflow_Dataset\test\HLTY\HLTY_375.JPG,HLTY_375,0,,,,,
test,HLTY,healthy,D:\gemma4\segmentation_lattuce-desease\Roboflow_Dataset\test\HLTY\HLTY_377.JPG,HLTY_377,0,,,,,
test,HLTY,healthy,D:\gemma4\segmentation_lattuce-desease\Roboflow_Dataset\test\HLTY\HLTY_378.JPG,HLTY_378,0,,,,,
test,HLTY,healthy,D:\gemma4\segmentation_lattuce-desease\Roboflow_Dataset\test\HLTY\HLTY_386.JPG,HLTY_386,0,,,,,
test,HLTY,healthy,D:\gemma4\segmentation_lattuce-desease\Roboflow_Dataset\test\HLTY\HLTY_405.JPG,HLTY_405,0,,,,,
test,HLTY,healthy,D:\gemma4\segmentation_lattuce-desease\Roboflow_Dataset\test\HLTY\HLTY_420.JPG,HLTY_420,0,,,,,
test,HLTY,healthy,D:\gemma4\segmentation_lattuce-desease\Roboflow_Dataset\test\HLTY\HLTY_424.JPG,HLTY_424,0,,,,,
test,HLTY,healthy,D:\gemma4\segmentation_lattuce-desease\Roboflow_Dataset\test\HLTY\HLTY_425.JPG,HLTY_425,0,,,,,
test,HLTY,healthy,D:\gemma4\segmentation_lattuce-desease\Roboflow_Dataset\test\HLTY\HLTY_441.JPG,HLTY_441,0,,,,,
test,HLTY,healthy,D:\gemma4\segmentation_lattuce-desease\Roboflow_Dataset\test\HLTY\HLTY_467.JPG,HLTY_467,0,,,,,
test,HLTY,healthy,D:\gemma4\segmentation_lattuce-desease\Roboflow_Dataset\test\HLTY\HLTY_476.JPG,HLTY_476,0,,,,,
test,HLTY,healthy,D:\gemma4\segmentation_lattuce-desease\Roboflow_Dataset\test\HLTY\HLTY_477.JPG,HLTY_477,0,,,,,
test,HLTY,healthy,D:\gemma4\segmentation_lattuce-desease\Roboflow_Dataset\test\HLTY\HLTY_482.JPG,HLTY_482,0,,,,,
test,HLTY,healthy,D:\gemma4\segmentation_lattuce-desease\Roboflow_Dataset\test\HLTY\HLTY_5.JPG,HLTY_5,0,,,,,
test,HLTY,healthy,D:\gemma4\segmentation_lattuce-desease\Roboflow_Dataset\test\HLTY\HLTY_500.JPG,HLTY_500,0,,,,,
test,HLTY,healthy,D:\gemma4\segmentation_lattuce-desease\Roboflow_Dataset\test\HLTY\HLTY_508.JPG,HLTY_508,0,,,,,
test,HLTY,healthy,D:\gemma4\segmentation_lattuce-desease\Roboflow_Dataset\test\HLTY\HLTY_510.JPG,HLTY_510,0,,,,,
test,HLTY,healthy,D:\gemma4\segmentation_lattuce-desease\Roboflow_Dataset\test\HLTY\HLTY_513.JPG,HLTY_513,0,,,,,
test,HLTY,healthy,D:\gemma4\segmentation_lattuce-desease\Roboflow_Dataset\test\HLTY\HLTY_516.JPG,HLTY_516,0,,,,,
test,HLTY,healthy,D:\gemma4\segmentation_lattuce-desease\Roboflow_Dataset\test\HLTY\HLTY_518.JPG,HLTY_518,0,,,,,
test,HLTY,healthy,D:\gemma4\segmentation_lattuce-desease\Roboflow_Dataset\test\HLTY\HLTY_519.JPG,HLTY_519,0,,,,,
test,HLTY,healthy,D:\gemma4\segmentation_lattuce-desease\Roboflow_Dataset\test\HLTY\HLTY_532.JPG,HLTY_532,0,,,,,
test,HLTY,healthy,D:\gemma4\segmentation_lattuce-desease\Roboflow_Dataset\test\HLTY\HLTY_548.JPG,HLTY_548,0,,,,,
test,HLTY,healthy,D:\gemma4\segmentation_lattuce-desease\Roboflow_Dataset\test\HLTY\HLTY_555.JPG,HLTY_555,0,,,,,
test,HLTY,healthy,D:\gemma4\segmentation_lattuce-desease\Roboflow_Dataset\test\HLTY\HLTY_556.JPG,HLTY_556,0,,,,,
test,HLTY,healthy,D:\gemma4\segmentation_lattuce-desease\Roboflow_Dataset\test\HLTY\HLTY_568.jpg,HLTY_568,0,,,,,
test,HLTY,healthy,D:\gemma4\segmentation_lattuce-desease\Roboflow_Dataset\test\HLTY\HLTY_575.JPG,HLTY_575,0,,,,,
test,HLTY,healthy,D:\gemma4\segmentation_lattuce-desease\Roboflow_Dataset\test\HLTY\HLTY_596.JPG,HLTY_596,0,,,,,
test,HLTY,healthy,D:\gemma4\segmentation_lattuce-desease\Roboflow_Dataset\test\HLTY\HLTY_601.JPG,HLTY_601,0,,,,,
test,HLTY,healthy,D:\gemma4\segmentation_lattuce-desease\Roboflow_Dataset\test\HLTY\HLTY_610.JPG,HLTY_610,0,,,,,
test,HLTY,healthy,D:\gemma4\segmentation_lattuce-desease\Roboflow_Dataset\test\HLTY\HLTY_613.JPG,HLTY_613,0,,,,,
test,HLTY,healthy,D:\gemma4\segmentation_lattuce-desease\Roboflow_Dataset\test\HLTY\HLTY_628.JPG,HLTY_628,0,,,,,
test,HLTY,healthy,D:\gemma4\segmentation_lattuce-desease\Roboflow_Dataset\test\HLTY\HLTY_629.JPG,HLTY_629,0,,,,,
test,HLTY,healthy,D:\gemma4\segmentation_lattuce-desease\Roboflow_Dataset\test\HLTY\HLTY_64.JPG,HLTY_64,0,,,,,
test,HLTY,healthy,D:\gemma4\segmentation_lattuce-desease\Roboflow_Dataset\test\HLTY\HLTY_641.JPG,HLTY_641,0,,,,,
test,HLTY,healthy,D:\gemma4\segmentation_lattuce-desease\Roboflow_Dataset\test\HLTY\HLTY_654.JPG,HLTY_654,0,,,,,
test,HLTY,healthy,D:\gemma4\segmentation_lattuce-desease\Roboflow_Dataset\test\HLTY\HLTY_655.JPG,HLTY_655,0,,,,,
test,HLTY,healthy,D:\gemma4\segmentation_lattuce-desease\Roboflow_Dataset\test\HLTY\HLTY_667.JPG,HLTY_667,0,,,,,
test,HLTY,healthy,D:\gemma4\segmentation_lattuce-desease\Roboflow_Dataset\test\HLTY\HLTY_672.JPG,HLTY_672,0,,,,,
test,HLTY,healthy,D:\gemma4\segmentation_lattuce-desease\Roboflow_Dataset\test\HLTY\HLTY_676.JPG,HLTY_676,0,,,,,
test,HLTY,healthy,D:\gemma4\segmentation_lattuce-desease\Roboflow_Dataset\test\HLTY\HLTY_683.JPG,HLTY_683,0,,,,,
test,HLTY,healthy,D:\gemma4\segmentation_lattuce-desease\Roboflow_Dataset\test\HLTY\HLTY_691.JPG,HLTY_691,0,,,,,
test,HLTY,healthy,D:\gemma4\segmentation_lattuce-desease\Roboflow_Dataset\test\HLTY\HLTY_693.JPG,HLTY_693,0,,,,,
test,HLTY,healthy,D:\gemma4\segmentation_lattuce-desease\Roboflow_Dataset\test\HLTY\HLTY_709.JPG,HLTY_709,0,,,,,
test,HLTY,healthy,D:\gemma4\segmentation_lattuce-desease\Roboflow_Dataset\test\HLTY\HLTY_710.JPG,HLTY_710,0,,,,,
test,HLTY,healthy,D:\gemma4\segmentation_lattuce-desease\Roboflow_Dataset\test\HLTY\HLTY_726.JPG,HLTY_726,0,,,,,
test,HLTY,healthy,D:\gemma4\segmentation_lattuce-desease\Roboflow_Dataset\test\HLTY\HLTY_730.JPG,HLTY_730,0,,,,,
test,HLTY,healthy,D:\gemma4\segmentation_lattuce-desease\Roboflow_Dataset\test\HLTY\HLTY_747.JPG,HLTY_747,0,,,,,
test,HLTY,healthy,D:\gemma4\segmentation_lattuce-desease\Roboflow_Dataset\test\HLTY\HLTY_758.JPG,HLTY_758,0,,,,,
test,HLTY,healthy,D:\gemma4\segmentation_lattuce-desease\Roboflow_Dataset\test\HLTY\HLTY_766.JPG,HLTY_766,0,,,,,
test,HLTY,healthy,D:\gemma4\segmentation_lattuce-desease\Roboflow_Dataset\test\HLTY\HLTY_787.JPG,HLTY_787,0,,,,,
test,HLTY,healthy,D:\gemma4\segmentation_lattuce-desease\Roboflow_Dataset\test\HLTY\HLTY_789.JPG,HLTY_789,0,,,,,
test,HLTY,healthy,D:\gemma4\segmentation_lattuce-desease\Roboflow_Dataset\test\HLTY\HLTY_794.JPG,HLTY_794,0,,,,,
test,HLTY,healthy,D:\gemma4\segmentation_lattuce-desease\Roboflow_Dataset\test\HLTY\HLTY_806.JPG,HLTY_806,0,,,,,
test,HLTY,healthy,D:\gemma4\segmentation_lattuce-desease\Roboflow_Dataset\test\HLTY\HLTY_815.JPG,HLTY_815,0,,,,,
test,HLTY,healthy,D:\gemma4\segmentation_lattuce-desease\Roboflow_Dataset\test\HLTY\HLTY_816.JPG,HLTY_816,0,,,,,
test,HLTY,healthy,D:\gemma4\segmentation_lattuce-desease\Roboflow_Dataset\test\HLTY\HLTY_844.JPG,HLTY_844,0,,,,,
test,HLTY,healthy,D:\gemma4\segmentation_lattuce-desease\Roboflow_Dataset\test\HLTY\HLTY_862.JPG,HLTY_862,0,,,,,
test,HLTY,healthy,D:\gemma4\segmentation_lattuce-desease\Roboflow_Dataset\test\HLTY\HLTY_874.JPG,HLTY_874,0,,,,,
test,HLTY,healthy,D:\gemma4\segmentation_lattuce-desease\Roboflow_Dataset\test\HLTY\HLTY_881.JPG,HLTY_881,0,,,,,
test,HLTY,healthy,D:\gemma4\segmentation_lattuce-desease\Roboflow_Dataset\test\HLTY\HLTY_888.JPG,HLTY_888,0,,,,,
test,HLTY,healthy,D:\gemma4\segmentation_lattuce-desease\Roboflow_Dataset\test\HLTY\HLTY_893.JPG,HLTY_893,0,,,,,
test,HLTY,healthy,D:\gemma4\segmentation_lattuce-desease\Roboflow_Dataset\test\HLTY\HLTY_911.JPG,HLTY_911,0,,,,,
test,HLTY,healthy,D:\gemma4\segmentation_lattuce-desease\Roboflow_Dataset\test\HLTY\HLTY_913.JPG,HLTY_913,0,,,,,
test,HLTY,healthy,D:\gemma4\segmentation_lattuce-desease\Roboflow_Dataset\test\HLTY\HLTY_914.JPG,HLTY_914,0,,,,,
test,HLTY,healthy,D:\gemma4\segmentation_lattuce-desease\Roboflow_Dataset\test\HLTY\HLTY_936.JPG,HLTY_936,0,,,,,
test,HLTY,healthy,D:\gemma4\segmentation_lattuce-desease\Roboflow_Dataset\test\HLTY\HLTY_942.JPG,HLTY_942,0,,,,,
test,HLTY,healthy,D:\gemma4\segmentation_lattuce-desease\Roboflow_Dataset\test\HLTY\HLTY_954.JPG,HLTY_954,0,,,,,
test,HLTY,healthy,D:\gemma4\segmentation_lattuce-desease\Roboflow_Dataset\test\HLTY\HLTY_981.JPG,HLTY_981,0,,,,,
test,HLTY,healthy,D:\gemma4\segmentation_lattuce-desease\Roboflow_Dataset\test\HLTY\HLTY_993.JPG,HLTY_993,0,,,,,
test,HLTY,healthy,D:\gemma4\segmentation_lattuce-desease\Roboflow_Dataset\test\HLTY\HLTY_997.JPG,HLTY_997,0,,,,,
test,Leaf-Diseases,disease,D:\gemma4\segmentation_lattuce-desease\Roboflow_Dataset\test\Leaf-Diseases\00557_png.rf.f2e2b12bcbba3771d1155fdeb954e39e.jpg,00557_png.rf.f2e2b12bcbba3771d1155fdeb954e39e,0,,,,,
test,Leaf-Diseases,disease,D:\gemma4\segmentation_lattuce-desease\Roboflow_Dataset\test\Leaf-Diseases\00558_png.rf.a86e69f5e24ce368416b1fdf34600db0.jpg,00558_png.rf.a86e69f5e24ce368416b1fdf34600db0,0,,,,,
test,Leaf-Diseases,disease,D:\gemma4\segmentation_lattuce-desease\Roboflow_Dataset\test\Leaf-Diseases\00559_png.rf.be9de28db750d400a7525b65689f4077.jpg,00559_png.rf.be9de28db750d400a7525b65689f4077,0,,,,,
test,Leaf-Diseases,disease,D:\gemma4\segmentation_lattuce-desease\Roboflow_Dataset\test\Leaf-Diseases\00560_png.rf.695c62ce4cf243c15895b943cede82eb.jpg,00560_png.rf.695c62ce4cf243c15895b943cede82eb,0,,,,,
test,Leaf-Diseases,disease,D:\gemma4\segmentation_lattuce-desease\Roboflow_Dataset\test\Leaf-Diseases\00561_png.rf.6395d0dfbfb35363cd819017be40379e.jpg,00561_png.rf.6395d0dfbfb35363cd819017be40379e,0,,,,,
test,Leaf-Diseases,disease,D:\gemma4\segmentation_lattuce-desease\Roboflow_Dataset\test\Leaf-Diseases\00562_png.rf.477294207e9491f9ea76f40df513586e.jpg,00562_png.rf.477294207e9491f9ea76f40df513586e,0,,,,,
test,Leaf-Diseases,disease,D:\gemma4\segmentation_lattuce-desease\Roboflow_Dataset\test\Leaf-Diseases\00563_png.rf.5dea672750db5177d57550c0759d198b.jpg,00563_png.rf.5dea672750db5177d57550c0759d198b,0,,,,,
test,Leaf-Diseases,disease,D:\gemma4\segmentation_lattuce-desease\Roboflow_Dataset\test\Leaf-Diseases\00564_png.rf.dc9d426b9b1659f4ddfa011b30c1262d.jpg,00564_png.rf.dc9d426b9b1659f4ddfa011b30c1262d,0,,,,,
test,Leaf-Diseases,disease,D:\gemma4\segmentation_lattuce-desease\Roboflow_Dataset\test\Leaf-Diseases\00565_png.rf.90b5dc5e5ba5599a7104c7f045a182f8.jpg,00565_png.rf.90b5dc5e5ba5599a7104c7f045a182f8,0,,,,,
test,Leaf-Diseases,disease,D:\gemma4\segmentation_lattuce-desease\Roboflow_Dataset\test\Leaf-Diseases\00566_png.rf.53f8ab868a5af2dd99c34b3d90270321.jpg,00566_png.rf.53f8ab868a5af2dd99c34b3d90270321,0,,,,,
test,Leaf-Diseases,disease,D:\gemma4\segmentation_lattuce-desease\Roboflow_Dataset\test\Leaf-Diseases\00567_png.rf.8f78a1b813c5f0d7636a3aac32b89ce5.jpg,00567_png.rf.8f78a1b813c5f0d7636a3aac32b89ce5,0,,,,,
test,Leaf-Diseases,disease,D:\gemma4\segmentation_lattuce-desease\Roboflow_Dataset\test\Leaf-Diseases\00568_png.rf.8b392dd50b0676bf4ec6ab47ae8aacc7.jpg,00568_png.rf.8b392dd50b0676bf4ec6ab47ae8aacc7,0,,,,,
test,Leaf-Diseases,disease,D:\gemma4\segmentation_lattuce-desease\Roboflow_Dataset\test\Leaf-Diseases\00569_png.rf.28bb3a21f1dc43505d6a0a8b09e613e1.jpg,00569_png.rf.28bb3a21f1dc43505d6a0a8b09e613e1,0,,,,,
test,Leaf-Diseases,disease,D:\gemma4\segmentation_lattuce-desease\Roboflow_Dataset\test\Leaf-Diseases\00570_png.rf.362d243c6d76765b0b9db929e2534e1d.jpg,00570_png.rf.362d243c6d76765b0b9db929e2534e1d,0,,,,,
test,Leaf-Diseases,disease,D:\gemma4\segmentation_lattuce-desease\Roboflow_Dataset\test\Leaf-Diseases\00571_png.rf.30fad3ec7c6acb4a4d53e8793f5f2aee.jpg,00571_png.rf.30fad3ec7c6acb4a4d53e8793f5f2aee,0,,,,,
test,Leaf-Diseases,disease,D:\gemma4\segmentation_lattuce-desease\Roboflow_Dataset\test\Leaf-Diseases\00572_png.rf.6e3805360970a26506daa6ec05212333.jpg,00572_png.rf.6e3805360970a26506daa6ec05212333,0,,,,,
test,Leaf-Diseases,disease,D:\gemma4\segmentation_lattuce-desease\Roboflow_Dataset\test\Leaf-Diseases\00573_png.rf.4c106df429850e7e413fe88a95f0ae0c.jpg,00573_png.rf.4c106df429850e7e413fe88a95f0ae0c,0,,,,,
test,Leaf-Diseases,disease,D:\gemma4\segmentation_lattuce-desease\Roboflow_Dataset\test\Leaf-Diseases\00574_png.rf.32095b2d399835db4730aa29ed118f8d.jpg,00574_png.rf.32095b2d399835db4730aa29ed118f8d,0,,,,,
test,Leaf-Diseases,disease,D:\gemma4\segmentation_lattuce-desease\Roboflow_Dataset\test\Leaf-Diseases\00575_png.rf.af1520eb34d3c2044f5f1c7a1e498ba0.jpg,00575_png.rf.af1520eb34d3c2044f5f1c7a1e498ba0,0,,,,,
test,Leaf-Diseases,disease,D:\gemma4\segmentation_lattuce-desease\Roboflow_Dataset\test\Leaf-Diseases\00576_png.rf.85a6e4abc9802e6e0f8bafff4e7007e9.jpg,00576_png.rf.85a6e4abc9802e6e0f8bafff4e7007e9,0,,,,,
test,Leaf-Diseases,disease,D:\gemma4\segmentation_lattuce-desease\Roboflow_Dataset\test\Leaf-Diseases\00577_png.rf.1323e2237458d8dbe6559354a4ce7c52.jpg,00577_png.rf.1323e2237458d8dbe6559354a4ce7c52,0,,,,,
test,Leaf-Diseases,disease,D:\gemma4\segmentation_lattuce-desease\Roboflow_Dataset\test\Leaf-Diseases\00578_png.rf.bd042f6dac2c90422546279f959ed2d5.jpg,00578_png.rf.bd042f6dac2c90422546279f959ed2d5,0,,,,,
test,Leaf-Diseases,disease,D:\gemma4\segmentation_lattuce-desease\Roboflow_Dataset\test\Leaf-Diseases\00579_png.rf.30bd560a2455a380126332e2137ca161.jpg,00579_png.rf.30bd560a2455a380126332e2137ca161,0,,,,,
test,Leaf-Diseases,disease,D:\gemma4\segmentation_lattuce-desease\Roboflow_Dataset\test\Leaf-Diseases\00580_png.rf.770cffb68feb2609ab8e903a33ddd02f.jpg,00580_png.rf.770cffb68feb2609ab8e903a33ddd02f,0,,,,,
test,Leaf-Diseases,disease,D:\gemma4\segmentation_lattuce-desease\Roboflow_Dataset\test\Leaf-Diseases\00581_png.rf.6a32cfe9b94e8afea0ec18317027d752.jpg,00581_png.rf.6a32cfe9b94e8afea0ec18317027d752,0,,,,,
test,Leaf-Diseases,disease,D:\gemma4\segmentation_lattuce-desease\Roboflow_Dataset\test\Leaf-Diseases\00582_png.rf.9d6e8883415cdee6c4eb737c7927a041.jpg,00582_png.rf.9d6e8883415cdee6c4eb737c7927a041,0,,,,,
test,Leaf-Diseases,disease,D:\gemma4\segmentation_lattuce-desease\Roboflow_Dataset\test\Leaf-Diseases\00583_png.rf.ce9e20e2d70972488fb5027422b65c89.jpg,00583_png.rf.ce9e20e2d70972488fb5027422b65c89,0,,,,,
test,Leaf-Diseases,disease,D:\gemma4\segmentation_lattuce-desease\Roboflow_Dataset\test\Leaf-Diseases\00584_png.rf.76cb112f46faefffc618011cf8832f8b.jpg,00584_png.rf.76cb112f46faefffc618011cf8832f8b,0,,,,,
test,Leaf-Diseases,disease,D:\gemma4\segmentation_lattuce-desease\Roboflow_Dataset\test\Leaf-Diseases\00585_png.rf.53b6bce720bff2580f690a1a2ab171aa.jpg,00585_png.rf.53b6bce720bff2580f690a1a2ab171aa,0,,,,,
test,Leaf-Diseases,disease,D:\gemma4\segmentation_lattuce-desease\Roboflow_Dataset\test\Leaf-Diseases\00586_png.rf.f9877913d64ef1aac0ccfbe72bb40ca7.jpg,00586_png.rf.f9877913d64ef1aac0ccfbe72bb40ca7,0,,,,,
test,Leaf-Diseases,disease,D:\gemma4\segmentation_lattuce-desease\Roboflow_Dataset\test\Leaf-Diseases\00587_png.rf.eb67507f5d6d62ac88ebbe06c751919f.jpg,00587_png.rf.eb67507f5d6d62ac88ebbe06c751919f,0,,,,,
